season,holiday,workingday,weather,temp,atemp,humidity,windspeed,year,month,day,hour,dayofweek,is_weekend,temp_bin,humidity_bin,count
4,0,1,1,25.42,31.06,46,27.9993,2011,11,14,16,0,0,2,1,315
2,0,0,1,24.6,29.545,18,30.0026,2012,4,8,14,6,1,2,0,503
3,0,0,1,30.34,35.605,74,19.9995,2012,8,5,7,6,1,3,2,68
1,0,1,1,8.2,12.88,40,0.0,2011,3,3,22,3,0,0,0,53
4,0,0,3,16.4,20.455,87,11.0014,2012,12,9,8,6,1,1,2,69
1,0,1,2,21.32,25.0,59,15.0013,2012,3,13,1,1,0,2,1,16
3,0,1,3,22.14,25.76,94,26.0027,2011,9,6,15,1,0,2,2,89
1,0,0,2,17.22,21.21,88,7.0015,2012,3,18,8,6,1,1,2,96
2,0,1,1,22.96,26.515,64,23.9994,2011,6,15,0,2,0,2,1,52
2,0,1,1,20.5,24.24,51,27.9993,2012,5,10,10,3,0,2,1,154
4,0,0,2,13.94,17.425,87,6.0032,2012,12,16,2,6,1,1,2,87
3,0,1,1,36.9,40.15,33,16.9979,2012,7,6,18,4,0,3,0,560
4,0,1,1,22.96,26.515,64,19.9995,2011,11,14,23,0,0,2,1,61
2,0,1,1,26.24,30.305,73,12.998,2012,5,16,21,2,0,2,2,393
4,0,1,1,19.68,23.485,33,19.0012,2012,12,5,15,2,0,1,0,285
4,0,1,1,20.5,24.24,72,8.9981,2011,10,4,22,1,0,2,2,114
4,0,1,1,15.58,19.695,46,12.998,2011,12,19,17,0,0,1,1,378
4,0,0,2,13.12,15.15,49,19.9995,2012,11,3,4,5,1,1,1,16
4,0,1,1,13.94,18.18,87,0.0,2011,11,2,9,2,0,1,2,228
2,0,0,1,23.78,27.275,49,0.0,2011,5,8,18,6,1,2,1,268
3,0,1,1,31.16,35.605,62,0.0,2011,7,13,0,2,0,3,1,46
2,0,1,1,18.04,21.97,62,16.9979,2011,4,13,20,2,0,1,1,126
4,0,0,1,11.48,12.88,56,22.0028,2011,11,5,4,5,1,1,1,8
1,0,0,1,7.38,9.85,47,8.9981,2011,1,16,19,6,1,0,1,61
1,0,1,1,25.42,31.06,46,8.9981,2011,3,18,20,4,0,2,1,149
3,0,1,1,22.96,26.515,88,0.0,2011,9,12,1,0,0,2,2,12
2,0,1,2,21.32,25.0,83,15.0013,2012,6,18,3,0,0,2,2,4
3,0,1,1,29.52,34.09,70,8.9981,2012,8,1,21,2,0,2,1,320
4,0,1,2,21.32,25.0,63,0.0,2012,10,1,9,0,0,2,1,340
3,0,1,3,22.14,25.76,94,16.9979,2011,9,6,23,1,0,2,2,58
2,0,1,1,20.5,24.24,77,12.998,2012,5,7,2,0,0,2,2,6
3,0,1,2,24.6,27.275,88,11.0014,2012,9,18,18,1,0,2,2,281
2,0,0,2,26.24,31.06,36,11.0014,2012,5,12,19,5,1,2,0,439
4,0,1,1,22.96,26.515,49,6.0032,2011,10,6,12,3,0,2,1,226
3,0,0,1,29.52,34.85,79,6.0032,2012,7,15,21,6,1,2,2,223
1,0,1,3,9.02,13.635,87,0.0,2012,1,9,17,0,0,0,2,152
3,0,1,1,16.4,20.455,71,16.9979,2011,9,16,3,4,0,1,2,6
4,0,1,1,26.24,31.06,47,22.0028,2011,10,5,16,2,0,2,1,282
1,0,1,1,18.86,22.725,28,19.0012,2011,2,16,17,2,0,1,0,255
4,0,0,1,14.76,17.425,66,12.998,2012,11,10,9,5,1,1,1,259
2,0,0,2,30.34,34.09,58,6.0032,2011,6,19,18,6,1,3,1,296
4,0,0,1,22.14,25.76,83,12.998,2012,10,6,5,5,1,2,2,10
1,0,1,1,17.22,21.21,62,19.0012,2011,3,17,23,3,0,1,1,50
1,0,0,1,10.66,12.88,93,11.0014,2012,1,1,7,6,1,1,2,7
2,0,1,2,22.14,25.76,94,6.0032,2011,5,18,11,2,0,2,2,23
4,0,1,1,13.12,17.425,93,0.0,2011,11,9,8,2,0,1,2,456
3,0,1,1,28.7,32.575,65,12.998,2011,7,11,0,0,0,2,1,35
3,0,1,1,35.26,40.15,47,19.9995,2011,7,12,18,1,0,3,1,511
2,0,1,1,14.76,17.425,76,8.9981,2011,4,14,2,3,0,1,2,3
1,0,0,3,9.02,11.365,100,8.9981,2011,2,5,11,5,1,0,2,47
3,0,1,1,24.6,28.79,78,11.0014,2011,7,15,2,4,0,2,2,38
2,0,1,3,24.6,27.275,88,8.9981,2012,6,12,5,1,0,2,2,29
1,0,0,1,20.5,24.24,34,31.0009,2011,3,19,13,5,1,2,0,301
4,0,0,1,9.84,14.395,87,0.0,2011,11,6,3,6,1,0,2,9
4,0,1,1,22.96,26.515,64,16.9979,2012,10,15,17,0,0,2,1,766
2,0,1,1,26.24,30.305,73,12.998,2012,5,3,20,3,0,2,2,420
1,0,1,1,15.58,19.695,40,31.0009,2011,2,14,8,0,0,1,0,256
2,0,1,3,21.32,25.0,94,19.9995,2012,5,14,6,0,0,2,2,65
4,0,1,2,22.14,25.76,94,7.0015,2012,10,19,8,4,0,2,2,467
2,0,1,1,24.6,31.06,38,32.9975,2012,4,17,9,1,0,2,0,400
2,0,1,1,31.16,35.605,58,11.0014,2011,6,8,9,2,0,3,1,202
4,0,1,1,5.74,8.335,93,7.0015,2011,12,19,5,0,0,0,2,21
2,0,1,2,19.68,23.485,88,22.0028,2011,4,5,7,1,0,1,2,134
1,0,1,1,16.4,20.455,37,26.0027,2011,2,14,9,0,0,1,0,130
4,0,0,1,17.22,21.21,82,11.0014,2012,12,8,16,5,1,1,2,507
4,0,1,1,22.96,26.515,49,12.998,2011,10,17,3,0,0,2,1,2
3,0,1,1,22.14,25.76,60,23.9994,2012,9,10,2,0,0,2,1,17
4,0,1,2,13.94,15.15,61,22.0028,2011,11,17,9,3,0,1,1,198
4,0,1,1,15.58,19.695,87,0.0,2012,12,3,3,0,0,1,2,8
2,0,0,2,15.58,19.695,87,8.9981,2011,4,10,1,6,1,1,2,37
3,0,1,1,26.24,30.305,73,11.0014,2011,8,17,1,2,0,2,2,14
3,0,1,1,18.86,22.725,67,31.0009,2011,9,15,19,3,0,1,1,232
2,0,1,1,16.4,20.455,50,8.9981,2012,4,5,23,3,0,1,1,136
2,0,1,3,13.94,15.15,93,26.0027,2011,5,4,6,2,0,1,2,21
2,0,1,1,19.68,23.485,31,19.0012,2012,4,12,16,3,0,1,0,353
2,0,1,1,18.86,22.725,44,19.0012,2011,5,5,9,3,0,1,1,184
1,0,0,2,17.22,21.21,94,0.0,2012,3,17,4,5,1,1,2,2
4,0,0,2,17.22,21.21,71,19.0012,2011,10,1,15,5,1,1,2,195
2,0,0,1,33.62,37.88,46,0.0,2011,6,12,12,6,1,3,1,420
2,0,1,1,18.86,22.725,72,8.9981,2011,5,2,0,0,0,1,2,177
2,0,0,1,20.5,24.24,34,26.0027,2011,4,17,13,6,1,2,0,343
1,0,1,1,8.2,11.365,40,7.0015,2011,1,10,17,0,0,0,0,178
3,0,0,1,27.88,31.82,39,0.0,2012,9,9,13,6,1,2,0,729
3,0,1,1,35.26,42.425,56,27.9993,2011,7,11,17,0,0,3,1,514
1,0,0,2,13.12,15.15,36,19.0012,2011,1,15,17,5,1,1,0,83
4,0,1,2,13.94,15.91,87,19.0012,2012,11,13,5,1,0,1,2,18
1,0,0,1,13.94,15.15,49,22.0028,2011,3,12,11,5,1,1,1,119
4,0,1,1,22.14,25.76,73,6.0032,2012,10,5,2,4,0,2,2,11
2,0,1,2,29.52,31.82,23,32.9975,2011,4,4,18,0,0,2,0,386
1,0,0,2,10.66,12.88,56,11.0014,2011,1,16,5,6,1,1,1,2
2,0,1,1,16.4,20.455,76,32.9975,2012,4,2,5,0,0,1,2,24
2,1,0,1,21.32,25.0,55,32.9975,2011,4,15,16,4,0,2,1,243
4,0,1,2,12.3,15.15,70,11.0014,2011,12,9,10,4,0,1,1,126
1,0,1,1,20.5,24.24,59,19.0012,2011,2,17,22,3,0,2,1,76
1,0,1,2,6.56,7.575,86,15.0013,2011,1,11,16,1,0,0,2,76
2,0,0,1,25.42,31.06,53,19.9995,2012,6,16,22,5,1,2,1,280
4,0,1,1,16.4,20.455,40,16.9979,2011,12,19,16,0,0,1,0,208
1,0,1,1,21.32,25.0,77,15.0013,2012,3,13,10,1,0,2,2,143
3,0,1,1,29.52,34.09,62,15.0013,2011,8,1,20,0,0,2,1,305
3,0,0,1,36.08,39.395,37,12.998,2012,7,7,21,5,1,3,0,201
1,0,0,1,17.22,21.21,54,15.0013,2012,3,11,21,6,1,1,1,147
4,0,1,2,18.86,22.725,94,15.0013,2011,12,6,9,1,0,1,2,204
3,0,1,1,29.52,34.09,70,8.9981,2012,8,8,23,2,0,2,1,136
4,0,0,1,13.12,15.15,66,15.0013,2012,10,13,3,5,1,1,1,15
3,0,1,1,33.62,37.88,46,15.0013,2012,8,14,15,1,0,3,1,283
3,0,0,2,27.06,31.06,69,16.9979,2011,9,3,9,5,1,2,1,201
2,0,1,1,20.5,24.24,31,0.0,2012,4,13,12,4,0,2,0,322
1,0,1,1,13.94,16.665,61,8.9981,2012,3,12,8,0,0,1,1,564
1,0,1,1,9.84,10.605,65,19.0012,2011,3,2,8,2,0,0,1,256
1,0,0,1,19.68,23.485,31,22.0028,2011,3,19,17,5,1,1,0,278
2,1,0,2,16.4,20.455,76,19.9995,2011,4,15,21,4,0,1,2,102
3,0,1,2,27.88,31.82,79,43.0006,2012,9,18,11,1,0,2,2,151
2,0,1,2,30.34,33.335,48,15.0013,2012,6,11,20,0,0,3,1,394
3,0,1,1,30.34,35.605,79,8.9981,2012,8,3,23,4,0,3,2,196
3,0,1,1,25.42,31.06,41,12.998,2012,9,11,19,1,0,2,1,596
3,0,1,3,27.88,31.82,79,43.0006,2012,9,18,10,1,0,2,2,160
1,0,1,1,17.22,21.21,62,15.0013,2011,3,17,21,3,0,1,1,138
1,0,1,1,11.48,12.88,61,19.9995,2012,3,7,8,2,0,1,1,566
2,0,1,2,22.96,26.515,83,15.0013,2011,5,3,0,1,0,2,2,16
3,0,1,1,26.24,31.06,53,11.0014,2011,8,12,0,4,0,2,1,65
3,1,0,1,27.06,29.545,89,6.0032,2012,9,3,4,0,0,2,2,11
2,1,0,1,28.7,31.82,45,19.9995,2012,4,16,23,0,0,2,1,121
2,0,1,2,22.96,26.515,83,19.9995,2011,4,11,10,0,0,2,2,96
4,1,0,2,15.58,19.695,66,11.0014,2012,10,8,9,0,0,1,1,332
4,0,1,1,17.22,21.21,71,11.0014,2011,11,2,18,2,0,1,2,479
3,0,0,1,32.8,38.635,59,16.9979,2012,8,4,21,5,1,3,1,289
4,0,0,1,15.58,19.695,87,8.9981,2012,10,7,22,6,1,1,2,79
4,0,1,1,9.84,12.12,65,11.0014,2012,12,6,22,3,0,0,1,133
1,0,1,1,20.5,24.24,34,27.9993,2012,3,7,13,2,0,2,0,205
3,0,1,1,27.06,30.305,83,11.0014,2011,7,8,20,4,0,2,2,250
3,0,1,2,30.34,34.09,62,6.0032,2011,8,19,12,4,0,3,1,222
3,0,1,1,28.7,31.82,42,0.0,2012,9,13,13,3,0,2,1,283
2,0,1,2,22.96,26.515,83,27.9993,2011,5,17,11,1,0,2,2,130
3,0,1,1,29.52,33.335,58,0.0,2012,7,5,4,3,0,2,1,7
3,0,1,1,31.98,37.12,59,15.0013,2011,7,6,17,2,0,3,1,596
2,0,1,1,18.86,22.725,33,11.0014,2012,4,5,14,3,0,1,0,287
2,0,1,1,31.16,35.605,62,7.0015,2011,6,10,20,4,0,3,1,250
3,0,1,1,22.96,26.515,73,6.0032,2012,9,14,1,4,0,2,2,41
3,0,1,2,28.7,32.575,70,11.0014,2012,8,7,8,1,0,2,1,705
1,0,1,2,4.92,6.06,54,19.0012,2011,2,10,6,3,0,0,1,26
3,0,0,1,31.16,34.09,45,22.0028,2011,7,16,15,5,1,3,1,428
4,0,0,1,9.84,12.88,65,7.0015,2011,12,3,6,5,1,0,1,11
2,0,0,3,21.32,25.0,83,15.0013,2012,5,6,6,6,1,2,2,17
1,0,1,1,10.66,13.635,33,7.0015,2011,2,15,20,1,0,1,0,101
4,0,1,2,11.48,12.88,52,22.0028,2012,11,7,5,2,0,1,1,27
3,0,1,1,30.34,36.365,74,6.0032,2011,7,19,20,1,0,3,2,277
1,0,0,2,9.84,12.12,87,8.9981,2012,2,5,0,6,1,0,2,61
1,0,1,2,16.4,20.455,87,15.0013,2012,3,16,5,4,0,1,2,32
4,0,0,1,21.32,25.0,48,27.9993,2012,10,6,18,5,1,2,1,495
2,0,0,2,18.86,22.725,31,0.0,2011,4,3,18,6,1,1,0,172
4,0,1,1,12.3,14.395,42,19.0012,2011,11,17,20,3,0,1,1,169
4,0,1,1,21.32,25.0,45,11.0014,2011,10,17,10,0,0,2,1,135
4,0,1,1,7.38,12.12,74,0.0,2011,12,12,3,0,0,0,2,2
3,0,1,1,27.06,31.06,65,8.9981,2011,8,16,23,1,0,2,1,77
4,0,0,1,27.88,31.82,47,11.0014,2011,10,9,14,6,1,2,1,500
1,0,1,4,8.2,11.365,86,6.0032,2012,1,9,18,0,0,0,2,164
3,0,0,3,24.6,27.275,88,32.9975,2011,8,14,21,6,1,2,2,155
2,0,0,1,14.76,16.665,53,23.9994,2011,4,2,19,5,1,1,1,148
3,0,1,2,33.62,37.88,46,16.9979,2011,8,2,20,1,0,3,1,288
1,0,1,1,4.1,6.06,54,8.9981,2012,2,13,8,0,0,0,1,417
4,0,0,1,21.32,25.0,45,0.0,2012,11,10,15,5,1,2,1,567
3,0,1,1,32.8,34.85,26,16.9979,2011,8,10,19,2,0,3,0,413
3,0,0,2,27.06,29.545,89,6.0032,2012,9,2,0,6,1,2,2,99
3,0,1,1,29.52,33.335,51,11.0014,2012,7,12,22,3,0,2,1,318
1,0,1,1,9.02,11.365,55,8.9981,2011,2,11,20,4,0,0,1,63
4,0,0,2,18.04,21.97,62,8.9981,2012,10,7,3,6,1,1,1,22
3,0,1,1,26.24,12.12,65,7.0015,2012,8,17,3,4,0,2,1,6
1,0,1,1,16.4,20.455,35,12.998,2012,2,17,20,4,0,1,0,171
2,0,1,1,21.32,25.0,68,0.0,2012,6,4,5,0,0,2,1,35
3,0,0,3,26.24,29.545,78,11.0014,2012,8,19,11,6,1,2,2,272
2,0,1,1,13.12,15.15,45,19.0012,2012,4,11,2,2,0,1,1,2
1,0,1,1,4.1,3.79,46,26.0027,2012,1,3,23,1,0,0,1,18
1,0,1,1,15.58,19.695,43,15.0013,2012,2,7,19,1,0,1,1,338
4,0,1,2,24.6,27.275,88,12.998,2012,10,2,12,1,0,2,2,104
1,0,1,3,6.56,8.335,80,11.0014,2011,2,9,22,2,0,0,2,46
2,0,0,1,21.32,25.0,19,27.9993,2012,4,7,15,5,1,2,0,626
2,0,1,1,25.42,30.305,69,30.0026,2011,5,17,15,1,0,2,1,210
1,0,1,1,4.92,6.06,50,15.0013,2012,2,13,1,0,0,0,1,6
4,0,0,1,20.5,24.24,34,16.9979,2011,11,12,17,5,1,2,0,285
3,0,0,1,24.6,28.03,83,7.0015,2012,9,15,0,5,1,2,2,207
1,0,0,3,9.02,11.365,100,11.0014,2011,2,5,13,5,1,0,2,72
4,0,0,2,18.04,21.97,54,8.9981,2012,10,7,5,6,1,1,1,10
4,0,1,3,16.4,20.455,76,0.0,2011,10,3,14,0,0,1,2,120
2,0,1,1,13.94,15.15,57,22.0028,2012,4,11,22,2,0,1,1,134
3,0,1,2,30.34,34.85,70,8.9981,2012,8,7,10,1,0,3,1,250
4,0,1,1,17.22,21.21,71,30.0026,2012,12,11,1,1,0,1,2,8
3,0,1,1,31.16,35.605,62,12.998,2011,7,18,10,0,0,3,1,130
3,0,1,1,26.24,30.305,69,7.0015,2012,8,13,5,0,0,2,1,36
3,0,1,2,28.7,32.575,54,0.0,2012,7,13,6,4,0,2,1,127
3,0,1,1,29.52,34.85,79,8.9981,2011,8,9,0,1,0,2,2,35
1,0,0,1,15.58,19.695,40,19.0012,2012,1,8,0,6,1,1,0,91
4,0,1,3,11.48,13.635,81,11.0014,2012,12,7,7,4,0,1,2,215
3,0,1,1,29.52,34.85,74,7.0015,2011,8,9,7,1,0,2,2,343
1,0,0,1,20.5,24.24,39,16.9979,2012,1,7,20,5,1,2,0,170
4,0,1,2,13.12,15.15,45,15.0013,2011,12,16,19,4,0,1,1,214
4,0,0,1,9.02,12.12,55,7.0015,2011,12,11,20,6,1,0,1,72
4,0,0,1,14.76,17.425,62,12.998,2012,12,15,22,5,1,1,1,156
4,0,1,1,13.12,15.91,81,12.998,2011,11,1,6,1,0,1,2,93
4,0,0,1,25.42,31.06,29,26.0027,2011,10,15,16,5,1,2,0,443
1,0,0,1,15.58,19.695,66,6.0032,2011,3,12,23,5,1,1,1,49
1,0,1,1,21.32,25.0,68,7.0015,2012,3,15,10,3,0,2,1,164
1,0,1,1,18.86,22.725,59,8.9981,2012,2,2,0,3,0,1,1,31
1,0,1,2,13.94,15.15,76,22.0028,2011,3,9,19,2,0,1,2,134
1,0,0,2,16.4,20.455,94,15.0013,2011,1,1,22,5,1,1,2,28
4,0,1,1,17.22,21.21,35,7.0015,2012,11,16,14,4,0,1,0,251
4,0,1,2,20.5,24.24,94,15.0013,2012,12,10,14,0,0,2,2,210
4,0,1,3,18.86,22.725,100,0.0,2011,11,16,12,2,0,1,2,54
2,0,0,1,20.5,24.24,63,8.9981,2012,4,15,6,6,1,2,1,16
1,0,0,2,12.3,15.15,100,8.9981,2011,3,5,5,5,1,1,2,3
4,0,1,1,21.32,25.0,83,0.0,2012,10,5,6,4,0,2,2,137
4,0,1,1,14.76,16.665,43,19.0012,2012,11,5,16,0,0,1,1,360
1,0,1,2,9.84,12.88,93,7.0015,2011,1,19,8,2,0,0,2,197
3,0,1,2,24.6,28.03,83,0.0,2011,8,15,2,0,0,2,2,3
2,0,0,2,18.86,22.725,82,0.0,2011,5,1,20,6,1,1,2,121
2,0,1,1,24.6,31.06,55,11.0014,2011,5,19,18,3,0,2,1,513
1,0,1,2,13.94,16.665,66,8.9981,2011,2,7,18,0,0,1,1,175
1,0,1,2,12.3,16.665,70,0.0,2011,3,15,9,1,0,1,1,157
4,0,0,1,11.48,12.88,52,19.9995,2011,11,19,9,5,1,1,1,142
3,0,1,1,35.26,41.665,53,7.0015,2011,7,19,13,1,0,3,1,172
1,0,1,3,19.68,23.485,77,27.9993,2012,3,9,2,4,0,1,2,11
2,0,1,2,25.42,31.06,50,7.0015,2011,4,12,0,1,0,2,1,24
3,0,0,2,20.5,24.24,72,12.998,2011,9,17,21,5,1,2,2,170
4,0,1,1,12.3,15.91,70,7.0015,2012,11,2,4,4,0,1,1,7
1,0,1,1,9.84,11.365,30,15.0013,2011,1,3,17,0,0,0,0,157
2,0,1,1,28.7,31.82,34,16.9979,2011,6,13,14,0,0,2,0,200
1,0,1,1,13.12,14.395,49,27.9993,2012,2,2,22,3,0,1,1,109
2,0,1,1,25.42,29.545,78,8.9981,2011,6,6,0,0,0,2,2,29
3,0,1,1,35.26,40.91,50,12.998,2011,7,19,14,1,0,3,1,152
2,0,0,2,27.06,31.06,47,12.998,2012,6,16,20,5,1,2,1,352
3,0,1,1,27.06,29.545,89,12.998,2011,7,7,2,3,0,2,2,8
2,0,1,1,22.96,26.515,21,35.0008,2012,4,10,17,1,0,2,0,744
2,1,0,1,26.24,31.06,53,22.0028,2012,4,16,0,0,0,2,1,41
1,0,0,1,13.12,16.665,57,7.0015,2012,1,7,3,5,1,1,1,20
3,0,0,2,28.7,33.335,74,19.9995,2012,8,11,18,5,1,2,2,300
1,0,1,3,5.74,10.605,93,0.0,2011,2,1,5,1,0,0,2,3
4,0,1,1,13.94,16.665,53,11.0014,2012,11,16,18,4,0,1,1,505
1,0,1,1,17.22,21.21,35,27.9993,2012,2,17,15,4,0,1,0,221
4,0,0,3,14.76,16.665,81,16.9979,2011,10,2,15,6,1,1,2,173
4,1,0,1,16.4,20.455,76,6.0032,2012,11,12,4,0,0,1,2,4
4,1,0,1,13.94,15.91,39,16.9979,2011,11,11,18,4,0,1,0,208
3,0,0,2,27.06,30.305,83,12.998,2011,7,3,19,6,1,2,2,183
3,0,1,1,25.42,31.06,57,8.9981,2012,9,12,20,2,0,2,1,470
1,0,1,1,7.38,9.09,51,15.0013,2012,3,6,5,1,0,0,1,25
3,0,1,1,22.96,26.515,73,6.0032,2012,9,13,0,3,0,2,2,57
4,0,1,1,21.32,25.0,63,22.0028,2011,12,15,22,3,0,2,1,124
2,0,1,3,22.14,25.76,88,19.0012,2011,5,18,10,2,0,2,2,106
2,0,0,1,24.6,31.06,49,0.0,2011,5,8,14,6,1,2,1,366
1,0,0,1,5.74,6.82,43,15.0013,2012,2,12,23,6,1,0,1,23
3,0,1,1,31.16,35.605,58,35.0008,2011,8,19,17,4,0,3,1,527
2,0,1,1,26.24,31.06,53,15.0013,2012,6,1,1,4,0,2,1,34
3,0,1,3,28.7,33.335,84,11.0014,2012,9,6,11,3,0,2,2,62
3,0,1,1,30.34,33.335,48,15.0013,2012,7,12,20,3,0,3,1,514
1,0,0,1,13.94,15.15,42,23.9994,2012,3,4,12,6,1,1,1,327
2,0,1,1,13.94,15.91,66,16.9979,2011,5,5,5,3,0,1,1,30
2,0,1,1,17.22,21.21,67,8.9981,2011,5,10,6,1,0,1,1,112
4,0,1,1,13.12,16.665,93,7.0015,2011,11,8,1,1,0,1,2,11
2,0,1,1,30.34,34.09,56,8.9981,2011,6,7,20,1,0,3,1,346
2,0,0,1,22.14,25.76,88,0.0,2011,5,15,21,6,1,2,2,151
2,0,0,2,18.86,22.725,72,8.9981,2011,5,1,9,6,1,1,2,141
1,0,1,3,15.58,19.695,0,15.0013,2011,3,10,7,3,0,1,0,37
4,0,0,1,18.04,21.97,88,0.0,2011,10,9,6,6,1,1,2,21
4,0,1,1,17.22,21.21,16,26.0027,2012,11,8,16,3,0,1,0,339
2,0,1,1,23.78,27.275,88,11.0014,2011,6,7,5,1,0,2,2,32
4,0,0,2,10.66,12.12,93,16.9979,2012,12,1,9,5,1,1,2,193
3,0,1,2,22.14,25.76,88,22.0028,2011,9,6,6,1,0,2,2,72
1,0,1,1,15.58,19.695,43,12.998,2011,2,16,20,2,0,1,1,118
1,0,1,2,15.58,19.695,34,0.0,2011,3,14,14,0,0,1,0,79
4,0,0,1,20.5,24.24,36,12.998,2012,10,13,15,5,1,2,0,615
2,0,0,2,25.42,30.305,61,7.0015,2011,6,5,6,6,1,2,1,21
1,0,1,2,13.12,17.425,57,0.0,2012,2,10,20,4,0,1,1,151
1,0,0,1,22.14,25.76,68,6.0032,2012,3,18,15,6,1,2,1,554
1,0,1,2,10.66,15.15,56,0.0,2012,2,14,1,1,0,1,1,6
4,0,0,1,18.86,22.725,38,11.0014,2012,10,13,17,5,1,1,0,528
2,0,1,2,19.68,23.485,55,8.9981,2012,4,4,9,2,0,1,1,363
4,0,1,1,19.68,23.485,77,11.0014,2011,10,5,1,2,0,1,2,11
2,0,1,2,30.34,33.335,45,15.0013,2012,5,1,15,1,0,3,1,234
2,0,1,1,29.52,34.85,79,6.0032,2012,6,19,22,1,0,2,2,291
1,0,0,1,18.04,21.97,16,39.0007,2011,2,19,11,5,1,1,0,123
2,0,1,2,25.42,29.545,73,11.0014,2012,5,14,15,0,0,2,2,196
2,0,1,1,17.22,21.21,62,7.0015,2011,4,18,3,0,0,1,1,7
4,0,1,2,24.6,29.545,73,11.0014,2011,10,11,11,1,0,2,2,123
1,0,1,2,16.4,20.455,87,11.0014,2012,3,16,6,4,0,1,2,99
3,0,1,1,30.34,33.335,51,19.0012,2011,8,15,17,0,0,3,1,530
1,0,1,1,12.3,13.635,45,19.9995,2012,3,5,16,0,0,1,1,210
2,0,0,2,24.6,29.545,73,16.9979,2011,6,5,8,6,1,2,2,98
3,0,1,1,27.88,31.82,79,8.9981,2012,7,10,4,1,0,2,2,4
3,0,0,1,31.16,35.605,62,7.0015,2011,7,3,11,6,1,3,1,390
2,0,0,2,22.96,26.515,88,15.0013,2011,5,14,18,5,1,2,2,304
1,0,0,1,18.04,21.97,54,19.9995,2012,1,1,14,6,1,1,1,267
4,1,0,2,22.14,25.76,88,7.0015,2011,10,10,23,0,0,2,2,75
1,0,1,1,9.84,11.365,65,15.0013,2012,2,3,8,4,0,0,1,441
2,0,0,1,10.66,13.635,65,8.9981,2011,4,2,1,5,1,1,1,32
1,0,1,1,15.58,19.695,43,11.0014,2012,2,15,19,2,0,1,1,311
1,0,1,1,4.1,5.305,36,15.0013,2011,2,9,1,2,0,0,0,7
1,0,1,2,6.56,7.575,55,12.998,2011,1,11,2,1,0,0,1,3
4,0,0,1,13.12,15.91,61,11.0014,2012,12,15,10,5,1,1,1,273
1,0,0,1,9.84,10.605,41,22.0028,2012,3,10,9,5,1,0,1,148
4,0,1,1,10.66,13.635,56,7.0015,2011,12,8,19,3,0,1,1,232
1,0,1,1,13.12,15.91,39,12.998,2011,3,1,18,1,0,1,0,224
4,0,0,1,18.04,21.97,88,0.0,2011,10,9,5,6,1,1,2,15
3,1,0,2,27.88,31.82,79,19.0012,2011,9,5,15,0,0,2,2,253
1,0,0,1,12.3,15.91,81,7.0015,2012,1,1,10,6,1,1,2,70
1,0,1,1,12.3,13.635,70,31.0009,2011,3,1,0,1,0,1,1,7
3,0,1,1,29.52,34.09,70,0.0,2011,8,9,2,1,0,2,1,12
3,0,1,1,27.06,31.06,74,0.0,2011,8,2,0,1,0,2,2,29
3,0,1,1,26.24,28.79,89,8.9981,2012,7,11,6,2,0,2,2,185
1,0,1,1,10.66,12.88,48,11.0014,2011,3,7,22,0,0,1,1,35
3,0,1,1,31.16,33.335,31,8.9981,2011,8,10,20,2,0,3,0,312
2,0,1,3,15.58,19.695,94,16.9979,2011,4,13,5,2,0,1,2,5
4,0,1,1,14.76,17.425,50,11.0014,2012,10,11,5,3,0,1,1,42
3,0,1,2,31.16,34.85,55,6.0032,2011,8,3,3,2,0,3,1,4
4,0,1,3,21.32,25.0,94,22.0028,2011,10,19,12,2,0,2,2,130
4,0,1,1,17.22,21.21,41,6.0032,2011,12,2,16,4,0,1,1,276
3,0,0,1,31.16,34.85,55,12.998,2011,7,10,20,6,1,3,1,268
3,0,1,1,29.52,34.09,62,6.0032,2011,8,19,10,4,0,2,1,165
3,0,1,2,33.62,37.88,46,0.0,2012,8,7,14,1,0,3,1,261
3,0,0,3,26.24,30.305,73,0.0,2012,8,19,14,6,1,2,2,149
2,0,1,2,25.42,31.06,53,19.9995,2012,5,7,15,0,0,2,1,262
2,0,1,3,22.96,26.515,88,15.0013,2012,5,9,4,2,0,2,2,5
3,0,0,1,28.7,33.335,74,8.9981,2011,7,17,23,6,1,2,2,93
1,0,1,1,4.92,6.06,33,16.9979,2012,1,3,20,1,0,0,0,115
2,0,1,1,28.7,31.82,28,19.0012,2011,6,3,14,4,0,2,0,240
3,0,0,2,21.32,25.0,72,15.0013,2011,9,17,18,5,1,2,2,329
1,0,1,1,16.4,20.455,58,16.9979,2011,1,19,14,2,0,1,1,75
4,0,0,2,16.4,20.455,62,0.0,2012,12,1,15,5,1,1,1,484
2,0,0,1,28.7,31.82,39,26.0027,2012,4,15,15,6,1,2,0,617
1,0,1,1,20.5,24.24,63,0.0,2012,3,15,3,3,0,2,1,7
2,0,1,1,26.24,29.545,78,7.0015,2011,6,17,20,4,0,2,2,232
4,0,1,1,17.22,21.21,82,11.0014,2012,12,18,4,1,0,1,2,8
3,0,1,1,31.16,35.605,62,8.9981,2012,7,6,2,4,0,3,1,17
1,0,1,1,9.84,12.88,32,7.0015,2011,1,3,18,0,0,0,0,157
4,0,1,2,11.48,12.88,52,22.0028,2012,11,7,3,2,0,1,1,11
4,0,1,2,16.4,20.455,71,8.9981,2011,10,3,12,0,0,1,2,147
3,0,1,1,29.52,33.335,51,11.0014,2011,9,12,17,0,0,2,1,590
2,0,1,1,20.5,24.24,27,19.0012,2012,4,6,15,4,0,2,0,537
2,0,0,1,16.4,20.455,43,27.9993,2011,4,3,10,6,1,1,1,215
4,0,1,1,15.58,19.695,82,7.0015,2011,11,7,21,0,0,1,2,139
4,0,1,1,9.84,11.365,48,12.998,2012,12,6,9,3,0,0,1,276
4,0,0,1,9.02,11.365,75,11.0014,2011,11,12,6,5,1,0,2,7
2,0,1,1,24.6,28.79,78,22.0028,2012,5,4,0,4,0,2,2,89
2,0,1,2,16.4,20.455,100,19.9995,2011,4,13,0,2,0,1,2,15
1,0,1,2,15.58,19.695,20,0.0,2011,3,8,14,1,0,1,0,72
2,1,0,1,22.14,25.76,52,30.0026,2011,4,15,15,4,0,2,1,162
2,0,0,1,24.6,31.06,46,12.998,2012,6,3,9,6,1,2,1,300
2,0,1,1,18.04,21.97,44,30.0026,2012,4,2,12,0,0,1,1,281
1,0,1,1,13.12,15.91,21,11.0014,2011,2,11,15,4,0,1,0,74
1,0,1,1,22.14,25.76,19,22.0028,2011,3,2,16,2,0,2,0,139
4,0,0,1,12.3,16.665,70,0.0,2012,12,15,0,5,1,1,1,94
2,0,1,1,31.16,33.335,37,11.0014,2011,6,6,12,0,0,3,0,153
4,0,0,1,12.3,16.665,81,0.0,2011,12,4,9,6,1,1,2,126
3,0,1,1,18.86,22.725,63,22.0028,2011,9,15,21,3,0,1,1,145
1,0,1,1,7.38,12.12,86,0.0,2011,2,7,7,0,0,0,2,95
2,0,1,1,24.6,30.305,64,22.0028,2012,6,14,8,3,0,2,1,719
3,0,1,1,28.7,33.335,74,15.0013,2011,7,18,1,0,0,2,2,25
3,0,1,1,27.88,31.82,69,0.0,2011,8,2,2,1,0,2,1,8
3,0,1,1,37.72,41.665,33,23.9994,2012,7,5,15,3,0,3,0,254
1,0,1,1,8.2,10.605,40,8.9981,2011,1,10,16,0,0,0,0,74
3,0,1,1,29.52,34.85,74,7.0015,2012,8,2,8,3,0,2,2,739
4,0,0,1,18.04,21.97,58,27.9993,2011,10,1,4,5,1,1,1,8
3,0,0,1,28.7,33.335,84,7.0015,2012,8,5,20,6,1,2,2,193
4,0,1,1,23.78,27.275,56,22.0028,2011,10,4,16,1,0,2,1,309
3,0,1,3,25.42,29.545,73,7.0015,2011,9,2,2,4,0,2,2,20
2,0,1,2,13.12,15.91,87,12.998,2011,4,8,5,4,0,1,2,9
4,0,0,2,9.84,12.12,87,8.9981,2012,12,1,7,5,1,0,2,63
4,0,1,1,13.94,16.665,66,11.0014,2011,12,14,22,2,0,1,1,104
1,0,0,1,17.22,21.21,28,22.0028,2011,2,13,17,6,1,1,0,125
2,0,0,1,21.32,25.0,68,11.0014,2012,5,13,7,6,1,2,1,60
4,0,0,1,11.48,13.635,45,12.998,2011,12,18,18,6,1,1,1,138
3,0,0,1,34.44,37.12,39,8.9981,2012,7,1,21,6,1,3,0,258
1,0,0,1,15.58,19.695,43,15.0013,2012,1,8,12,6,1,1,1,351
2,0,0,1,13.94,15.91,53,19.0012,2011,4,2,20,5,1,1,1,85
1,1,0,1,9.84,11.365,38,15.0013,2012,1,2,19,0,0,0,0,93
4,0,1,1,17.22,21.21,62,12.998,2011,10,6,5,3,0,1,1,24
3,0,1,1,30.34,33.335,48,15.0013,2012,7,11,19,2,0,3,1,633
1,0,0,2,18.86,22.725,72,19.0012,2011,1,1,14,5,1,1,2,106
3,1,0,2,27.06,30.305,78,6.0032,2011,7,4,4,0,0,2,2,12
2,0,1,1,17.22,21.21,50,16.9979,2012,5,11,7,4,0,1,1,351
2,0,1,1,16.4,20.455,62,16.9979,2011,4,4,5,0,0,1,1,7
3,0,0,1,25.42,31.06,41,11.0014,2012,9,15,19,5,1,2,1,478
1,0,1,1,9.02,10.605,44,16.9979,2011,2,2,22,2,0,0,1,40
3,0,1,1,32.8,37.88,55,0.0,2012,8,2,10,3,0,3,1,181
3,0,1,3,25.42,27.275,94,7.0015,2011,9,8,1,3,0,2,2,4
1,0,1,2,18.04,21.97,94,0.0,2012,3,16,23,4,0,1,2,126
3,0,1,1,24.6,31.06,43,16.9979,2012,9,19,11,2,0,2,1,247
2,0,0,2,26.24,31.06,53,12.998,2012,5,13,21,6,1,2,1,169
1,0,0,1,13.94,16.665,57,12.998,2011,1,2,17,6,1,1,1,65
1,0,1,3,13.94,15.91,0,16.9979,2011,3,10,0,3,0,1,0,3
4,0,1,2,12.3,15.91,52,7.0015,2011,12,12,13,0,0,1,1,166
1,0,0,2,16.4,20.455,76,15.0013,2011,3,5,11,5,1,1,2,159
2,0,0,2,24.6,30.305,60,8.9981,2012,5,12,21,5,1,2,1,230
3,0,1,2,24.6,29.545,69,27.9993,2011,9,15,15,3,0,2,1,135
4,0,1,3,17.22,21.21,67,11.0014,2011,10,3,13,0,0,1,1,118
1,0,0,1,12.3,15.15,56,11.0014,2011,2,6,18,6,1,1,1,78
4,0,1,1,16.4,20.455,82,0.0,2011,11,3,22,3,0,1,2,137
4,0,0,1,27.88,31.82,51,11.0014,2011,10,9,15,6,1,2,1,407
2,0,1,1,18.04,21.97,41,16.9979,2011,4,6,12,2,0,1,1,134
2,0,1,1,22.14,25.76,49,8.9981,2012,5,17,23,3,0,2,1,166
3,0,1,2,29.52,34.85,74,7.0015,2011,7,6,8,2,0,2,2,428
2,0,0,1,26.24,31.06,57,6.0032,2011,6,5,0,6,1,2,1,113
3,0,0,1,20.5,24.24,72,0.0,2012,9,16,6,6,1,2,2,35
1,0,1,1,10.66,12.88,41,11.0014,2012,3,6,11,1,0,1,1,130
2,0,1,1,27.06,31.06,41,19.9995,2011,6,13,11,0,0,2,1,159
2,0,0,1,22.14,25.76,60,11.0014,2012,6,3,0,6,1,2,1,169
4,0,1,2,21.32,25.0,77,12.998,2011,10,19,2,2,0,2,2,7
4,0,1,2,22.96,26.515,83,19.0012,2011,10,12,2,2,0,2,2,2
1,0,1,1,18.86,22.725,77,16.9979,2012,3,1,9,3,0,1,2,286
4,0,0,2,14.76,16.665,50,22.0028,2012,11,3,14,5,1,1,1,455
1,0,1,1,13.94,17.425,53,7.0015,2012,1,10,20,1,0,1,1,200
2,0,0,1,27.88,31.82,36,19.0012,2012,6,3,13,6,1,2,0,686
4,0,1,3,18.86,22.725,100,16.9979,2011,12,6,16,1,0,1,2,88
2,0,1,1,26.24,30.305,65,12.998,2012,5,2,15,2,0,2,1,256
4,0,1,2,24.6,28.79,78,19.0012,2012,10,15,14,0,0,2,2,185
3,0,1,1,27.06,29.545,89,8.9981,2012,8,2,5,3,0,2,2,41
4,0,0,1,18.86,22.725,82,0.0,2011,10,8,1,5,1,1,2,65
4,0,1,1,14.76,17.425,93,11.0014,2012,12,18,6,1,0,1,2,118
2,0,0,2,18.86,22.725,82,0.0,2011,5,1,22,6,1,1,2,100
4,0,0,1,15.58,19.695,40,11.0014,2011,11,5,17,5,1,1,0,334
4,0,0,2,11.48,13.635,56,15.0013,2011,12,17,2,5,1,1,1,58
1,0,1,1,9.84,12.88,21,7.0015,2011,3,3,14,3,0,0,0,78
3,0,0,1,33.62,37.12,41,22.0028,2011,7,10,14,6,1,3,1,349
3,0,1,1,31.16,35.605,62,6.0032,2012,7,16,22,0,0,3,1,284
1,0,0,1,10.66,12.12,41,16.9979,2012,3,10,2,5,1,1,1,42
3,0,1,1,29.52,34.09,70,7.0015,2012,7,19,4,3,0,2,1,8
4,0,1,1,14.76,17.425,57,12.998,2012,10,12,23,4,0,1,1,100
2,0,1,2,17.22,21.21,77,16.9979,2011,4,13,14,2,0,1,2,106
4,0,1,2,24.6,27.275,88,8.9981,2011,10,19,19,2,0,2,2,197
3,0,0,1,27.06,30.305,78,12.998,2011,9,4,7,6,1,2,2,30
2,0,1,1,18.86,22.725,41,19.0012,2012,5,11,3,4,0,1,1,13
4,0,1,1,12.3,16.665,87,0.0,2011,11,2,1,2,0,1,2,10
1,0,1,1,12.3,15.15,70,6.0032,2012,1,10,22,1,0,1,1,114
3,0,1,1,30.34,34.85,66,16.9979,2012,8,1,19,2,0,3,1,652
4,0,1,1,13.94,15.91,42,16.9979,2012,12,13,11,3,0,1,1,189
4,0,1,1,13.12,15.15,53,15.0013,2012,11,6,17,1,0,1,1,627
4,0,1,3,14.76,17.425,81,15.0013,2011,11,10,16,3,0,1,2,73
2,0,1,3,23.78,27.275,83,8.9981,2012,5,15,3,1,0,2,2,6
3,0,1,1,29.52,34.85,79,6.0032,2012,8,6,1,0,0,2,2,11
2,0,1,2,24.6,27.275,88,8.9981,2012,6,12,6,1,0,2,2,136
4,0,1,1,17.22,21.21,41,27.9993,2012,11,2,11,4,0,1,1,221
3,0,1,1,21.32,25.0,72,0.0,2012,9,17,2,0,0,2,2,13
2,0,0,1,23.78,27.275,64,11.0014,2012,6,16,8,5,1,2,1,204
4,0,0,1,10.66,13.635,65,7.0015,2012,11,4,5,6,1,1,1,5
2,0,1,1,30.34,32.575,22,26.0027,2011,6,2,18,3,0,3,0,525
1,0,0,1,18.04,21.97,16,43.0006,2011,2,19,16,5,1,1,0,120
2,0,1,3,22.96,26.515,94,15.0013,2012,5,15,6,1,0,2,2,24
3,0,0,1,28.7,33.335,84,15.0013,2012,8,4,6,5,1,2,2,49
3,0,0,1,26.24,29.545,78,6.0032,2011,7,10,6,6,1,2,2,25
4,0,1,1,9.84,12.88,87,7.0015,2012,12,19,8,2,0,0,2,678
3,0,0,1,26.24,31.06,57,19.9995,2012,9,9,10,6,1,2,1,495
4,0,1,2,15.58,19.695,87,0.0,2011,11,4,5,4,0,1,2,23
1,0,1,1,13.12,17.425,36,0.0,2012,2,9,20,3,0,1,0,199
2,0,1,1,15.58,19.695,46,0.0,2012,4,3,3,1,0,1,1,3
1,0,1,1,13.94,17.425,81,7.0015,2012,1,12,10,3,0,1,2,90
1,0,0,1,9.02,10.605,25,16.9979,2012,1,15,17,6,1,0,0,146
4,0,1,1,9.02,11.365,69,12.998,2012,11,14,5,2,0,0,1,39
4,0,1,2,22.96,26.515,68,15.0013,2012,10,15,4,0,0,2,1,10
4,0,1,2,24.6,27.275,88,8.9981,2012,10,2,13,1,0,2,2,154
3,0,0,1,26.24,30.305,69,0.0,2011,9,11,21,6,1,2,1,159
1,0,0,2,11.48,14.395,81,7.0015,2011,3,5,0,5,1,1,2,19
2,0,1,1,22.96,26.515,56,7.0015,2012,5,18,9,4,0,2,1,361
1,0,1,2,16.4,20.455,62,26.0027,2011,3,16,22,2,0,1,1,59
1,0,1,2,17.22,21.21,77,0.0,2012,2,2,13,3,0,1,2,137
3,0,1,1,15.58,19.695,71,15.0013,2011,9,16,6,4,0,1,2,93
2,0,1,1,18.86,22.725,88,7.0015,2012,5,7,5,0,0,1,2,23
2,0,1,1,19.68,23.485,55,16.9979,2011,4,7,18,3,0,1,1,333
2,0,0,1,17.22,21.21,54,8.9981,2012,4,14,9,5,1,1,1,265
2,0,1,2,26.24,31.06,53,7.0015,2012,5,9,15,2,0,2,1,259
1,0,1,1,13.12,17.425,53,0.0,2011,3,14,23,0,0,1,1,19
3,0,0,1,34.44,37.12,39,8.9981,2012,7,1,19,6,1,3,0,382
4,0,1,1,9.84,10.605,41,19.0012,2011,11,18,3,4,0,0,1,2
3,0,1,1,29.52,34.09,66,7.0015,2012,7,17,6,1,0,2,1,213
3,0,1,1,29.52,34.85,79,0.0,2012,8,8,1,2,0,2,2,23
4,0,0,1,9.84,12.12,70,8.9981,2011,11,12,3,5,1,0,1,17
1,0,0,2,18.86,22.725,94,22.0028,2011,3,6,12,6,1,1,2,79
4,0,1,1,14.76,18.94,93,0.0,2012,12,3,8,0,0,1,2,731
1,0,1,3,22.96,26.515,52,32.9975,2012,3,9,1,4,0,2,1,26
3,0,1,1,28.7,31.82,45,7.0015,2011,8,11,0,3,0,2,1,46
3,0,0,3,27.88,31.82,65,6.0032,2011,7,3,4,6,1,2,1,5
2,0,0,2,15.58,19.695,87,6.0032,2011,4,10,2,6,1,1,2,36
3,0,1,1,27.88,31.82,82,8.9981,2012,9,4,1,1,0,2,2,24
4,0,1,2,19.68,23.485,77,6.0032,2012,10,9,22,1,0,1,2,162
1,0,0,1,18.04,21.97,44,12.998,2012,1,7,13,5,1,1,1,445
2,0,1,1,21.32,25.0,72,7.0015,2012,6,8,7,4,0,2,2,428
2,0,1,1,24.6,31.06,38,7.0015,2011,4,7,15,3,0,2,0,160
2,0,1,2,29.52,33.335,54,22.0028,2011,6,16,14,3,0,2,1,153
2,0,1,1,27.06,31.06,69,11.0014,2012,5,15,19,1,0,2,1,512
2,0,1,2,28.7,33.335,79,11.0014,2011,6,1,7,2,0,2,2,284
2,0,1,1,22.96,26.515,83,7.0015,2012,4,17,2,1,0,2,2,4
2,0,1,1,26.24,31.06,41,23.9994,2012,6,4,13,0,0,2,1,274
1,0,1,2,18.04,21.97,0,26.0027,2011,3,10,17,3,0,1,0,111
4,0,1,2,16.4,20.455,62,27.9993,2011,11,17,4,3,0,1,1,4
4,0,0,1,9.84,11.365,56,16.9979,2011,11,19,5,5,1,0,1,2
2,0,0,2,22.14,25.76,68,8.9981,2012,5,13,1,6,1,2,1,94
3,0,0,1,28.7,33.335,84,15.0013,2012,8,4,5,5,1,2,2,17
3,0,1,1,26.24,28.79,89,11.0014,2012,9,6,23,3,0,2,2,169
3,0,0,3,28.7,33.335,74,8.9981,2012,8,5,18,6,1,2,2,229
2,0,1,3,18.04,21.97,77,15.0013,2011,4,12,18,1,0,1,2,224
3,1,0,1,34.44,40.15,53,8.9981,2012,7,4,21,2,0,3,1,584
2,0,1,1,31.16,34.09,48,11.0014,2012,5,4,16,4,0,3,1,440
3,0,1,2,27.88,31.82,61,0.0,2012,7,13,3,4,0,2,1,9
4,1,0,1,15.58,19.695,37,31.0009,2011,11,11,14,4,0,1,0,247
1,0,1,1,14.76,15.91,50,35.0008,2011,2,14,21,0,0,1,1,43
4,0,0,1,13.12,16.665,61,8.9981,2011,12,3,10,5,1,1,1,195
1,0,0,2,14.76,17.425,40,11.0014,2012,3,4,2,6,1,1,0,80
1,0,0,1,16.4,20.455,43,23.9994,2011,3,13,18,6,1,1,1,147
4,0,1,1,16.4,20.455,54,15.0013,2012,12,19,11,2,0,1,1,200
1,0,1,1,14.76,16.665,43,16.9979,2012,2,6,19,0,0,1,1,291
4,0,0,1,14.76,17.425,66,15.0013,2012,11,18,23,6,1,1,1,59
1,0,0,2,16.4,20.455,30,23.9994,2012,3,4,0,6,1,1,0,72
2,0,0,1,14.76,16.665,32,16.9979,2012,4,7,3,5,1,1,0,28
4,0,0,1,22.14,25.76,73,15.0013,2012,10,14,20,6,1,2,2,246
1,0,0,1,7.38,7.575,37,27.9993,2012,2,12,17,6,1,0,0,87
2,0,1,3,17.22,21.21,82,16.9979,2011,4,13,12,2,0,1,2,95
4,0,0,2,15.58,19.695,76,11.0014,2011,10,2,19,6,1,1,2,162
1,0,1,1,9.02,11.365,37,12.998,2012,2,13,11,0,0,0,0,90
3,0,0,1,33.62,37.12,43,19.0012,2011,7,10,18,6,1,3,1,363
1,0,1,2,10.66,13.635,56,7.0015,2012,1,9,13,0,0,1,1,80
3,0,1,1,25.42,31.06,38,19.9995,2012,9,10,19,0,0,2,0,633
3,0,1,1,29.52,33.335,51,8.9981,2011,9,1,11,3,0,2,1,192
4,0,1,1,12.3,14.395,45,15.0013,2011,11,17,19,3,0,1,1,217
1,0,0,2,13.12,16.665,49,7.0015,2012,1,8,5,6,1,1,1,2
4,0,0,2,13.94,18.18,76,0.0,2012,12,1,18,5,1,1,2,297
4,0,1,1,20.5,24.24,45,11.0014,2011,11,7,17,0,0,2,1,528
3,0,0,1,32.8,37.12,49,19.9995,2011,7,17,13,6,1,3,1,472
3,0,1,1,27.88,31.82,82,8.9981,2012,9,4,2,1,0,2,2,5
3,0,1,3,25.42,27.275,94,11.0014,2011,9,8,6,3,0,2,2,56
3,0,1,1,35.26,12.12,34,27.9993,2012,8,17,14,4,0,3,0,328
3,0,0,1,27.88,31.82,65,15.0013,2011,7,17,8,6,1,2,1,118
3,0,1,1,37.72,40.91,29,11.0014,2012,7,17,16,1,0,3,0,381
2,0,0,2,27.06,30.305,78,8.9981,2011,6,19,3,6,1,2,2,30
2,0,1,1,10.66,13.635,60,8.9981,2011,4,6,3,2,0,1,1,4
2,0,1,2,18.86,22.725,72,0.0,2012,4,19,9,3,0,1,2,301
1,0,1,1,8.2,9.85,55,15.0013,2011,2,16,6,2,0,0,1,33
1,0,1,1,17.22,21.21,38,16.9979,2012,1,10,17,1,0,1,0,460
4,0,0,1,13.94,17.425,87,6.0032,2011,11,6,23,6,1,1,2,50
4,0,1,1,14.76,16.665,43,22.0028,2012,11,5,12,0,0,1,1,244
3,0,1,1,21.32,25.0,68,15.0013,2012,9,10,7,0,0,2,1,447
2,0,0,1,20.5,24.24,63,7.0015,2012,4,15,7,6,1,2,1,46
1,0,0,3,17.22,21.21,88,16.9979,2011,1,1,19,5,1,1,2,37
2,0,1,1,21.32,25.0,88,8.9981,2011,5,3,5,1,0,2,2,14
2,0,0,2,18.04,21.97,77,0.0,2011,5,8,5,6,1,1,2,5
2,0,0,2,18.04,21.97,94,0.0,2011,4,16,21,5,1,1,2,14
2,0,1,1,25.42,30.305,69,8.9981,2011,6,7,1,1,0,2,1,4
3,0,1,1,28.7,32.575,65,19.0012,2011,8,8,6,0,0,2,1,95
1,0,1,2,8.2,9.85,64,12.998,2011,1,7,0,4,0,0,1,17
1,0,1,2,10.66,14.395,87,6.0032,2012,1,11,11,2,0,1,2,99
2,0,1,3,30.34,34.09,58,30.0026,2012,6,1,16,4,0,3,1,222
4,0,1,2,14.76,18.18,71,7.0015,2011,10,3,8,0,0,1,2,372
3,0,0,1,29.52,34.85,74,16.9979,2012,8,5,5,6,1,2,2,19
1,0,0,1,11.48,14.395,65,7.0015,2011,3,12,9,5,1,1,1,101
4,0,1,1,20.5,24.24,82,7.0015,2011,10,5,21,2,0,2,2,201
3,0,1,2,29.52,33.335,48,8.9981,2012,9,14,15,4,0,2,1,367
1,0,0,1,9.84,12.12,65,11.0014,2011,2,6,7,6,1,0,1,8
4,0,1,1,15.58,19.695,37,16.9979,2011,12,13,16,1,0,1,0,207
2,0,1,2,22.14,25.76,77,12.998,2011,5,12,23,3,0,2,2,103
1,0,0,2,12.3,16.665,52,0.0,2012,1,8,7,6,1,1,1,24
1,0,0,1,7.38,6.82,29,30.0026,2011,1,8,16,5,1,0,0,76
2,0,1,1,18.86,22.725,33,30.0026,2012,4,5,2,3,0,1,0,18
4,0,1,1,18.86,22.725,59,0.0,2011,11,7,19,0,0,1,1,300
2,0,1,1,24.6,31.06,43,12.998,2011,5,9,12,0,0,2,1,195
1,0,0,1,16.4,20.455,35,19.9995,2011,2,13,22,6,1,1,0,36
4,0,1,1,13.12,15.91,70,12.998,2011,12,15,7,3,0,1,1,258
2,0,1,1,20.5,24.24,59,0.0,2012,4,3,23,1,0,2,1,79
3,0,1,1,27.06,30.305,83,7.0015,2011,8,18,20,3,0,2,2,165
4,0,1,2,22.96,26.515,83,19.0012,2011,10,11,23,1,0,2,2,57
3,0,0,1,27.06,31.06,74,0.0,2011,7,10,5,6,1,2,2,17
1,0,1,3,12.3,14.395,87,16.9979,2012,1,17,10,1,0,1,2,62
1,0,1,2,13.94,15.91,53,15.0013,2011,2,17,2,3,0,1,1,6
2,0,0,1,9.84,12.12,70,11.0014,2011,4,2,4,5,1,0,1,5
4,0,1,1,12.3,16.665,87,0.0,2011,11,2,2,2,0,1,2,2
2,0,1,1,24.6,31.06,40,26.0027,2011,4,4,11,0,0,2,0,124
2,0,0,2,27.06,31.06,50,27.9993,2012,5,13,19,6,1,2,1,339
3,0,0,2,26.24,30.305,73,7.0015,2012,7,14,5,5,1,2,2,5
2,0,1,1,13.94,15.15,46,22.0028,2011,4,1,17,4,0,1,1,281
1,1,0,1,9.84,11.365,35,16.9979,2012,1,2,8,0,0,0,0,53
2,0,1,2,26.24,30.305,69,19.0012,2012,5,8,20,1,0,2,1,302
3,0,1,1,30.34,34.09,62,15.0013,2012,8,13,20,0,0,3,1,432
3,0,0,1,26.24,29.545,78,0.0,2011,9,11,8,6,1,2,2,94
2,0,1,1,21.32,25.0,68,6.0032,2012,6,8,6,4,0,2,1,139
2,0,1,2,21.32,25.0,83,8.9981,2011,5,13,10,4,0,2,2,130
4,0,1,2,11.48,13.635,52,15.0013,2012,12,13,0,3,0,1,1,32
4,0,1,1,17.22,21.21,88,8.9981,2012,12,4,7,1,0,1,2,502
4,0,1,3,18.86,22.725,100,12.998,2011,12,6,13,1,0,1,2,71
1,0,1,1,21.32,25.0,55,11.0014,2012,3,1,10,3,0,2,1,133
4,0,0,1,17.22,21.21,54,11.0014,2011,10,16,5,6,1,1,1,7
2,0,1,1,21.32,25.0,94,7.0015,2011,5,19,0,3,0,2,2,29
2,0,1,1,25.42,29.545,78,0.0,2012,5,3,22,3,0,2,2,246
4,0,0,1,14.76,17.425,46,11.0014,2011,11,5,12,5,1,1,1,372
2,0,1,1,22.96,26.515,49,15.0013,2012,6,5,20,1,0,2,1,415
3,0,1,1,34.44,36.365,32,11.0014,2012,7,2,18,0,0,3,0,730
1,0,1,2,9.02,12.12,73,7.0015,2012,1,6,6,4,0,0,2,70
1,0,1,1,13.94,14.395,42,36.9974,2011,2,2,18,2,0,1,1,182
3,0,1,1,25.42,28.79,83,11.0014,2011,9,14,8,2,0,2,2,429
1,0,1,1,16.4,20.455,62,8.9981,2012,2,1,10,2,0,1,1,133
3,0,0,1,27.06,29.545,89,6.0032,2012,9,1,23,5,1,2,2,145
1,0,1,1,27.06,31.06,34,23.9994,2011,2,18,17,4,0,2,0,327
4,0,1,1,10.66,12.88,48,11.0014,2011,11,18,0,4,0,1,1,30
2,0,1,2,23.78,27.275,83,6.0032,2012,5,14,21,0,0,2,2,152
4,0,0,1,9.84,11.365,70,12.998,2012,11,17,4,5,1,0,1,7
4,0,1,1,15.58,19.695,40,19.0012,2011,12,2,20,4,0,1,0,190
3,0,1,2,31.16,35.605,58,12.998,2012,7,2,1,0,0,3,1,17
3,0,1,2,27.06,30.305,83,15.0013,2012,7,9,5,0,0,2,2,28
3,0,1,1,35.26,12.12,30,31.0009,2012,8,17,15,4,0,3,0,383
2,0,1,1,27.06,31.06,54,12.998,2012,4,17,0,1,0,2,1,43
2,0,0,2,15.58,19.695,87,11.0014,2011,4,9,20,5,1,1,2,93
2,0,1,3,20.5,24.24,82,19.0012,2011,5,4,1,2,0,2,2,7
2,0,1,1,31.98,34.85,46,19.0012,2011,6,7,18,1,0,3,1,551
2,0,1,2,20.5,24.24,88,12.998,2011,5,13,5,4,0,2,2,25
1,0,0,2,8.2,11.365,75,6.0032,2011,2,13,2,6,1,0,2,20
3,0,1,1,26.24,28.03,94,0.0,2011,9,9,12,4,0,2,2,75
3,0,1,1,28.7,33.335,84,0.0,2012,8,7,3,1,0,2,2,6
3,0,0,1,31.16,34.85,55,11.0014,2011,7,9,19,5,1,3,1,306
1,0,1,1,10.66,12.12,30,16.9979,2011,1,3,16,0,0,1,0,76
4,0,1,1,12.3,14.395,33,19.0012,2012,11,8,8,3,0,1,0,668
4,0,1,1,18.04,21.97,67,19.0012,2011,11,14,3,0,0,1,1,7
3,0,1,3,33.62,37.88,46,8.9981,2011,7,13,14,2,0,3,1,116
1,0,1,1,22.96,26.515,68,11.0014,2012,3,19,11,0,0,2,1,201
4,1,0,1,29.52,32.575,37,0.0,2011,10,10,13,0,0,2,0,365
1,0,1,1,6.56,6.82,47,19.0012,2011,1,3,5,0,0,0,1,3
1,0,0,2,14.76,17.425,81,15.0013,2011,1,2,10,6,1,1,2,53
1,0,1,1,20.5,24.24,51,16.9979,2012,3,7,20,2,0,2,1,260
4,0,0,1,20.5,24.24,48,6.0032,2012,11,11,12,6,1,2,1,585
4,0,1,2,14.76,17.425,53,8.9981,2011,12,19,21,0,0,1,1,127
2,0,0,2,14.76,18.18,81,0.0,2011,4,9,11,5,1,1,2,142
2,0,0,1,21.32,25.0,36,12.998,2011,4,17,20,6,1,2,0,141
2,0,1,1,13.94,15.91,76,15.0013,2011,4,7,5,3,0,1,2,6
3,0,1,3,28.7,33.335,84,0.0,2011,8,3,19,2,0,2,2,321
2,0,1,1,33.62,40.15,59,8.9981,2011,6,8,19,2,0,3,1,384
1,0,1,1,18.86,22.725,33,19.0012,2012,1,6,19,4,0,1,0,272
3,0,0,1,29.52,34.85,79,8.9981,2012,7,15,23,6,1,2,2,91
4,0,1,1,15.58,19.695,94,0.0,2012,12,18,8,1,0,1,2,662
3,0,1,1,29.52,34.85,74,8.9981,2012,9,7,10,4,0,2,2,224
4,0,1,1,13.94,17.425,46,7.0015,2011,12,1,19,3,0,1,1,228
1,0,1,2,9.02,11.365,87,8.9981,2011,2,1,20,1,0,0,2,74
3,0,1,1,28.7,33.335,84,8.9981,2012,8,7,2,1,0,2,2,13
3,0,1,2,32.8,39.395,63,23.9994,2011,7,8,14,4,0,3,1,216
1,0,1,2,9.02,12.88,93,6.0032,2011,1,18,22,1,0,0,2,33
2,0,1,2,25.42,31.06,33,0.0,2011,5,10,14,1,0,2,0,176
4,0,1,1,10.66,12.88,52,15.0013,2011,11,17,23,3,0,1,1,58
4,0,0,3,16.4,20.455,76,12.998,2011,10,1,17,5,1,1,2,228
1,1,0,1,12.3,13.635,36,27.9993,2012,1,2,14,0,0,1,0,151
1,0,1,1,8.2,11.365,47,6.0032,2011,2,3,20,3,0,0,1,109
3,0,0,3,27.06,30.305,78,11.0014,2012,8,11,23,5,1,2,2,163
3,0,1,1,37.72,40.91,29,12.998,2011,8,1,14,0,0,3,0,123
4,0,1,1,9.02,10.605,55,19.0012,2012,12,6,5,3,0,0,1,32
2,0,1,1,17.22,21.21,35,12.998,2012,4,12,23,3,0,1,0,94
2,0,1,1,20.5,24.24,59,6.0032,2012,5,18,1,4,0,2,1,49
3,0,0,1,27.88,31.82,79,7.0015,2012,7,1,5,6,1,2,2,10
1,0,1,3,18.04,21.97,0,15.0013,2011,3,10,15,3,0,1,0,14
2,0,0,1,28.7,32.575,58,11.0014,2011,6,5,14,6,1,2,1,385
1,0,0,1,6.56,8.335,37,11.0014,2012,1,15,19,6,1,0,0,110
1,0,1,1,16.4,20.455,40,7.0015,2012,1,10,18,1,0,1,0,385
3,0,1,2,22.14,25.76,94,19.9995,2011,9,6,4,1,0,2,2,4
3,0,0,1,29.52,35.605,84,8.9981,2011,8,7,20,6,1,2,2,183
2,0,0,2,14.76,17.425,76,11.0014,2012,4,1,1,6,1,1,2,62
3,0,1,2,31.98,35.605,49,11.0014,2011,8,3,2,2,0,3,1,11
1,0,1,1,26.24,31.06,33,22.0028,2011,2,18,18,4,0,2,0,224
1,0,1,1,18.86,22.725,24,26.0027,2012,3,9,17,4,0,1,0,566
1,0,1,3,13.12,14.395,70,32.9975,2012,1,13,4,4,0,1,1,3
3,0,1,2,22.14,25.76,94,15.0013,2011,9,7,0,2,0,2,2,13
4,0,1,2,13.12,16.665,53,8.9981,2011,12,12,14,0,0,1,1,111
4,0,1,2,13.12,15.15,45,16.9979,2011,12,16,18,4,0,1,1,295
4,0,1,2,23.78,27.275,64,23.9994,2012,10,15,2,0,0,2,1,6
1,0,1,1,6.56,11.365,64,0.0,2011,1,6,1,3,0,0,1,4
1,0,0,2,12.3,14.395,56,16.9979,2012,2,5,15,6,1,1,1,272
4,1,0,3,16.4,20.455,76,16.9979,2012,10,8,22,0,0,1,2,107
1,1,0,1,10.66,10.605,35,32.9975,2012,1,2,11,0,0,1,0,175
2,0,1,1,18.04,21.97,77,11.0014,2011,5,2,4,0,0,1,2,17
2,0,0,1,22.14,25.76,68,19.0012,2012,6,2,4,5,1,2,1,13
2,0,1,3,12.3,13.635,93,27.9993,2011,4,8,19,4,0,1,2,53
2,0,1,1,20.5,24.24,94,0.0,2011,5,19,2,3,0,2,2,15
1,0,0,1,11.48,12.88,38,19.9995,2011,1,15,13,5,1,1,0,101
4,0,1,2,21.32,25.0,77,12.998,2011,10,18,23,1,0,2,2,70
3,0,0,1,29.52,34.09,70,15.0013,2011,9,3,17,5,1,2,1,371
3,0,0,1,29.52,33.335,54,19.0012,2011,7,2,23,5,1,2,1,154
2,0,1,1,25.42,31.06,41,15.0013,2011,5,9,15,0,0,2,1,199
4,0,1,3,25.42,27.275,94,6.0032,2012,10,2,18,1,0,2,2,687
4,0,0,2,16.4,20.455,82,7.0015,2012,10,7,19,6,1,1,2,114
4,0,1,2,21.32,25.0,77,6.0032,2011,10,18,9,1,0,2,2,227
4,0,1,1,16.4,20.455,40,15.0013,2011,12,1,13,3,0,1,0,154
4,0,0,2,14.76,17.425,87,8.9981,2012,12,16,8,6,1,1,2,88
2,0,1,1,21.32,25.0,100,8.9981,2011,5,18,6,2,0,2,2,101
2,0,0,1,22.96,26.515,64,11.0014,2012,5,13,8,6,1,2,1,156
1,0,0,2,10.66,11.365,56,22.0028,2012,2,19,11,6,1,1,1,226
2,0,0,2,27.88,31.82,44,23.9994,2012,5,13,18,6,1,2,1,389
1,0,0,1,13.12,16.665,53,8.9981,2012,1,8,9,6,1,1,1,125
3,0,1,1,27.06,30.305,78,7.0015,2012,7,16,5,0,0,2,2,50
4,0,1,1,13.12,15.15,53,15.0013,2012,12,11,19,1,0,1,1,433
4,0,1,2,22.14,25.76,68,8.9981,2011,10,18,21,1,0,2,1,206
1,0,0,2,12.3,13.635,61,19.9995,2012,2,11,15,5,1,1,1,124
1,0,1,3,17.22,21.21,0,15.0013,2011,3,10,12,3,0,1,0,34
1,0,0,2,9.84,11.365,70,15.0013,2012,2,5,9,6,1,0,1,92
4,0,0,1,13.94,17.425,53,6.0032,2012,11,17,19,5,1,1,1,253
4,0,0,1,9.84,14.395,87,0.0,2011,11,6,4,6,1,0,2,6
1,0,1,1,11.48,12.88,30,19.9995,2011,1,5,13,2,0,1,0,71
2,0,1,1,18.86,22.725,77,12.998,2012,5,10,4,3,0,1,2,2
2,0,1,2,12.3,14.395,93,15.0013,2011,4,8,23,4,0,1,2,35
1,1,0,2,6.56,7.575,50,16.9979,2011,1,17,10,0,0,0,1,57
1,0,1,1,25.42,31.06,29,39.0007,2011,2,18,19,4,0,2,0,162
1,0,0,1,9.02,10.605,75,16.9979,2011,3,12,6,5,1,0,2,4
3,0,1,1,34.44,37.88,41,19.9995,2011,8,8,15,0,0,3,1,126
4,0,0,1,18.04,21.97,44,19.0012,2011,11,12,12,5,1,1,1,366
4,0,1,2,19.68,23.485,55,32.9975,2011,11,4,12,4,0,1,1,197
1,0,0,1,6.56,8.335,47,11.0014,2012,1,14,2,5,1,0,1,38
2,0,1,1,26.24,31.06,27,19.0012,2012,4,17,14,1,0,2,0,257
2,0,0,2,22.14,25.76,68,11.0014,2012,5,13,2,6,1,2,1,82
1,0,1,1,18.04,21.97,44,19.0012,2012,2,1,2,2,0,1,1,7
2,0,1,1,17.22,21.21,54,0.0,2011,4,7,2,3,0,1,1,7
1,0,0,1,11.48,14.395,61,7.0015,2011,2,6,20,6,1,1,1,26
2,0,0,2,14.76,16.665,76,16.9979,2012,4,1,0,6,1,1,2,67
4,0,1,2,14.76,17.425,66,15.0013,2012,11,19,4,0,0,1,1,12
1,0,1,1,16.4,20.455,35,7.0015,2011,3,14,16,0,0,1,0,107
2,0,1,1,29.52,33.335,54,8.9981,2012,5,3,17,3,0,2,1,704
1,0,1,2,9.02,11.365,55,11.0014,2011,2,16,8,2,0,0,1,230
1,0,1,3,16.4,20.455,87,0.0,2012,2,2,8,3,0,1,2,445
3,0,1,1,32.8,37.12,52,23.9994,2011,8,18,13,3,0,3,1,187
1,0,0,1,4.1,3.79,49,26.0027,2012,2,12,5,6,1,0,1,3
3,0,1,1,28.7,32.575,65,8.9981,2012,7,3,3,1,0,2,1,2
4,0,0,1,17.22,21.21,35,19.9995,2012,11,17,15,5,1,1,0,549
3,0,1,1,31.98,37.12,59,11.0014,2012,9,7,12,4,0,3,1,323
3,1,0,1,30.34,34.85,70,8.9981,2012,9,3,17,0,0,3,1,498
2,0,1,1,20.5,24.24,27,16.9979,2012,4,2,19,0,0,2,0,494
2,0,0,1,22.96,26.515,49,6.0032,2012,5,12,10,5,1,2,1,411
3,0,0,2,27.88,31.82,69,0.0,2012,8,19,10,6,1,2,1,425
2,0,0,2,27.06,30.305,78,11.0014,2011,6,19,6,6,1,2,2,33
1,0,1,2,17.22,21.21,50,19.9995,2012,3,2,15,4,0,1,1,78
2,0,1,1,18.86,22.725,72,6.0032,2012,5,18,3,4,0,1,2,14
3,0,0,1,26.24,30.305,69,15.0013,2011,7,17,3,6,1,2,1,47
3,0,1,1,28.7,33.335,79,8.9981,2012,9,7,9,4,0,2,2,344
1,0,0,1,9.02,12.12,80,7.0015,2012,2,18,9,5,1,0,2,138
2,0,0,2,20.5,24.24,59,11.0014,2012,4,1,21,6,1,2,1,134
4,0,1,3,17.22,21.21,94,12.998,2011,12,7,16,2,0,1,2,31
4,0,0,1,8.2,10.605,75,11.0014,2011,12,17,22,5,1,0,2,80
1,0,1,2,7.38,9.09,40,15.0013,2011,2,9,12,2,0,0,0,61
3,0,1,1,31.16,35.605,62,22.0028,2011,8,4,16,3,0,3,1,290
4,0,0,1,16.4,20.455,58,12.998,2012,10,13,21,5,1,1,1,204
4,0,0,2,14.76,18.18,100,6.0032,2012,12,8,7,5,1,1,2,39
4,0,1,2,16.4,20.455,87,8.9981,2012,12,17,13,0,0,1,2,210
4,0,0,2,15.58,19.695,87,19.0012,2012,12,9,13,6,1,1,2,285
3,0,1,2,29.52,34.09,62,12.998,2012,8,15,9,2,0,2,1,367
4,0,1,1,14.76,17.425,34,8.9981,2012,12,13,15,3,0,1,0,280
1,0,1,3,13.94,15.91,0,16.9979,2011,3,10,1,3,0,1,0,2
3,0,1,2,27.88,31.82,54,7.0015,2012,7,13,1,4,0,2,1,59
2,0,1,3,15.58,19.695,94,12.998,2011,4,13,8,2,0,1,2,164
1,0,1,2,11.48,15.91,41,0.0,2012,2,14,2,1,0,1,1,3
2,0,0,2,14.76,18.18,93,6.0032,2011,4,10,6,6,1,1,2,4
2,0,1,1,17.22,21.21,26,15.0013,2012,4,9,6,0,0,1,0,111
1,0,0,1,3.28,4.545,53,12.998,2011,1,9,7,6,1,0,1,6
4,0,0,2,13.94,15.91,49,16.9979,2012,11,3,2,5,1,1,1,46
2,0,0,1,22.14,25.76,68,8.9981,2012,6,16,4,5,1,2,1,8
2,0,1,1,25.42,30.305,61,22.0028,2011,5,17,16,1,0,2,1,290
2,0,1,2,19.68,23.485,67,0.0,2011,4,19,6,1,0,1,1,65
2,0,1,2,14.76,15.91,57,32.9975,2011,4,5,14,1,0,1,1,76
3,0,1,2,27.88,31.82,89,19.9995,2011,8,4,7,3,0,2,2,282
2,0,1,1,33.62,38.635,52,15.0013,2011,6,10,17,4,0,3,1,517
2,0,1,1,10.66,13.635,65,7.0015,2011,4,6,7,2,0,1,1,133
2,0,1,1,18.04,21.97,33,19.9995,2012,4,11,16,2,0,1,0,307
1,0,1,1,4.1,3.79,50,27.9993,2011,2,10,7,3,0,0,1,99
4,0,1,2,14.76,16.665,66,19.9995,2012,11,19,8,0,0,1,1,663
4,0,1,1,9.84,11.365,60,12.998,2012,12,13,8,3,0,0,1,679
2,1,0,1,16.4,20.455,76,0.0,2011,4,15,3,4,0,1,2,3
2,0,0,1,25.42,29.545,73,0.0,2012,6,10,6,6,1,2,2,30
2,0,0,1,20.5,24.24,20,15.0013,2012,4,7,20,5,1,2,0,208
2,1,0,2,18.86,22.725,67,26.0027,2011,4,15,18,4,0,1,1,263
2,0,1,1,19.68,23.485,31,16.9979,2012,4,5,19,3,0,1,0,487
1,0,1,3,9.02,10.605,93,15.0013,2011,2,2,7,2,0,0,2,49
1,0,1,1,16.4,20.455,37,6.0032,2012,2,3,17,4,0,1,0,488
2,0,1,1,22.96,26.515,73,19.9995,2011,5,16,8,0,0,2,2,394
4,0,0,3,14.76,17.425,93,15.0013,2011,10,1,23,5,1,1,2,65
4,0,1,1,22.96,26.515,56,19.9995,2011,10,4,12,1,0,2,1,199
3,0,1,1,30.34,34.09,58,19.0012,2012,7,19,7,3,0,3,1,473
4,0,0,2,12.3,14.395,52,16.9979,2011,12,17,1,5,1,1,1,43
1,0,1,1,10.66,12.88,60,15.0013,2012,1,13,7,4,0,1,1,177
3,0,1,1,21.32,25.0,83,0.0,2012,9,13,3,3,0,2,2,11
4,0,1,2,28.7,32.575,70,7.0015,2012,10,3,12,2,0,2,1,358
2,0,1,2,28.7,32.575,61,19.9995,2011,6,16,15,3,0,2,1,159
1,0,1,1,9.84,12.12,65,8.9981,2012,2,6,0,0,0,0,1,21
3,0,0,2,26.24,29.545,78,7.0015,2012,8,19,17,6,1,2,2,343
4,0,1,1,17.22,21.21,38,12.998,2012,11,16,13,4,0,1,0,278
2,0,1,1,24.6,31.06,46,15.0013,2011,5,9,11,0,0,2,1,125
3,0,0,3,26.24,28.79,83,8.9981,2012,8,19,13,6,1,2,2,162
1,0,1,1,22.96,26.515,56,7.0015,2012,3,14,10,2,0,2,1,188
1,0,0,1,13.94,16.665,42,11.0014,2012,2,18,0,5,1,1,1,86
4,0,1,1,21.32,25.0,59,11.0014,2011,10,17,4,0,0,2,1,5
2,0,0,1,21.32,25.0,77,12.998,2012,5,6,23,6,1,2,2,102
2,0,0,2,21.32,25.0,100,0.0,2011,5,15,3,6,1,2,2,32
4,0,1,2,13.12,15.91,76,12.998,2012,12,7,11,4,0,1,2,203
4,0,0,1,12.3,15.91,61,7.0015,2012,11,4,0,6,1,1,1,102
2,0,1,1,31.16,37.12,75,12.998,2011,6,8,23,2,0,3,2,116
2,0,1,1,22.14,25.76,45,19.9995,2011,6,3,6,4,0,2,1,106
4,0,1,1,22.96,26.515,46,7.0015,2011,11,8,14,1,0,2,1,161
1,0,0,1,18.04,21.97,41,23.9994,2011,3,13,17,6,1,1,1,241
1,0,1,1,13.12,15.91,81,12.998,2012,1,12,8,3,0,1,2,508
4,0,0,1,11.48,13.635,45,15.0013,2011,12,17,16,5,1,1,1,222
3,0,1,1,31.16,33.335,37,6.0032,2012,8,16,11,3,0,3,0,274
4,0,1,2,22.96,26.515,64,12.998,2011,11,15,11,1,0,2,1,134
2,0,0,1,29.52,34.09,66,0.0,2011,6,12,9,6,1,2,1,182
2,0,1,1,13.94,16.665,61,11.0014,2012,4,13,3,4,0,1,1,11
2,0,0,1,11.48,15.15,70,6.0032,2011,4,3,4,6,1,1,1,3
2,1,0,1,14.76,18.18,81,6.0032,2011,4,15,6,4,0,1,2,47
1,0,1,1,7.38,9.85,59,8.9981,2012,3,5,7,0,0,0,1,260
3,0,0,1,27.88,31.82,89,11.0014,2012,7,15,0,6,1,2,2,187
3,0,1,1,24.6,29.545,69,8.9981,2012,9,13,22,3,0,2,1,251
4,0,0,1,15.58,19.695,71,0.0,2011,12,4,18,6,1,1,2,171
2,0,1,3,24.6,27.275,88,8.9981,2012,6,1,22,4,0,2,2,23
3,0,0,1,36.9,42.425,42,31.0009,2012,8,5,14,6,1,3,1,526
4,0,1,1,10.66,11.365,52,22.0028,2011,12,8,10,3,0,1,1,110
1,0,1,1,18.86,22.725,63,23.9994,2012,1,17,20,1,0,1,1,180
2,0,0,1,25.42,29.545,78,8.9981,2011,6,5,23,6,1,2,2,86
4,0,1,1,14.76,17.425,66,8.9981,2012,11,9,20,4,0,1,1,255
2,0,1,2,20.5,24.24,82,15.0013,2012,5,7,9,0,0,2,2,350
2,0,1,1,18.86,22.725,94,19.0012,2011,4,11,2,0,0,1,2,9
2,0,1,1,13.94,17.425,71,7.0015,2012,4,10,6,1,0,1,2,103
2,0,1,2,16.4,20.455,87,12.998,2011,4,13,10,2,0,1,2,46
1,1,0,1,11.48,13.635,36,16.9979,2012,1,2,12,0,0,1,0,202
3,0,0,1,26.24,30.305,69,15.0013,2011,7,17,2,6,1,2,1,94
3,0,1,1,32.8,37.88,55,12.998,2011,8,9,18,1,0,3,1,585
4,0,1,2,20.5,24.24,63,15.0013,2012,12,4,20,1,0,2,1,306
4,0,0,2,12.3,15.91,70,7.0015,2012,11,17,23,5,1,1,1,133
2,0,1,1,18.04,21.97,44,11.0014,2011,5,6,0,4,0,1,1,56
4,0,1,1,21.32,25.0,52,11.0014,2011,11,3,15,3,0,2,1,162
4,0,1,3,14.76,16.665,87,19.0012,2012,10,9,3,1,0,1,2,3
1,0,1,1,9.02,9.09,64,31.0009,2011,3,7,9,0,0,0,1,134
3,0,1,1,26.24,28.79,89,7.0015,2012,9,7,7,4,0,2,2,486
2,0,1,1,27.88,31.82,34,22.0028,2011,4,4,13,0,0,2,0,139
3,0,1,1,27.06,31.06,74,8.9981,2011,7,11,5,0,0,2,2,26
1,0,1,1,8.2,8.335,44,27.9993,2011,1,3,1,0,0,0,1,2
2,0,1,1,29.52,33.335,54,26.0027,2011,6,16,12,3,0,2,1,206
4,0,1,2,20.5,24.24,88,7.0015,2012,12,10,16,0,0,2,2,345
1,0,1,2,9.02,12.88,44,6.0032,2011,2,15,23,1,0,0,1,20
1,0,1,1,16.4,20.455,47,15.0013,2012,1,10,5,1,0,1,1,23
4,0,0,1,14.76,16.665,46,26.0027,2012,11,3,10,5,1,1,1,328
1,0,0,1,18.04,21.97,21,8.9981,2012,3,3,22,5,1,1,0,134
1,0,1,1,5.74,4.545,26,35.0008,2012,1,3,18,1,0,0,0,224
1,0,1,1,14.76,16.665,34,19.0012,2012,3,6,17,1,0,1,0,446
3,0,0,1,26.24,31.06,61,12.998,2012,8,12,5,6,1,2,1,10
3,0,1,3,26.24,28.79,89,6.0032,2011,9,7,20,2,0,2,2,96
1,0,0,1,13.94,17.425,46,6.0032,2011,2,6,15,6,1,1,1,182
2,0,1,1,22.96,26.515,24,11.0014,2012,4,13,17,4,0,2,0,738
1,0,1,1,17.22,21.21,38,12.998,2012,2,7,18,1,0,1,0,518
1,0,1,1,11.48,13.635,61,15.0013,2012,3,6,23,1,0,1,1,54
2,0,0,1,24.6,31.06,46,6.0032,2011,6,4,8,5,1,2,1,125
2,0,1,1,29.52,34.09,62,11.0014,2012,6,11,10,0,0,2,1,147
3,0,0,2,26.24,28.03,94,11.0014,2011,8,14,5,6,1,2,2,10
3,0,1,1,31.16,36.365,66,15.0013,2012,8,8,19,2,0,3,1,686
4,0,0,1,15.58,19.695,66,11.0014,2011,10,16,6,6,1,1,1,10
4,0,1,1,23.78,27.275,49,12.998,2011,10,6,16,3,0,2,1,323
3,1,0,2,27.06,29.545,89,7.0015,2011,9,5,17,0,0,2,2,114
2,0,1,1,29.52,32.575,39,15.0013,2012,6,15,18,4,0,2,0,693
4,0,1,1,17.22,21.21,50,12.998,2012,12,19,14,2,0,1,1,218
1,0,0,3,18.86,22.725,59,16.9979,2012,1,1,18,6,1,1,1,106
2,0,0,2,14.76,17.425,76,8.9981,2012,4,1,6,6,1,1,2,97
4,0,1,1,17.22,21.21,88,7.0015,2012,12,4,0,1,0,1,2,55
1,0,0,1,7.38,9.09,29,15.0013,2012,1,15,18,6,1,0,0,120
1,0,0,1,5.74,7.575,86,8.9981,2011,2,12,8,5,1,0,2,30
3,0,1,2,31.16,36.365,70,11.0014,2011,7,19,8,1,0,3,1,412
3,0,1,1,28.7,33.335,79,8.9981,2011,7,12,0,1,0,2,2,22
4,0,0,2,14.76,17.425,93,8.9981,2012,12,8,1,5,1,1,2,100
3,0,1,1,27.88,31.82,54,12.998,2011,7,15,9,4,0,2,1,207
4,0,1,3,22.14,25.76,94,0.0,2012,10,19,7,4,0,2,2,154
4,1,0,1,18.86,22.725,88,0.0,2011,10,10,7,0,0,1,2,114
4,0,1,1,12.3,16.665,87,0.0,2011,11,8,6,1,0,1,2,99
4,0,0,3,16.4,20.455,87,15.0013,2012,12,9,7,6,1,1,2,23
4,0,0,1,15.58,19.695,71,6.0032,2012,11,10,22,5,1,1,2,193
4,0,1,3,22.14,25.76,94,7.0015,2011,10,12,20,2,0,2,2,90
1,0,0,1,11.48,13.635,38,11.0014,2011,2,12,19,5,1,1,0,41
3,0,1,1,28.7,33.335,84,6.0032,2012,9,5,23,2,0,2,2,150
2,0,1,3,24.6,27.275,88,11.0014,2012,6,12,4,1,0,2,2,4
3,0,1,1,27.06,30.305,83,0.0,2012,8,2,6,3,0,2,2,183
2,0,1,1,22.96,26.515,83,11.0014,2012,6,15,7,4,0,2,2,430
4,0,1,1,20.5,24.24,72,8.9981,2011,10,4,21,1,0,2,2,166
2,0,1,1,19.68,23.485,72,12.998,2011,5,11,7,2,0,1,2,318
2,0,1,1,13.94,17.425,81,7.0015,2011,5,6,5,4,0,1,2,16
4,0,1,1,13.12,15.91,39,12.998,2011,11,17,18,3,0,1,0,307
3,1,0,1,27.06,31.06,69,0.0,2012,7,4,5,2,0,2,1,19
4,0,1,1,22.96,26.515,43,0.0,2011,10,17,11,0,0,2,1,166
1,0,0,1,9.84,12.12,70,11.0014,2012,3,11,6,6,1,0,1,10
3,0,0,1,22.96,26.515,73,15.0013,2012,9,9,1,6,1,2,2,124
1,0,1,3,12.3,16.665,81,0.0,2012,1,11,12,2,0,1,2,55
2,0,1,1,22.96,26.515,24,8.9981,2012,4,3,20,1,0,2,0,379
2,0,1,1,19.68,23.485,48,7.0015,2012,5,10,23,3,0,1,1,135
4,0,1,1,22.14,25.76,64,11.0014,2011,10,18,20,1,0,2,1,227
2,0,1,2,20.5,24.24,59,12.998,2012,5,1,0,1,0,2,1,35
2,0,1,1,31.16,35.605,62,11.0014,2012,6,19,21,1,0,3,1,276
3,0,1,2,34.44,37.12,36,8.9981,2012,7,3,19,1,0,3,0,497
1,0,1,2,6.56,9.09,69,7.0015,2011,2,1,1,1,0,0,1,3
1,0,1,3,5.74,6.82,86,12.998,2011,2,10,0,3,0,0,2,16
1,0,1,3,18.86,22.725,94,7.0015,2012,3,1,1,3,0,1,2,12
1,0,0,2,12.3,14.395,52,19.0012,2012,2,19,20,6,1,1,1,103
2,0,1,1,18.86,22.725,59,19.9995,2011,4,7,19,3,0,1,1,226
3,0,1,1,33.62,37.12,41,15.0013,2012,8,14,14,1,0,3,1,255
4,0,1,1,14.76,17.425,43,8.9981,2012,11,14,14,2,0,1,1,181
1,0,1,1,4.1,5.305,54,15.0013,2012,2,13,6,0,0,0,1,72
4,0,1,2,15.58,19.695,87,6.0032,2011,11,4,6,4,0,1,2,66
3,0,1,1,30.34,34.09,62,0.0,2011,8,1,7,0,0,3,1,282
1,0,0,1,5.74,7.575,50,8.9981,2012,1,14,7,5,1,0,1,24
2,0,1,1,13.12,15.15,81,16.9979,2011,4,7,6,3,0,1,2,64
4,0,1,1,13.94,15.15,49,23.9994,2012,11,13,17,1,0,1,1,608
1,0,1,2,8.2,9.09,34,19.0012,2011,2,9,15,2,0,0,0,64
2,0,1,3,10.66,12.88,93,12.998,2011,4,1,2,4,0,1,2,7
4,0,1,1,23.78,27.275,46,7.0015,2011,11,8,15,1,0,2,1,188
2,0,1,2,25.42,30.305,65,22.0028,2012,5,8,12,1,0,2,1,263
2,0,1,1,18.86,22.725,82,7.0015,2012,5,18,7,4,0,1,2,515
3,0,0,1,30.34,34.85,70,16.9979,2012,8,5,1,6,1,3,1,87
1,0,1,1,6.56,6.82,59,22.0028,2011,1,12,9,2,0,0,1,81
4,0,0,1,13.94,16.665,81,11.0014,2011,12,4,11,6,1,1,2,254
3,0,1,1,33.62,38.635,52,11.0014,2011,7,12,11,1,0,3,1,125
2,0,1,1,18.04,21.97,88,8.9981,2011,5,12,3,3,0,1,2,5
1,0,0,1,13.12,17.425,76,0.0,2012,1,1,2,6,1,1,2,75
1,0,1,1,15.58,19.695,46,26.0027,2012,2,15,12,2,0,1,1,163
1,0,1,1,4.1,6.06,54,8.9981,2011,1,10,4,0,0,0,1,3
4,0,1,1,13.12,17.425,93,0.0,2011,11,9,2,2,0,1,2,5
1,0,1,1,9.02,11.365,51,11.0014,2011,2,4,11,4,0,0,1,64
3,0,1,1,35.26,41.665,53,19.0012,2011,7,11,14,0,0,3,1,134
4,0,0,3,16.4,20.455,82,12.998,2012,10,7,18,6,1,1,2,106
4,0,1,1,23.78,27.275,49,12.998,2011,10,17,14,0,0,2,1,166
3,0,0,2,26.24,28.79,83,12.998,2011,7,9,6,5,1,2,2,38
1,0,1,1,8.2,8.335,40,30.0026,2011,2,3,0,3,0,0,0,12
4,0,1,2,20.5,24.24,82,15.0013,2012,12,10,22,0,0,2,2,126
4,0,1,1,21.32,25.0,77,0.0,2012,10,5,5,4,0,2,2,41
2,0,1,2,23.78,27.275,88,8.9981,2012,5,16,1,2,0,2,2,21
2,0,0,1,16.4,20.455,76,7.0015,2011,5,1,4,6,1,1,2,17
1,0,1,1,15.58,19.695,43,15.0013,2012,2,6,18,0,0,1,1,437
4,0,1,3,22.14,25.76,94,8.9981,2011,10,12,18,2,0,2,2,172
3,0,0,1,31.16,34.09,40,8.9981,2012,8,12,15,6,1,3,0,577
3,0,1,1,29.52,34.85,79,0.0,2011,7,8,1,4,0,2,2,34
1,0,0,2,16.4,20.455,100,8.9981,2012,3,17,7,5,1,1,2,86
4,0,0,1,13.94,15.91,49,15.0013,2012,11,17,9,5,1,1,1,248
3,0,1,1,18.04,21.97,67,15.0013,2011,9,15,23,3,0,1,1,69
1,0,1,1,9.84,13.635,62,7.0015,2011,3,1,22,1,0,0,1,47
2,0,1,1,23.78,27.275,83,16.9979,2011,5,16,19,0,0,2,2,308
1,0,0,2,19.68,23.485,59,22.0028,2011,3,5,18,5,1,1,1,152
3,0,0,1,28.7,33.335,84,8.9981,2011,8,7,4,6,1,2,2,6
2,0,1,2,16.4,20.455,62,26.0027,2011,4,8,11,4,0,1,1,98
2,0,1,1,13.12,15.15,66,19.0012,2011,4,1,10,4,0,1,1,75
4,1,0,1,15.58,19.695,87,0.0,2012,11,12,5,0,0,1,2,24
1,0,1,1,11.48,13.635,36,11.0014,2011,1,6,14,3,0,1,0,70
3,0,1,1,32.8,38.635,59,16.9979,2012,9,7,14,4,0,3,1,253
3,0,1,1,32.8,35.605,38,12.998,2012,7,11,16,2,0,3,0,411
4,0,1,2,14.76,18.18,76,7.0015,2011,10,3,5,0,0,1,2,21
4,0,1,2,18.04,21.97,94,19.0012,2011,12,6,6,1,0,1,2,86
2,0,1,1,30.34,33.335,42,8.9981,2011,6,6,11,0,0,3,1,111
2,0,1,1,25.42,30.305,65,11.0014,2012,6,15,9,4,0,2,1,366
2,0,1,1,21.32,25.0,83,11.0014,2011,5,13,1,4,0,2,2,20
4,0,1,2,25.42,27.275,94,0.0,2012,10,3,2,2,0,2,2,9
3,0,1,2,26.24,28.79,89,22.0028,2012,9,18,5,1,0,2,2,48
1,0,1,2,12.3,14.395,33,12.998,2011,3,8,10,1,0,1,0,71
3,0,1,1,32.8,34.85,33,7.0015,2012,8,16,12,3,0,3,0,343
2,0,0,3,21.32,25.0,83,11.0014,2012,5,6,5,6,1,2,2,11
3,1,0,3,27.06,29.545,94,16.9979,2011,9,5,20,0,0,2,2,82
3,0,1,1,31.16,36.365,66,15.0013,2011,7,18,22,0,0,3,1,140
3,0,1,1,29.52,34.85,74,27.9993,2011,7,11,20,0,0,2,2,236
2,0,1,1,22.96,26.515,35,35.0008,2012,5,10,18,3,0,2,0,770
2,0,1,3,22.96,26.515,83,16.9979,2011,5,18,9,2,0,2,2,202
1,0,0,1,18.86,22.725,31,19.0012,2012,3,11,14,6,1,1,0,501
3,0,1,1,31.16,34.85,55,0.0,2012,7,5,7,3,0,3,1,343
2,0,0,2,21.32,25.0,100,8.9981,2011,5,15,6,6,1,2,2,17
3,0,0,1,27.06,31.06,74,0.0,2011,9,11,9,6,1,2,2,227
1,0,1,2,8.2,11.365,51,7.0015,2011,1,11,12,1,0,0,1,57
3,0,1,2,30.34,34.09,55,16.9979,2012,7,9,14,0,0,3,1,242
2,0,1,1,17.22,21.21,44,12.998,2012,4,2,22,0,0,1,1,123
4,0,1,1,27.06,31.06,61,16.9979,2012,10,19,14,4,0,2,1,365
3,0,0,2,27.06,29.545,89,11.0014,2012,8,11,21,5,1,2,2,128
3,0,1,2,30.34,12.12,55,26.0027,2012,8,17,19,4,0,3,1,491
3,0,0,1,28.7,32.575,65,19.0012,2011,7,16,22,5,1,2,1,201
4,0,0,1,13.94,15.15,34,27.9993,2011,12,10,13,5,1,1,0,286
3,0,0,1,30.34,34.85,70,0.0,2012,9,2,16,6,1,3,1,474
1,0,1,2,8.2,9.85,40,15.0013,2011,1,10,14,0,0,0,0,47
2,0,1,1,23.78,27.275,49,19.9995,2012,6,4,23,0,0,2,1,86
3,0,1,1,27.88,31.82,83,6.0032,2011,7,6,5,2,0,2,2,35
3,0,1,1,33.62,35.605,28,19.9995,2011,8,10,18,2,0,3,0,559
4,0,0,1,22.14,25.76,88,16.9979,2012,10,6,6,5,1,2,2,30
3,0,1,1,35.26,38.635,39,7.0015,2012,7,6,20,4,0,3,0,336
3,0,1,1,25.42,31.06,53,16.9979,2011,7,14,7,3,0,2,1,334
3,0,1,1,27.88,31.82,74,16.9979,2012,9,6,19,3,0,2,2,558
3,0,0,1,24.6,28.03,83,8.9981,2011,9,11,4,6,1,2,2,9
1,0,1,1,21.32,25.0,27,16.9979,2012,1,6,15,4,0,2,0,222
2,0,1,1,24.6,30.305,60,19.9995,2012,5,14,2,0,0,2,1,2
2,0,0,1,18.86,22.725,82,7.0015,2011,5,1,11,6,1,1,2,250
4,0,1,2,21.32,25.0,68,8.9981,2011,11,15,16,1,0,2,1,271
1,0,0,1,9.02,10.605,51,16.9979,2011,1,16,9,6,1,0,1,32
4,0,0,1,25.42,31.06,46,22.0028,2012,10,14,12,6,1,2,1,562
3,0,0,1,27.88,31.82,47,6.0032,2011,7,2,0,5,1,2,1,115
2,0,0,1,33.62,37.12,41,19.0012,2012,6,10,17,6,1,3,1,521
3,0,0,1,27.06,31.06,47,16.9979,2012,9,9,11,6,1,2,1,585
3,0,1,1,32.8,36.365,46,12.998,2012,7,10,11,1,0,3,1,249
1,0,1,1,9.84,12.12,65,11.0014,2012,2,3,6,4,0,0,1,88
3,0,0,1,37.72,41.665,33,19.9995,2012,7,1,16,6,1,3,0,313
4,0,1,1,18.86,22.725,88,16.9979,2012,12,10,20,0,0,1,2,300
1,0,1,1,14.76,17.425,71,12.998,2011,3,18,3,4,0,1,2,5
4,1,0,1,30.34,32.575,37,0.0,2011,10,10,14,0,0,3,0,370
4,0,0,1,12.3,15.91,61,6.0032,2011,12,3,19,5,1,1,1,175
2,0,1,1,21.32,25.0,88,0.0,2011,5,18,21,2,0,2,2,85
4,0,1,3,25.42,28.79,83,8.9981,2012,10,2,15,1,0,2,2,209
4,0,1,3,22.14,25.76,60,15.0013,2011,11,15,13,1,0,2,1,153
2,0,1,3,22.96,26.515,83,27.9993,2011,5,17,12,1,0,2,2,153
4,0,1,1,26.24,30.305,65,7.0015,2012,10,4,20,3,0,2,1,441
1,0,1,1,18.86,22.725,88,11.0014,2012,3,19,2,0,0,1,2,8
4,0,1,1,18.86,22.725,88,6.0032,2011,10,6,21,3,0,1,2,195
4,0,1,2,23.78,27.275,94,23.9994,2011,10,19,22,2,0,2,2,107
3,0,1,1,27.06,31.06,74,8.9981,2011,8,2,5,1,0,2,2,21
3,0,1,1,29.52,34.85,79,0.0,2012,9,5,21,2,0,2,2,296
1,0,1,1,12.3,14.395,49,15.0013,2011,3,8,22,1,0,1,1,55
4,0,0,3,14.76,17.425,87,11.0014,2011,10,2,17,6,1,1,2,167
1,0,0,1,3.28,3.79,53,16.9979,2012,2,12,8,6,1,0,1,26
1,0,1,1,9.84,10.605,32,23.9994,2012,1,18,18,2,0,0,0,355
2,0,1,1,21.32,25.0,59,8.9981,2011,5,9,21,0,0,2,1,156
1,0,0,2,8.2,10.605,49,8.9981,2011,1,16,22,6,1,0,1,21
1,0,1,2,19.68,23.485,72,0.0,2012,3,16,14,4,0,1,2,202
2,0,1,1,27.06,31.06,39,8.9981,2011,6,2,6,3,0,2,0,113
3,0,1,1,27.06,31.06,50,11.0014,2012,9,13,11,3,0,2,1,254
2,0,1,1,18.04,21.97,54,12.998,2011,5,10,3,1,0,1,1,4
3,0,0,1,30.34,34.85,70,15.0013,2011,8,6,9,5,1,3,1,215
2,0,1,1,28.7,31.82,42,11.0014,2012,6,15,19,4,0,2,1,467
1,0,1,2,9.02,13.635,64,0.0,2012,1,9,9,0,0,0,1,197
1,0,1,1,15.58,19.695,40,8.9981,2012,2,3,18,4,0,1,0,385
4,0,1,1,17.22,21.21,71,6.0032,2011,11,8,10,1,0,1,2,129
1,0,1,1,13.12,17.425,70,0.0,2011,2,7,21,0,0,1,1,78
2,0,1,1,18.86,22.725,51,8.9981,2011,4,14,9,3,0,1,1,170
4,0,1,2,19.68,23.485,88,0.0,2011,10,17,23,0,0,1,2,62
2,0,1,2,27.88,31.82,89,15.0013,2011,6,1,4,2,0,2,2,4
3,0,0,1,29.52,34.85,77,11.0014,2012,8,4,7,5,1,2,2,67
2,0,1,2,27.06,31.06,61,16.9979,2011,6,16,10,3,0,2,1,121
3,0,1,1,21.32,25.0,48,11.0014,2012,9,19,20,2,0,2,1,409
3,1,0,2,31.16,34.85,55,6.0032,2011,7,4,10,0,0,3,1,280
4,0,1,1,8.2,10.605,72,7.0015,2012,12,14,7,4,0,0,2,308
2,0,1,1,23.78,27.275,40,11.0014,2011,6,3,9,4,0,2,0,230
1,0,0,1,13.94,18.18,66,0.0,2011,3,13,6,6,1,1,1,2
3,0,1,1,30.34,33.335,51,7.0015,2012,7,5,0,3,0,3,1,88
3,0,0,1,29.52,34.85,74,15.0013,2011,8,14,19,6,1,2,2,259
4,0,1,2,23.78,27.275,83,15.0013,2011,10,11,19,1,0,2,2,318
2,0,1,1,28.7,31.82,42,0.0,2012,6,7,12,3,0,2,1,336
1,1,0,1,14.76,16.665,43,27.9993,2012,1,2,1,0,0,1,1,12
1,0,1,1,22.96,26.515,40,8.9981,2012,3,12,15,0,0,2,0,233
3,0,1,1,30.34,34.85,66,7.0015,2012,7,16,8,0,0,3,1,667
1,0,0,1,16.4,20.455,15,22.0028,2011,2,19,4,5,1,1,0,3
2,0,1,1,26.24,31.06,38,32.9975,2012,6,4,11,0,0,2,0,239
2,0,0,2,25.42,30.305,61,8.9981,2011,6,5,5,6,1,2,1,6
4,0,1,1,9.02,12.88,64,6.0032,2012,12,14,0,4,0,0,1,47
1,0,1,1,10.66,12.88,48,12.998,2011,1,4,18,1,0,1,1,182
2,0,0,1,11.48,13.635,65,15.0013,2011,4,3,5,6,1,1,1,5
1,0,0,1,6.56,6.82,40,19.0012,2012,2,12,19,6,1,0,0,80
4,0,1,3,17.22,21.21,94,15.0013,2012,12,17,23,0,0,1,2,47
2,1,0,2,20.5,24.24,63,26.0027,2011,4,15,17,4,0,2,1,331
3,1,0,1,26.24,28.79,83,8.9981,2011,7,4,0,0,0,2,2,140
1,0,0,1,18.86,22.725,15,43.9989,2011,2,19,14,5,1,1,0,196
3,0,1,1,28.7,33.335,79,7.0015,2012,8,7,5,1,0,2,2,36
1,0,1,1,10.66,13.635,70,8.9981,2012,2,6,11,0,0,1,1,116
2,0,0,1,30.34,34.09,62,8.9981,2011,6,11,9,5,1,3,1,230
4,0,0,1,6.56,9.09,59,8.9981,2011,12,11,3,6,1,0,1,19
2,0,1,1,22.14,25.76,73,26.0027,2012,5,17,7,3,0,2,2,474
3,0,0,1,33.62,36.365,38,0.0,2011,7,9,16,5,1,3,0,416
1,0,1,1,16.4,20.455,40,15.0013,2012,2,14,14,1,0,1,0,124
3,0,1,1,24.6,31.06,56,8.9981,2011,8,12,5,4,0,2,1,26
2,0,0,1,14.76,18.18,76,7.0015,2011,4,17,4,6,1,1,2,7
4,1,0,1,12.3,14.395,61,12.998,2011,11,11,4,4,0,1,1,8
2,0,1,1,23.78,27.275,83,0.0,2012,5,16,8,2,0,2,2,650
3,0,1,2,27.06,30.305,83,39.0007,2012,9,18,9,1,0,2,2,293
4,0,0,2,12.3,15.91,61,6.0032,2011,12,3,21,5,1,1,1,109
2,0,1,1,21.32,25.0,77,0.0,2012,6,6,23,2,0,2,2,123
3,0,0,1,33.62,39.395,56,7.0015,2012,7,8,1,6,1,3,1,124
2,0,1,1,22.96,26.515,83,11.0014,2012,6,15,4,4,0,2,2,14
3,0,1,1,35.26,37.12,26,19.9995,2011,8,10,16,2,0,3,0,282
3,0,0,1,34.44,40.15,53,19.9995,2011,7,3,16,6,1,3,1,414
4,0,1,1,16.4,20.455,76,8.9981,2011,11,3,21,3,0,1,2,144
3,0,0,1,28.7,32.575,65,0.0,2011,9,11,11,6,1,2,1,402
1,0,1,1,9.02,12.88,41,6.0032,2011,2,16,0,2,0,0,1,15
1,0,0,1,6.56,6.06,40,35.0008,2012,2,12,14,6,1,0,0,111
2,0,1,1,35.26,40.91,50,19.0012,2011,6,9,10,3,0,3,1,94
2,0,0,1,26.24,29.545,78,7.0015,2011,6,12,7,6,1,2,2,34
3,0,1,1,30.34,34.85,66,12.998,2012,7,6,5,4,0,3,1,35
3,0,1,1,30.34,33.335,51,0.0,2011,8,16,20,1,0,3,1,280
3,0,1,2,30.34,34.85,70,7.0015,2011,7,6,13,2,0,3,1,140
3,0,0,1,28.7,33.335,89,12.998,2011,8,7,22,6,1,2,2,103
4,0,0,3,16.4,20.455,82,15.0013,2012,10,7,17,6,1,1,2,157
3,0,0,1,27.06,29.545,89,0.0,2012,9,2,5,6,1,2,2,12
1,0,1,1,4.92,9.85,54,0.0,2012,1,19,9,3,0,0,1,210
2,0,1,2,29.52,33.335,51,15.0013,2012,5,1,13,1,0,2,1,249
1,0,1,2,9.02,12.88,60,6.0032,2012,3,5,9,0,0,0,1,197
3,0,0,3,29.52,34.85,79,6.0032,2012,9,2,14,6,1,2,2,457
4,0,0,1,9.84,12.88,75,6.0032,2011,12,3,8,5,1,0,2,63
3,0,1,1,31.16,35.605,62,19.0012,2012,8,10,19,4,0,3,1,492
2,0,1,3,18.86,22.725,88,12.998,2012,5,3,8,3,0,1,2,627
1,0,1,2,25.42,31.06,41,11.0014,2012,3,14,11,2,0,2,1,220
4,0,1,1,15.58,19.695,46,19.9995,2012,11,2,10,4,0,1,1,204
4,0,0,1,11.48,12.88,36,22.0028,2011,12,10,17,5,1,1,0,185
1,0,1,1,13.12,15.15,53,22.0028,2011,3,14,9,0,0,1,1,140
3,0,1,1,34.44,38.635,47,6.0032,2012,7,19,16,3,0,3,1,358
2,0,1,1,27.06,31.06,27,19.0012,2011,6,3,12,4,0,2,0,259
2,0,1,1,22.96,26.515,78,11.0014,2011,5,19,17,3,0,2,2,547
3,0,1,1,28.7,33.335,79,27.9993,2011,7,11,21,0,0,2,2,130
3,0,0,2,21.32,25.0,72,12.998,2011,9,17,15,5,1,2,2,354
2,0,1,2,19.68,23.485,88,7.0015,2012,5,10,2,3,0,1,2,3
3,0,1,2,28.7,33.335,79,12.998,2011,7,7,8,3,0,2,2,443
1,0,1,1,24.6,30.305,64,15.0013,2012,3,19,20,0,0,2,1,330
3,0,1,1,35.26,39.395,44,19.0012,2011,8,9,14,1,0,3,1,148
2,0,1,1,17.22,21.21,67,11.0014,2011,4,13,21,2,0,1,1,117
1,0,0,1,4.92,6.06,36,16.9979,2011,1,8,20,5,1,0,0,28
1,0,1,1,4.1,9.09,68,0.0,2011,2,11,6,4,0,0,1,24
2,0,1,1,27.06,31.06,54,6.0032,2011,5,16,12,0,0,2,1,209
3,0,1,2,32.8,37.12,49,11.0014,2011,8,2,23,1,0,3,1,132
4,0,0,1,18.04,21.97,62,12.998,2011,10,15,3,5,1,1,1,23
1,0,1,1,14.76,16.665,50,19.9995,2012,3,7,10,2,0,1,1,147
3,0,0,2,31.16,35.605,58,12.998,2012,9,1,9,5,1,3,1,237
2,0,1,2,21.32,25.0,77,8.9981,2012,5,7,0,0,0,2,2,34
3,0,0,1,30.34,35.605,74,12.998,2012,7,7,5,5,1,3,2,14
3,0,0,2,28.7,33.335,84,11.0014,2012,9,2,20,6,1,2,2,104
3,0,1,1,22.96,26.515,73,6.0032,2011,9,1,5,3,0,2,2,23
2,0,1,1,20.5,24.24,34,11.0014,2011,5,5,20,3,0,2,0,258
4,0,1,1,18.04,21.97,54,16.9979,2012,11,19,14,0,0,1,1,217
1,0,1,1,12.3,14.395,49,16.9979,2012,1,5,12,3,0,1,1,120
4,0,1,2,22.14,25.76,94,7.0015,2012,10,19,9,4,0,2,2,389
3,0,1,1,34.44,36.365,32,8.9981,2012,7,2,17,0,0,3,0,747
4,0,1,1,11.48,13.635,52,16.9979,2011,12,8,11,3,0,1,1,106
4,0,0,2,18.04,21.97,67,0.0,2012,10,7,14,6,1,1,1,314
1,0,1,1,20.5,24.24,55,12.998,2012,2,1,22,2,0,2,1,140
1,0,0,1,17.22,21.21,19,40.9973,2011,2,19,17,5,1,1,0,127
2,0,1,1,23.78,27.275,53,22.0028,2011,6,14,3,1,0,2,1,2
3,0,1,3,27.88,31.82,83,30.0026,2012,9,18,12,1,0,2,2,88
4,0,1,2,16.4,20.455,82,0.0,2011,11,4,0,4,0,1,2,43
1,0,0,1,8.2,9.09,34,19.0012,2012,1,15,13,6,1,0,0,224
2,0,1,1,23.78,27.275,60,6.0032,2012,6,8,8,4,0,2,1,700
3,0,1,1,19.68,23.485,67,6.0032,2012,9,19,23,2,0,1,1,123
2,0,0,1,29.52,34.09,62,11.0014,2012,6,10,21,6,1,2,1,253
1,0,0,1,18.04,21.97,13,26.0027,2011,2,19,2,5,1,1,0,17
1,0,1,1,6.56,9.09,55,7.0015,2011,1,4,0,1,0,0,1,5
3,0,0,1,21.32,25.0,72,15.0013,2011,9,17,17,5,1,2,2,359
1,0,0,1,10.66,11.365,35,27.9993,2012,3,10,10,5,1,1,0,223
2,0,1,2,21.32,25.0,84,11.0014,2011,5,13,21,4,0,2,2,154
4,0,1,1,14.76,18.18,43,7.0015,2011,12,1,18,3,0,1,1,405
1,1,0,2,7.38,8.335,43,16.9979,2011,1,17,2,0,0,0,1,8
4,0,1,1,13.94,17.425,87,6.0032,2011,11,8,0,1,0,1,2,18
4,0,1,2,18.86,22.725,100,19.0012,2011,12,6,18,1,0,1,2,304
1,0,1,1,11.48,14.395,61,8.9981,2012,2,7,1,1,0,1,1,14
2,0,1,1,16.4,20.455,62,22.0028,2011,5,4,20,2,0,1,1,191
3,0,1,1,35.26,40.15,47,16.9979,2012,7,16,15,0,0,3,1,237
4,1,0,2,23.78,27.275,78,6.0032,2011,10,10,19,0,0,2,2,336
4,0,0,1,18.04,21.97,44,22.0028,2011,11,13,10,6,1,1,1,241
3,0,1,1,27.06,31.06,74,0.0,2012,8,9,23,3,0,2,2,156
4,0,0,1,17.22,21.21,47,16.9979,2011,11,12,22,5,1,1,1,118
3,0,0,1,29.52,33.335,58,19.0012,2011,9,11,14,6,1,2,1,342
1,0,1,1,8.2,12.88,40,0.0,2011,2,3,19,3,0,0,0,96
4,0,1,1,29.52,32.575,42,11.0014,2012,10,5,12,4,0,2,1,468
3,0,1,2,31.98,37.12,59,11.0014,2011,8,2,22,1,0,3,1,191
4,1,0,1,15.58,19.695,87,7.0015,2012,11,12,6,0,0,1,2,71
3,0,0,1,21.32,25.0,77,12.998,2012,9,9,6,6,1,2,2,35
2,0,0,1,14.76,16.665,29,23.9994,2012,4,7,2,5,1,1,0,36
1,0,0,1,16.4,20.455,43,19.0012,2012,2,18,13,5,1,1,1,384
3,0,1,3,22.14,25.76,94,23.9994,2011,9,6,0,1,0,2,2,8
1,0,1,1,9.02,10.605,69,15.0013,2011,3,2,5,2,0,0,1,5
4,0,1,2,12.3,15.15,70,8.9981,2012,11,2,7,4,0,1,1,357
1,0,0,1,14.76,15.91,29,32.9975,2012,3,4,16,6,1,1,0,299
3,0,1,1,32.8,35.605,41,15.0013,2012,7,11,14,2,0,3,1,241
2,0,1,1,18.86,22.725,94,19.0012,2011,4,11,1,0,0,1,2,4
1,0,1,1,12.3,15.15,65,8.9981,2012,2,6,22,0,0,1,1,87
4,0,0,1,22.96,26.515,68,6.0032,2011,10,9,10,6,1,2,1,365
4,0,0,2,13.12,15.15,49,16.9979,2012,11,3,5,5,1,1,1,9
4,0,0,2,14.76,18.18,100,7.0015,2012,12,9,21,6,1,1,2,96
3,0,1,1,27.06,29.545,89,12.998,2011,7,7,1,3,0,2,2,16
4,0,1,1,10.66,13.635,65,7.0015,2012,11,9,6,4,0,1,1,131
1,0,0,1,13.12,15.15,49,19.0012,2012,3,11,10,6,1,1,1,218
3,0,0,1,39.36,45.455,36,11.0014,2012,7,8,14,6,1,3,0,312
2,0,1,1,13.94,15.91,49,16.9979,2012,4,6,4,4,0,1,1,5
1,0,1,2,13.94,15.91,53,16.9979,2011,3,11,12,4,0,1,1,111
3,0,1,1,26.24,30.305,73,0.0,2011,8,17,4,2,0,2,2,5
2,0,1,1,23.78,27.275,83,8.9981,2012,5,4,2,4,0,2,2,11
3,0,0,1,27.88,31.82,83,11.0014,2011,8,6,8,5,1,2,2,121
1,0,1,1,8.2,11.365,51,6.0032,2012,1,5,1,3,0,0,1,5
2,0,1,1,28.7,31.82,42,16.9979,2012,6,8,11,4,0,2,1,264
3,0,0,2,27.88,31.82,89,11.0014,2012,7,15,2,6,1,2,2,115
4,0,1,2,10.66,12.88,70,11.0014,2012,11,15,2,3,0,1,1,7
3,0,1,1,30.34,34.09,62,0.0,2012,8,14,11,1,0,3,1,196
1,0,1,1,18.86,22.725,88,7.0015,2012,3,19,8,0,0,1,2,579
4,0,1,1,9.02,13.635,80,0.0,2011,12,2,6,4,0,0,2,87
3,0,1,1,31.98,34.85,46,16.9979,2012,7,2,9,0,0,3,1,295
2,0,1,1,19.68,23.485,27,22.0028,2012,4,5,1,3,0,1,0,13
2,1,0,1,14.76,18.18,81,7.0015,2011,4,15,5,4,0,1,2,13
1,0,1,2,6.56,6.82,69,22.0028,2011,1,4,10,1,0,0,1,42
3,0,1,3,26.24,28.79,83,15.0013,2012,7,10,20,1,0,2,2,84
3,0,0,1,26.24,29.545,78,19.0012,2012,7,14,7,5,1,2,2,48
4,0,1,3,18.86,22.725,100,15.0013,2011,12,6,12,1,0,1,2,55
2,0,1,1,23.78,27.275,46,16.9979,2012,6,5,19,1,0,2,1,513
4,0,1,3,18.04,21.97,100,7.0015,2011,12,7,7,2,0,1,2,46
1,0,0,1,17.22,21.21,44,32.9975,2011,3,12,15,5,1,1,1,182
3,0,1,2,24.6,30.305,60,11.0014,2011,9,19,16,0,0,2,1,263
4,0,0,1,13.94,15.15,66,19.9995,2012,11,18,10,6,1,1,1,329
4,0,1,2,14.76,18.94,100,0.0,2012,12,10,1,0,0,1,2,4
1,0,0,1,5.74,10.605,63,0.0,2011,1,15,7,5,1,0,1,10
2,0,1,2,18.86,22.725,88,8.9981,2012,5,7,4,0,0,1,2,2
2,0,1,1,19.68,23.485,39,19.0012,2012,4,9,0,0,0,1,0,37
1,0,1,1,8.2,12.88,47,0.0,2011,1,6,10,3,0,0,1,45
2,0,1,2,21.32,25.0,83,12.998,2011,5,13,19,4,0,2,2,270
4,0,1,1,13.12,16.665,61,8.9981,2012,12,14,20,4,0,1,1,221
2,0,1,1,20.5,24.24,27,26.0027,2012,4,12,17,3,0,2,0,656
2,0,1,1,20.5,24.24,77,12.998,2012,5,7,3,0,0,2,2,5
2,0,0,3,19.68,23.485,100,0.0,2011,5,14,7,5,1,1,2,32
3,0,0,3,26.24,28.79,89,15.0013,2011,8,14,1,6,1,2,2,73
3,0,0,1,34.44,37.12,39,19.0012,2011,7,10,15,6,1,3,0,361
3,0,0,1,22.14,25.76,64,11.0014,2012,9,16,8,6,1,2,1,128
1,0,1,2,12.3,14.395,53,12.998,2012,3,5,15,0,0,1,1,130
1,0,1,1,17.22,21.21,67,15.0013,2011,3,17,20,3,0,1,1,137
2,0,0,2,22.14,25.76,83,19.0012,2012,5,6,2,6,1,2,2,93
4,0,1,2,22.14,25.76,68,22.0028,2011,11,15,3,1,0,2,1,4
3,0,1,1,27.06,30.305,83,11.0014,2012,8,9,6,3,0,2,2,167
4,0,1,1,16.4,20.455,87,0.0,2011,11,10,0,3,0,1,2,24
2,0,1,1,20.5,24.24,63,19.0012,2011,6,15,4,2,0,2,1,4
4,0,1,1,13.12,14.395,49,23.9994,2012,11,13,19,1,0,1,1,356
2,0,1,1,25.42,31.06,50,19.9995,2012,6,13,22,2,0,2,1,238
1,0,1,2,12.3,15.91,70,6.0032,2012,2,16,2,3,0,1,1,7
4,0,1,1,18.04,21.97,67,8.9981,2012,10,16,2,1,0,1,1,3
3,1,0,3,27.06,29.545,94,7.0015,2011,9,5,19,0,0,2,2,175
3,0,1,1,30.34,34.85,66,7.0015,2012,8,8,21,2,0,3,1,381
1,0,0,2,14.76,18.18,93,6.0032,2012,3,3,6,5,1,1,2,7
1,0,0,1,4.1,3.03,42,31.0009,2011,1,9,1,6,1,0,1,12
2,0,0,3,17.22,21.21,100,0.0,2011,4,16,22,5,1,1,2,24
4,0,1,2,13.12,14.395,51,23.9994,2012,11,7,11,2,0,1,1,147
3,0,0,1,23.78,27.275,94,6.0032,2011,9,10,4,5,1,2,2,7
4,0,1,2,22.96,26.515,73,16.9979,2012,10,15,0,0,0,2,2,48
2,0,1,3,14.76,15.91,87,32.9975,2011,4,5,9,1,0,1,2,46
2,0,0,1,16.4,20.455,82,7.0015,2011,5,1,3,6,1,1,2,23
4,0,1,3,13.94,15.15,61,19.9995,2011,11,17,8,3,0,1,1,355
4,0,1,1,16.4,20.455,71,0.0,2011,11,7,20,0,0,1,2,204
2,0,0,2,27.06,31.06,47,7.0015,2011,6,4,21,5,1,2,1,185
1,0,1,1,8.2,12.88,64,0.0,2011,1,5,0,2,0,0,1,6
3,0,0,1,24.6,27.275,88,0.0,2011,9,11,7,6,1,2,2,37
4,0,1,2,18.04,21.97,94,7.0015,2011,10,18,4,1,0,1,2,4
3,0,1,2,25.42,30.305,65,12.998,2012,9,17,10,0,0,2,1,202
1,0,1,1,14.76,16.665,57,22.0028,2011,1,19,17,2,0,1,1,197
4,0,1,1,26.24,31.06,47,16.9979,2011,10,5,17,2,0,2,1,591
3,0,1,1,25.42,31.06,50,8.9981,2011,8,12,6,4,0,2,1,76
3,0,1,2,21.32,25.0,68,23.9994,2012,9,19,4,2,0,2,1,10
3,0,1,2,22.14,25.76,88,27.9993,2011,9,6,19,1,0,2,2,281
2,0,1,1,18.04,21.97,38,12.998,2012,4,13,10,4,0,1,0,192
2,0,1,3,26.24,28.79,89,16.9979,2012,6,12,14,1,0,2,2,60
2,0,1,1,24.6,29.545,73,16.9979,2012,5,17,3,3,0,2,2,3
1,0,0,1,24.6,30.305,60,7.0015,2012,3,17,13,5,1,2,1,686
2,0,0,1,27.06,30.305,83,7.0015,2011,6,12,21,6,1,2,2,140
1,0,0,1,9.02,10.605,44,19.9995,2012,3,10,8,5,1,0,1,111
2,0,1,1,29.52,31.82,23,19.9995,2011,6,2,19,3,0,2,0,379
1,0,1,2,9.84,12.12,87,8.9981,2011,3,9,8,2,0,0,2,249
4,0,1,1,10.66,12.88,60,12.998,2012,12,6,19,3,0,1,1,373
2,0,1,2,17.22,21.21,67,7.0015,2011,4,7,10,3,0,1,1,95
2,0,0,1,26.24,28.79,83,7.0015,2011,6,12,1,6,1,2,2,93
3,0,1,1,28.7,33.335,74,7.0015,2012,7,16,2,0,0,2,2,15
1,0,1,1,11.48,12.88,65,19.0012,2012,3,7,0,2,0,1,1,15
4,0,1,1,14.76,18.18,81,6.0032,2012,10,17,4,2,0,1,2,4
2,0,1,2,10.66,12.12,87,16.9979,2011,4,1,8,4,0,1,2,206
2,0,1,1,18.86,22.725,28,8.9981,2012,4,2,21,0,0,1,0,238
1,0,0,1,18.86,22.725,55,27.9993,2012,1,1,22,6,1,1,1,66
3,0,1,1,31.16,36.365,70,19.0012,2011,7,6,15,2,0,3,1,185
1,0,1,1,9.84,9.85,38,32.9975,2012,1,13,12,4,0,0,0,154
2,0,1,1,20.5,24.24,77,7.0015,2012,6,7,3,3,0,2,2,5
2,0,1,2,25.42,29.545,73,6.0032,2012,6,1,3,4,0,2,2,4
2,0,1,1,18.86,22.725,88,16.9979,2011,5,11,23,2,0,1,2,81
1,0,1,3,14.76,17.425,0,15.0013,2011,3,10,21,3,0,1,0,28
2,0,1,1,22.96,26.515,43,6.0032,2011,4,7,14,3,0,2,1,157
4,0,1,2,13.12,17.425,57,0.0,2011,12,14,10,2,0,1,1,142
3,0,0,1,31.16,36.365,66,0.0,2012,7,1,0,6,1,3,1,149
4,0,1,2,13.12,15.15,45,19.9995,2011,12,16,15,4,0,1,1,153
2,0,0,1,18.04,21.97,88,12.998,2011,4,10,21,6,1,1,2,95
4,0,0,2,15.58,19.695,94,0.0,2012,12,8,9,5,1,1,2,170
3,0,1,1,27.06,31.06,29,6.0032,2012,9,11,13,1,0,2,0,328
3,0,1,2,25.42,25.76,100,16.9979,2011,9,8,9,3,0,2,2,69
4,0,1,3,20.5,24.24,94,12.998,2011,10,19,4,2,0,2,2,3
3,0,1,1,22.96,26.515,64,7.0015,2012,9,12,8,2,0,2,1,770
3,0,1,1,22.14,25.76,52,8.9981,2012,9,10,22,0,0,2,1,159
1,0,0,1,9.84,12.88,44,6.0032,2011,2,12,22,5,1,0,1,45
2,0,1,1,25.42,28.79,83,8.9981,2011,6,17,23,4,0,2,2,178
1,0,1,2,22.14,25.76,60,31.0009,2012,3,8,11,3,0,2,1,204
3,0,1,1,31.16,34.09,45,19.9995,2011,8,1,17,0,0,3,1,514
2,0,1,2,17.22,21.21,58,0.0,2012,4,4,6,2,0,1,1,126
3,0,1,1,33.62,39.395,56,0.0,2012,7,18,9,2,0,3,1,297
3,0,1,1,19.68,23.485,67,8.9981,2012,9,11,3,1,0,1,1,8
4,0,1,1,22.14,25.76,49,6.0032,2011,11,7,13,0,0,2,1,189
1,0,1,1,12.3,15.91,28,6.0032,2011,1,5,16,2,0,1,0,89
1,0,0,2,17.22,21.21,88,23.9994,2011,3,6,4,6,1,1,2,3
4,0,1,1,9.02,13.635,80,0.0,2011,12,9,3,4,0,0,2,6
1,0,1,3,13.12,15.15,66,22.0028,2012,1,17,4,1,0,1,1,2
1,0,1,1,28.7,31.82,34,19.9995,2012,3,13,18,1,0,2,0,734
1,0,1,1,10.66,12.88,70,12.998,2011,3,11,7,4,0,1,1,114
1,0,0,1,22.14,25.76,73,6.0032,2012,3,18,16,6,1,2,2,541
3,0,0,1,34.44,40.15,53,19.9995,2011,7,3,15,6,1,3,1,376
2,0,1,1,18.86,22.725,72,19.9995,2012,5,10,5,3,0,1,2,24
2,0,1,1,23.78,27.275,28,36.9974,2012,4,9,15,0,0,2,0,255
3,0,0,2,25.42,30.305,69,7.0015,2012,8,19,6,6,1,2,1,20
3,0,0,3,27.06,30.305,83,19.9995,2011,8,14,0,6,1,2,2,90
2,0,1,2,18.04,21.97,62,0.0,2012,4,4,7,2,0,1,1,366
2,0,1,1,24.6,30.305,26,16.9979,2012,4,17,19,1,0,2,0,537
3,0,1,2,32.8,38.635,59,15.0013,2011,8,9,10,1,0,3,1,144
3,0,1,1,28.7,32.575,54,19.0012,2012,8,9,20,3,0,2,1,478
1,0,1,3,9.84,11.365,87,12.998,2012,2,8,21,2,0,0,2,129
1,0,1,2,6.56,11.365,93,0.0,2011,2,1,9,1,0,0,2,116
1,0,1,1,18.04,21.97,77,16.9979,2012,3,16,0,4,0,1,2,57
4,0,1,1,16.4,20.455,47,19.9995,2012,10,12,22,4,0,1,1,160
2,0,1,1,13.94,15.15,53,22.0028,2012,4,6,3,4,0,1,1,8
2,0,1,1,27.06,31.06,31,7.0015,2011,5,10,16,1,0,2,0,327
2,0,1,1,24.6,29.545,73,6.0032,2011,6,7,3,1,0,2,2,2
2,0,1,1,25.42,29.545,78,7.0015,2012,5,16,23,2,0,2,2,133
2,0,1,1,26.24,30.305,73,6.0032,2011,6,6,8,0,0,2,2,438
3,0,1,1,37.72,41.665,33,15.0013,2012,7,5,13,3,0,3,0,310
1,0,0,3,10.66,13.635,87,8.9981,2012,2,4,19,5,1,1,2,80
4,0,1,2,18.04,21.97,100,12.998,2011,12,6,21,1,0,1,2,114
1,0,1,2,8.2,9.09,40,19.0012,2011,1,10,13,0,0,0,0,54
3,0,1,2,26.24,30.305,65,19.0012,2011,9,15,13,3,0,2,1,189
1,0,1,1,13.12,15.15,33,19.9995,2012,3,9,23,4,0,1,0,86
2,0,1,3,19.68,23.485,82,11.0014,2012,6,5,5,1,0,1,2,36
1,0,0,1,9.84,12.88,65,7.0015,2011,2,6,8,6,1,0,1,23
1,0,1,1,22.14,25.76,52,19.0012,2011,3,18,11,4,0,2,1,159
1,0,1,1,14.76,17.425,57,12.998,2011,2,17,9,3,0,1,1,179
1,0,1,1,15.58,19.695,43,32.9975,2011,2,14,19,0,0,1,1,98
3,0,1,2,27.06,30.305,83,6.0032,2011,8,19,7,4,0,2,2,263
3,0,0,1,18.04,21.97,82,16.9979,2011,9,18,2,6,1,1,2,89
1,0,0,2,18.04,21.97,54,19.9995,2012,1,1,16,6,1,1,1,215
2,0,0,1,17.22,21.21,82,7.0015,2011,5,7,1,5,1,1,2,58
3,0,1,1,28.7,33.335,79,19.0012,2012,9,5,4,2,0,2,2,5
4,0,1,2,14.76,16.665,66,16.9979,2012,11,19,10,0,0,1,1,139
3,0,0,1,26.24,30.305,65,8.9981,2012,8,12,7,6,1,2,1,39
3,0,1,1,32.8,35.605,41,19.9995,2011,8,16,15,1,0,3,1,159
2,0,1,2,25.42,31.06,57,19.9995,2011,5,12,13,3,0,2,1,218
2,0,1,1,32.8,36.365,43,16.9979,2011,6,7,17,1,0,3,1,539
3,0,1,1,32.8,37.12,52,30.0026,2012,8,10,15,4,0,3,1,324
4,0,0,2,13.12,15.15,49,16.9979,2012,11,3,7,5,1,1,1,59
1,0,1,2,9.84,12.88,60,6.0032,2012,2,14,7,1,0,0,1,280
2,0,1,1,28.7,32.575,65,8.9981,2012,6,11,9,0,0,2,1,316
3,0,0,1,36.08,40.91,42,19.9995,2012,8,4,13,5,1,3,1,527
2,0,1,1,27.06,31.06,41,19.0012,2011,6,13,12,0,0,2,1,196
1,0,0,1,4.92,5.305,42,23.9994,2012,2,12,10,6,1,0,1,91
2,0,1,3,18.86,22.725,51,7.0015,2012,4,18,12,2,0,1,1,110
4,0,1,1,9.02,10.605,69,15.0013,2011,12,19,9,0,0,0,1,183
4,0,0,2,13.94,15.15,49,22.0028,2012,11,3,1,5,1,1,1,89
2,0,1,1,13.12,15.15,61,15.0013,2011,4,6,8,2,0,1,1,325
2,0,0,2,15.58,19.695,94,6.0032,2011,4,10,8,6,1,1,2,55
1,1,0,1,9.84,10.605,32,26.0027,2012,1,2,7,0,0,0,0,16
3,0,1,1,34.44,41.665,59,22.0028,2011,7,11,19,0,0,3,1,373
4,0,0,1,18.86,22.725,88,0.0,2011,10,9,2,6,1,1,2,55
1,0,1,3,13.94,16.665,93,12.998,2011,3,9,23,2,0,1,2,18
4,0,1,1,20.5,24.24,77,7.0015,2011,10,17,21,0,0,2,2,177
1,0,1,1,9.84,9.85,65,27.9993,2011,2,8,7,1,0,0,1,100
3,0,0,1,28.7,32.575,70,7.0015,2012,9,1,3,5,1,2,1,35
1,0,1,1,7.38,7.575,47,27.9993,2011,1,12,19,2,0,0,1,83
3,0,1,1,37.72,41.665,33,22.0028,2012,7,5,14,3,0,3,0,241
3,0,1,2,32.8,35.605,42,11.0014,2012,7,11,13,2,0,3,1,273
3,0,1,1,22.96,26.515,73,0.0,2012,9,14,2,4,0,2,2,30
3,0,0,1,36.9,40.91,39,19.9995,2012,8,4,16,5,1,3,0,450
3,0,0,1,33.62,36.365,36,7.0015,2011,7,9,18,5,1,3,0,378
2,0,0,1,25.42,30.305,25,22.0028,2012,4,8,18,6,1,2,0,310
2,0,1,1,27.88,31.82,51,0.0,2011,5,16,14,0,0,2,1,193
1,0,0,1,16.4,20.455,35,23.9994,2011,2,13,23,6,1,1,0,30
4,0,0,3,15.58,19.695,82,7.0015,2012,12,16,18,6,1,1,2,107
1,0,0,3,8.2,11.365,100,6.0032,2011,2,5,5,5,1,0,2,9
3,0,1,1,26.24,30.305,69,7.0015,2012,7,12,3,3,0,2,1,10
4,0,1,1,28.7,32.575,61,16.9979,2012,10,4,14,3,0,2,1,267
2,0,1,1,15.58,19.695,71,19.9995,2011,4,4,4,0,0,1,2,2
1,0,0,1,10.66,12.88,41,12.998,2012,3,10,23,5,1,1,1,83
2,0,1,2,28.7,33.335,74,19.0012,2012,6,1,11,4,0,2,2,235
2,0,0,1,20.5,24.24,64,0.0,2011,6,4,5,5,1,2,1,8
1,0,1,3,11.48,13.635,75,16.9979,2012,1,17,2,1,0,1,2,12
3,0,0,1,29.52,34.85,74,8.9981,2012,9,1,1,5,1,2,2,79
1,1,0,3,6.56,7.575,80,12.998,2011,1,17,21,0,0,0,2,27
3,0,1,1,29.52,34.85,79,0.0,2012,9,5,22,2,0,2,2,219
1,1,0,1,11.48,12.88,45,22.0028,2012,1,2,5,0,0,1,1,4
2,0,1,2,20.5,24.24,88,8.9981,2011,5,13,3,4,0,2,2,4
1,0,0,1,11.48,15.15,81,6.0032,2012,1,1,4,6,1,1,2,8
4,0,1,1,18.86,22.725,55,11.0014,2011,11,2,12,2,0,1,1,189
4,0,1,1,13.12,17.425,93,0.0,2011,11,9,3,2,0,1,2,4
4,0,0,2,9.84,12.88,87,7.0015,2012,12,15,4,5,1,0,2,6
2,0,0,2,13.12,15.15,87,15.0013,2011,4,9,2,5,1,1,2,17
4,0,0,1,9.84,12.88,93,6.0032,2012,11,10,6,5,1,0,2,16
2,0,1,3,22.14,25.76,94,16.9979,2011,5,17,3,1,0,2,2,4
1,0,1,1,9.84,12.12,52,8.9981,2011,3,8,1,1,0,0,1,4
3,0,0,1,27.88,31.82,61,0.0,2012,8,12,23,6,1,2,1,110
4,0,1,2,12.3,15.15,56,11.0014,2012,11,5,2,0,0,1,1,6
1,0,1,2,13.12,15.91,87,11.0014,2011,3,15,23,1,0,1,2,18
4,0,1,1,10.66,12.12,48,19.0012,2012,12,6,1,3,0,1,1,16
1,0,1,2,6.56,11.365,100,0.0,2011,2,7,8,0,0,0,2,230
1,0,1,1,11.48,14.395,26,8.9981,2011,2,15,19,1,0,1,0,145
3,0,1,1,29.52,33.335,54,11.0014,2011,8,10,2,2,0,2,1,11
3,0,1,1,29.52,34.09,70,6.0032,2012,7,17,2,1,0,2,1,7
3,0,1,1,29.52,34.09,66,16.9979,2011,8,18,9,3,0,2,1,228
4,1,0,1,12.3,13.635,42,23.9994,2011,11,11,8,4,0,1,1,258
1,0,1,2,10.66,12.88,70,15.0013,2012,2,8,10,2,0,1,1,108
3,0,1,2,26.24,30.305,76,11.0014,2011,9,2,10,4,0,2,2,140
3,0,1,1,27.88,31.82,79,15.0013,2012,8,3,3,4,0,2,2,6
2,0,0,2,24.6,30.305,64,7.0015,2012,5,6,14,6,1,2,1,518
4,0,1,1,9.84,12.12,75,8.9981,2012,12,14,9,4,0,0,2,343
3,0,1,1,29.52,34.09,66,8.9981,2012,7,19,6,3,0,2,1,152
4,0,0,1,16.4,20.455,58,0.0,2012,11,10,10,5,1,1,1,350
2,0,1,2,26.24,30.305,65,19.0012,2012,5,8,21,1,0,2,1,223
3,0,1,1,25.42,29.545,73,7.0015,2011,9,15,2,3,0,2,2,5
1,0,1,2,13.12,16.665,87,8.9981,2012,2,16,20,3,0,1,2,216
4,0,1,2,12.3,14.395,56,16.9979,2012,11,6,21,1,0,1,1,151
1,0,1,2,11.48,12.88,65,23.9994,2012,1,17,1,1,0,1,1,2
3,0,0,1,33.62,38.635,52,7.0015,2012,7,8,2,6,1,3,1,70
1,0,0,2,16.4,20.455,30,27.9993,2011,2,13,14,6,1,1,0,161
2,0,1,2,22.96,26.515,73,6.0032,2011,6,16,3,3,0,2,2,4
4,0,1,1,10.66,15.15,75,0.0,2011,12,14,0,2,0,1,2,22
3,0,1,1,25.42,29.545,73,15.0013,2011,8,16,3,1,0,2,2,6
1,0,1,1,9.84,10.605,60,19.9995,2011,3,7,10,0,0,0,1,58
4,0,1,1,29.52,33.335,54,19.0012,2012,10,4,15,3,0,2,1,325
4,0,1,1,14.76,16.665,50,22.0028,2012,11,9,10,4,0,1,1,197
1,0,1,1,12.3,14.395,49,16.9979,2011,1,4,16,1,0,1,1,83
2,0,0,1,22.14,25.76,68,12.998,2012,6,16,7,5,1,2,1,78
1,0,1,1,9.02,11.365,47,11.0014,2011,1,5,5,2,0,0,1,3
2,0,1,2,25.42,29.545,73,15.0013,2012,5,14,13,0,0,2,2,176
2,0,0,2,26.24,31.06,57,0.0,2011,6,4,23,5,1,2,1,150
4,0,1,2,21.32,25.0,59,19.0012,2011,12,15,19,3,0,2,1,287
3,0,0,1,25.42,28.03,88,12.998,2012,8,18,3,5,1,2,2,30
2,0,1,1,13.12,15.15,61,16.9979,2012,4,12,3,3,0,1,1,5
1,0,1,1,5.74,5.305,59,27.9993,2011,1,12,23,2,0,0,1,20
2,0,1,3,22.96,26.515,88,8.9981,2011,5,18,19,2,0,2,2,331
3,0,1,1,32.8,34.85,29,16.9979,2011,8,11,17,3,0,3,0,582
2,0,0,2,27.06,31.06,69,23.9994,2012,5,5,18,5,1,2,1,434
2,0,0,2,26.24,31.06,61,11.0014,2011,6,5,1,6,1,2,1,96
1,0,1,1,15.58,19.695,82,26.0027,2011,2,2,14,2,0,1,2,63
1,0,1,3,14.76,17.425,93,8.9981,2012,1,12,6,3,0,1,2,89
4,0,0,1,7.38,10.605,59,7.0015,2011,12,11,5,6,1,0,1,6
2,0,0,2,23.78,27.275,78,12.998,2012,5,5,22,5,1,2,2,217
4,0,1,2,10.66,13.635,65,7.0015,2012,11,15,1,3,0,1,1,16
2,0,1,1,29.52,32.575,37,12.998,2012,6,15,16,4,0,2,0,558
2,1,0,1,18.04,21.97,62,0.0,2011,4,15,1,4,0,1,1,15
4,0,1,1,11.48,15.91,48,0.0,2012,12,13,21,3,0,1,1,213
2,0,1,2,20.5,24.24,68,8.9981,2011,4,19,8,1,0,2,1,351
4,0,0,1,9.02,13.635,55,0.0,2011,12,11,21,6,1,0,1,63
1,0,1,1,11.48,12.88,56,19.0012,2012,2,3,10,4,0,1,1,129
1,0,1,1,9.84,10.605,52,23.9994,2012,1,13,8,4,0,0,1,419
2,0,1,1,27.06,31.06,44,11.0014,2011,6,15,20,2,0,2,1,330
3,0,0,2,28.7,32.575,54,7.0015,2012,7,14,3,5,1,2,1,40
4,0,1,1,17.22,21.21,58,7.0015,2011,11,1,18,1,0,1,1,460
1,0,1,1,4.92,7.575,68,7.0015,2011,1,4,5,1,0,0,1,4
1,0,1,2,15.58,19.695,43,19.0012,2011,3,15,15,1,0,1,1,90
1,0,1,1,5.74,6.82,50,12.998,2011,1,3,7,0,0,0,1,64
1,0,1,3,17.22,21.21,0,15.0013,2011,3,10,13,3,0,1,0,12
1,0,1,1,9.02,13.635,64,0.0,2011,1,4,21,1,0,0,1,48
3,0,1,3,28.7,33.335,84,7.0015,2011,8,3,20,2,0,2,2,87
1,0,1,1,20.5,24.24,23,19.0012,2011,3,2,17,2,0,2,0,268
3,0,0,1,27.06,31.06,54,0.0,2011,7,2,1,5,1,2,1,78
4,0,1,1,15.58,19.695,46,11.0014,2011,12,19,15,0,0,1,1,159
2,0,0,1,25.42,28.03,88,11.0014,2011,6,12,4,6,1,2,2,14
4,0,0,1,22.96,26.515,52,19.9995,2012,10,14,11,6,1,2,1,494
4,0,0,1,24.6,31.06,33,31.0009,2011,10,15,14,5,1,2,0,472
1,0,0,3,9.84,12.88,87,6.0032,2012,2,5,3,6,1,0,2,17
2,0,0,2,13.94,16.665,87,8.9981,2011,4,9,10,5,1,1,2,133
2,0,1,2,29.52,33.335,48,7.0015,2012,5,16,15,2,0,2,1,274
4,0,1,1,13.94,15.91,46,15.0013,2012,11,5,11,0,0,1,1,150
2,0,0,1,25.42,28.03,88,7.0015,2011,6,12,6,6,1,2,2,14
4,0,1,1,20.5,24.24,45,27.9993,2012,10,16,11,1,0,2,1,228
1,0,1,2,8.2,11.365,59,6.0032,2011,1,11,13,1,0,0,1,52
2,0,0,1,10.66,13.635,70,8.9981,2011,4,3,2,6,1,1,1,24
1,0,0,1,10.66,11.365,44,22.0028,2011,1,2,21,6,1,1,1,31
3,0,1,1,26.24,28.79,83,7.0015,2011,7,18,6,0,0,2,2,105
1,0,1,1,13.12,16.665,57,7.0015,2011,2,17,7,3,0,1,1,126
4,0,1,1,18.04,21.97,58,12.998,2012,10,10,23,2,0,1,1,136
2,0,1,1,34.44,39.395,49,0.0,2011,6,9,9,3,0,3,1,168
2,0,0,2,19.68,23.485,77,7.0015,2011,5,1,12,6,1,1,2,281
1,0,1,2,17.22,21.21,67,8.9981,2012,2,2,2,3,0,1,1,9
3,0,1,2,27.88,31.82,65,12.998,2011,9,2,18,4,0,2,1,355
1,0,1,2,9.84,9.85,32,30.0026,2011,2,8,13,1,0,0,0,50
2,0,1,1,12.3,14.395,49,15.0013,2012,4,11,8,2,0,1,1,595
4,0,1,2,12.3,15.15,65,8.9981,2012,11,16,3,4,0,1,1,6
3,0,1,1,30.34,35.605,74,8.9981,2011,7,19,21,1,0,3,2,241
4,0,1,1,14.76,17.425,40,12.998,2011,12,13,17,1,0,1,0,398
2,0,1,3,25.42,28.03,88,8.9981,2012,6,1,6,4,0,2,2,141
3,0,0,1,26.24,31.06,47,11.0014,2012,9,16,11,6,1,2,1,559
3,0,1,1,28.7,32.575,61,15.0013,2011,7,11,2,0,0,2,1,12
2,0,0,2,16.4,20.455,87,0.0,2011,4,10,10,6,1,1,2,150
4,1,0,1,13.94,15.91,76,15.0013,2012,10,8,5,0,0,1,2,19
1,0,0,1,12.3,14.395,36,16.9979,2012,3,10,1,5,1,1,0,51
1,0,1,1,8.2,11.365,47,7.0015,2011,1,3,20,0,0,0,1,52
4,0,1,3,12.3,12.88,87,35.0008,2011,12,7,21,2,0,1,2,6
3,0,1,1,30.34,33.335,48,6.0032,2011,8,17,9,2,0,3,1,209
4,0,1,1,13.12,17.425,93,0.0,2011,11,7,2,0,0,1,2,2
3,0,0,1,33.62,38.635,52,23.9994,2012,8,4,19,5,1,3,1,397
1,0,1,1,15.58,19.695,58,26.0027,2011,1,19,16,2,0,1,1,104
1,0,0,1,10.66,14.395,56,6.0032,2011,1,16,2,6,1,1,1,16
2,0,1,1,24.6,29.545,69,12.998,2011,5,16,9,0,0,2,1,194
3,0,1,1,30.34,34.85,66,7.0015,2011,7,19,0,1,0,3,1,51
1,0,1,1,9.84,11.365,65,12.998,2012,2,3,9,4,0,0,1,270
3,0,1,1,32.8,36.365,46,6.0032,2012,8,14,13,1,0,3,1,286
4,0,0,1,20.5,24.24,51,8.9981,2011,10,15,19,5,1,2,1,238
1,0,0,2,8.2,9.09,59,23.9994,2011,1,8,12,5,1,0,1,98
4,0,0,1,10.66,12.12,56,16.9979,2011,11,19,8,5,1,1,1,92
3,1,0,1,32.8,36.365,46,8.9981,2011,7,4,18,0,0,3,1,418
4,0,1,2,20.5,24.24,67,8.9981,2012,10,9,13,1,0,2,1,238
1,0,1,2,9.84,12.88,70,11.0014,2012,2,8,9,2,0,0,1,253
3,0,1,2,27.88,31.82,89,7.0015,2012,9,4,6,1,0,2,2,172
3,0,1,1,31.16,33.335,33,7.0015,2011,8,10,21,2,0,3,0,209
1,0,0,3,9.02,9.85,75,27.9993,2012,2,11,16,5,1,0,2,146
2,0,0,1,23.78,27.275,53,15.0013,2012,4,15,10,6,1,2,1,421
3,0,1,3,28.7,33.335,79,6.0032,2011,7,6,10,2,0,2,2,43
3,0,1,1,26.24,12.12,73,7.0015,2012,8,17,7,4,0,2,2,379
3,0,1,1,35.26,37.88,34,12.998,2012,7,3,11,1,0,3,0,217
2,0,0,2,18.86,22.725,31,12.998,2011,4,3,16,6,1,1,0,303
3,0,0,1,27.06,31.06,39,8.9981,2012,9,16,14,6,1,2,0,635
3,0,0,1,29.52,34.09,66,16.9979,2011,7,10,23,6,1,2,1,72
2,0,0,1,21.32,25.0,34,26.0027,2011,4,17,14,6,1,2,0,361
4,0,1,2,22.96,26.515,68,0.0,2011,10,18,10,1,0,2,1,102
1,0,1,2,8.2,9.85,55,15.0013,2011,2,16,7,2,0,0,1,108
3,0,1,2,30.34,34.85,70,11.0014,2011,7,19,7,1,0,3,1,315
2,0,0,1,21.32,25.0,52,11.0014,2012,5,19,8,5,1,2,1,195
3,0,0,1,28.7,33.335,79,12.998,2012,7,1,4,6,1,2,2,4
4,0,0,1,17.22,21.21,47,0.0,2012,12,15,15,5,1,1,1,447
2,0,1,1,22.14,25.76,77,0.0,2012,5,3,11,3,0,2,2,201
1,0,1,1,13.94,15.91,46,15.0013,2011,2,14,3,0,0,1,1,2
1,0,1,1,28.7,31.82,24,0.0,2012,3,14,15,2,0,2,0,283
3,0,1,1,28.7,32.575,48,12.998,2011,7,15,12,4,0,2,1,238
4,0,1,1,24.6,31.06,53,0.0,2012,12,3,14,0,0,2,1,260
4,0,0,3,17.22,21.21,67,16.9979,2011,10,1,7,5,1,1,1,36
3,0,1,1,20.5,24.24,63,0.0,2012,9,11,1,1,0,2,1,10
3,0,1,2,24.6,27.275,88,6.0032,2011,8,19,23,4,0,2,2,106
2,0,1,3,20.5,24.24,77,11.0014,2012,5,10,0,3,0,2,2,33
3,0,1,2,27.88,31.82,83,12.998,2012,8,14,2,1,0,2,2,11
2,0,1,1,26.24,31.06,36,16.9979,2012,5,17,15,3,0,2,0,316
4,0,1,1,10.66,12.88,81,12.998,2012,12,14,10,4,0,1,2,190
4,0,1,2,17.22,21.21,58,12.998,2012,11,19,17,0,0,1,1,619
4,0,1,1,10.66,12.12,56,16.9979,2012,12,13,6,3,0,1,1,114
3,0,1,3,27.88,31.82,89,7.0015,2011,8,3,22,2,0,2,2,77
4,0,0,1,22.14,25.76,39,12.998,2011,10,15,18,5,1,2,0,372
4,0,1,2,14.76,16.665,66,19.9995,2012,11,19,7,0,0,1,1,386
4,0,1,1,22.14,25.76,39,31.0009,2012,10,12,12,4,0,2,0,387
2,0,1,1,19.68,23.485,39,12.998,2011,5,5,22,3,0,1,0,165
3,0,0,1,27.06,31.06,41,0.0,2012,9,16,17,6,1,2,1,570
2,0,1,1,13.94,15.15,57,26.0027,2012,4,11,21,2,0,1,1,165
4,0,0,1,18.04,21.97,54,0.0,2011,11,6,12,6,1,1,1,346
3,0,1,1,27.06,31.06,69,16.9979,2011,8,15,22,0,0,2,1,98
4,0,1,1,12.3,15.91,56,6.0032,2011,12,12,18,0,0,1,1,357
1,0,1,1,10.66,13.635,41,7.0015,2012,3,6,12,1,0,1,1,138
2,0,0,2,22.14,25.76,56,12.998,2012,4,15,0,6,1,2,1,124
3,0,1,1,30.34,34.09,62,19.0012,2012,9,7,19,4,0,3,1,568
1,0,1,1,6.56,8.335,59,11.0014,2011,1,12,8,2,0,0,1,128
2,0,1,1,21.32,25.0,34,23.9994,2012,4,9,19,0,0,2,0,421
3,1,0,2,28.7,33.335,74,15.0013,2011,9,5,0,0,0,2,2,97
1,0,0,1,18.04,21.97,33,19.9995,2012,2,18,21,5,1,1,0,114
2,0,0,2,28.7,31.82,39,6.0032,2011,6,4,19,5,1,2,0,285
2,0,0,1,21.32,25.0,59,7.0015,2011,6,4,3,5,1,2,1,18
1,0,0,1,14.76,15.91,25,30.0026,2011,2,19,18,5,1,1,0,88
3,1,0,1,27.06,29.545,94,0.0,2012,9,3,6,0,0,2,2,15
4,0,1,1,20.5,24.24,55,16.9979,2011,10,17,6,0,0,2,1,114
1,0,1,3,8.2,9.85,93,12.998,2011,2,1,23,1,0,0,2,16
4,0,1,2,14.76,18.18,87,6.0032,2011,12,5,9,0,0,1,2,190
1,0,1,2,13.94,15.91,71,19.0012,2011,3,15,20,1,0,1,2,88
4,0,1,1,15.58,19.695,40,22.0028,2012,11,2,16,4,0,1,0,421
1,0,1,2,9.02,12.12,87,7.0015,2012,1,9,23,0,0,0,2,52
2,0,1,1,22.14,25.76,52,19.0012,2012,5,7,20,0,0,2,1,323
2,0,0,1,27.06,31.06,50,15.0013,2012,6,17,15,6,1,2,1,463
1,0,1,1,5.74,6.06,59,19.0012,2012,1,3,6,1,0,0,1,85
1,0,1,2,18.04,21.97,54,15.0013,2011,3,16,18,2,0,1,1,237
2,0,0,1,22.14,25.76,68,8.9981,2012,6,17,5,6,1,2,1,17
3,0,1,1,36.08,40.91,44,19.0012,2011,7,12,17,1,0,3,1,428
3,0,1,1,28.7,33.335,79,0.0,2012,8,2,7,3,0,2,2,473
1,0,1,2,18.86,22.725,82,12.998,2012,3,13,5,1,0,1,2,24
4,0,1,2,17.22,21.21,100,16.9979,2012,12,10,8,0,0,1,2,584
3,0,0,1,36.9,42.425,42,19.9995,2011,8,7,13,6,1,3,1,324
4,1,0,1,18.04,21.97,88,7.0015,2012,11,12,9,0,0,1,2,397
4,0,1,1,23.78,27.275,46,8.9981,2011,10,6,15,3,0,2,1,219
4,0,0,2,14.76,16.665,76,16.9979,2011,10,2,20,6,1,1,2,87
4,0,1,1,26.24,31.06,41,19.0012,2011,10,5,14,2,0,2,1,190
4,0,0,1,11.48,15.91,87,0.0,2012,11,10,5,5,1,1,2,10
4,0,1,1,22.14,25.76,56,15.0013,2012,10,10,12,2,0,2,1,390
3,0,1,1,29.52,34.09,62,8.9981,2011,7,5,8,1,0,2,1,432
4,0,0,1,13.94,17.425,61,6.0032,2012,12,15,11,5,1,1,1,393
3,0,1,3,24.6,27.275,88,19.9995,2012,9,18,16,1,0,2,2,141
1,0,1,3,9.02,12.12,93,7.0015,2011,2,2,0,2,0,0,2,2
1,0,1,2,9.84,12.12,81,8.9981,2011,2,1,19,1,0,0,2,108
4,0,1,2,20.5,24.24,72,19.0012,2011,11,15,18,1,0,2,2,441
4,0,1,2,20.5,24.24,63,19.0012,2011,11,14,10,0,0,2,1,111
3,0,0,1,31.98,37.12,62,7.0015,2012,7,1,8,6,1,3,1,142
4,0,1,2,20.5,24.24,51,6.0032,2012,10,17,11,2,0,2,1,234
1,0,1,1,9.84,12.12,38,8.9981,2011,1,5,18,2,0,0,0,169
1,0,1,1,12.3,13.635,56,22.0028,2012,2,3,1,4,0,1,1,22
2,0,0,1,18.86,22.725,41,27.9993,2011,4,17,11,6,1,1,1,304
4,0,1,2,18.04,21.97,47,23.9994,2012,12,5,10,2,0,1,1,141
2,0,1,2,22.14,25.76,68,15.0013,2011,4,12,7,1,0,2,1,189
3,0,0,1,24.6,29.545,69,7.0015,2011,7,16,1,5,1,2,1,75
1,1,0,1,10.66,12.12,35,19.0012,2012,1,2,10,0,0,1,0,109
2,0,0,1,18.86,22.725,31,8.9981,2011,4,3,14,6,1,1,0,349
1,0,1,3,12.3,15.15,61,8.9981,2012,2,10,18,4,0,1,1,359
4,0,0,1,9.84,12.12,70,11.0014,2012,11,17,5,5,1,0,1,11
4,0,1,1,19.68,23.485,77,0.0,2011,10,7,9,4,0,1,2,241
1,0,1,1,12.3,14.395,28,12.998,2011,1,5,14,2,0,1,0,62
2,0,1,2,14.76,16.665,71,19.0012,2011,4,8,10,4,0,1,2,73
1,1,0,1,10.66,11.365,41,26.0027,2012,1,2,6,0,0,1,1,14
3,0,1,1,25.42,29.545,78,6.0032,2011,9,14,0,2,0,2,2,33
1,0,1,1,6.56,8.335,47,11.0014,2011,1,10,19,0,0,0,1,95
3,0,1,1,27.88,31.82,39,15.0013,2011,8,12,8,4,0,2,0,426
1,0,1,3,19.68,23.485,82,6.0032,2012,3,16,18,4,0,1,2,408
1,0,1,1,8.2,9.09,59,22.0028,2011,3,1,7,1,0,0,1,107
3,0,1,1,33.62,37.12,43,7.0015,2011,7,12,21,1,0,3,1,258
4,0,1,1,11.48,14.395,52,7.0015,2011,12,12,12,0,0,1,1,145
3,0,1,1,34.44,38.635,47,6.0032,2012,7,19,15,3,0,3,1,292
2,0,1,1,14.76,17.425,76,12.998,2011,4,7,8,3,0,1,2,314
4,0,1,2,16.4,20.455,82,7.0015,2011,10,3,23,0,0,1,2,54
3,0,1,1,25.42,28.03,88,7.0015,2012,9,7,1,4,0,2,2,29
1,0,0,1,4.1,4.545,49,19.0012,2011,1,9,8,6,1,0,1,10
3,0,1,3,22.14,25.76,83,26.0027,2011,9,6,12,1,0,2,2,67
3,0,0,1,31.98,37.88,66,7.0015,2012,7,7,7,5,1,3,1,71
3,0,1,3,24.6,25.76,94,12.998,2012,9,18,1,1,0,2,2,5
2,0,0,1,31.98,36.365,55,7.0015,2011,6,12,11,6,1,3,1,367
1,0,1,1,20.5,24.24,59,0.0,2012,3,15,2,3,0,2,1,19
3,0,1,1,26.24,30.305,73,6.0032,2011,9,12,21,0,0,2,2,195
3,0,1,1,32.8,35.605,41,16.9979,2012,7,11,15,2,0,3,1,276
2,0,1,2,24.6,28.79,78,12.998,2012,6,19,5,1,0,2,2,37
2,0,0,2,25.42,30.305,61,0.0,2012,5,6,16,6,1,2,1,544
2,0,1,2,24.6,31.06,53,22.0028,2012,5,7,13,0,0,2,1,272
3,0,1,2,28.7,33.335,84,11.0014,2012,8,8,6,2,0,2,2,173
3,0,1,1,28.7,33.335,74,19.0012,2011,8,4,19,3,0,2,2,366
1,0,1,1,17.22,21.21,58,19.0012,2011,3,18,0,4,0,1,1,29
4,0,1,1,20.5,24.24,63,15.0013,2012,12,4,18,1,0,2,1,731
2,0,0,1,27.06,31.06,54,19.9995,2012,6,17,16,6,1,2,1,580
1,0,1,1,4.92,7.575,74,8.9981,2011,1,4,7,1,0,0,2,94
1,0,1,1,9.84,14.395,65,0.0,2011,2,7,0,0,0,0,1,15
1,0,1,1,13.12,16.665,76,7.0015,2011,3,17,5,3,0,1,2,13
3,0,0,1,28.7,31.82,37,16.9979,2012,9,9,17,6,1,2,0,671
4,0,1,1,22.96,26.515,60,26.0027,2011,10,4,17,1,0,2,1,585
4,0,1,1,18.04,21.97,88,15.0013,2012,10,18,4,3,0,1,2,5
3,0,1,2,28.7,33.335,79,0.0,2011,8,3,17,2,0,2,2,425
3,0,1,1,32.8,34.85,26,0.0,2011,7,1,11,4,0,3,0,214
4,0,1,1,15.58,19.695,43,23.9994,2012,12,5,19,2,0,1,1,414
4,1,0,1,18.04,21.97,94,0.0,2011,10,10,6,0,0,1,2,44
3,0,0,3,26.24,30.305,73,0.0,2012,8,19,12,6,1,2,2,298
1,0,1,1,10.66,12.88,60,15.0013,2012,2,3,4,4,0,1,1,2
1,0,0,1,8.2,9.85,47,15.0013,2012,1,14,19,5,1,0,1,102
3,0,1,3,24.6,27.275,88,16.9979,2012,9,18,15,1,0,2,2,36
4,0,0,2,14.76,18.18,93,6.0032,2012,12,8,0,5,1,1,2,103
1,0,1,1,21.32,25.0,23,19.9995,2011,3,2,14,2,0,2,0,96
3,0,1,3,26.24,28.79,89,7.0015,2012,8,10,7,4,0,2,2,133
1,0,0,1,4.92,6.82,50,12.998,2011,1,9,23,6,1,0,1,6
4,0,0,2,16.4,20.455,87,19.0012,2012,12,8,14,5,1,1,2,542
3,0,0,3,27.88,31.82,79,23.9994,2011,8,13,15,5,1,2,2,358
2,0,1,1,24.6,31.06,40,0.0,2012,5,18,21,4,0,2,0,258
2,0,1,2,25.42,29.545,73,8.9981,2012,5,4,10,4,0,2,2,199
3,0,0,1,31.16,34.09,43,19.0012,2011,7,16,12,5,1,3,1,463
2,0,1,3,31.16,34.09,40,12.998,2011,6,17,17,4,0,3,0,552
3,0,0,1,26.24,30.305,69,11.0014,2011,9,3,8,5,1,2,1,89
4,0,1,2,14.76,18.18,93,7.0015,2012,12,7,21,4,0,1,2,171
2,0,1,1,34.44,37.88,44,7.0015,2011,6,10,13,4,0,3,1,189
3,0,1,2,29.52,32.575,45,11.0014,2012,9,14,14,4,0,2,1,371
4,0,0,1,16.4,20.455,66,0.0,2012,11,10,21,5,1,1,1,220
2,0,1,1,24.6,31.06,46,16.9979,2012,4,17,6,1,0,2,1,144
1,0,1,3,14.76,18.18,73,7.0015,2012,2,1,8,2,0,1,2,520
2,0,1,2,27.06,30.305,78,19.0012,2012,6,1,10,4,0,2,2,204
4,0,1,2,25.42,31.06,50,19.9995,2012,10,18,14,3,0,2,1,285
3,0,0,1,31.98,34.09,35,7.0015,2012,8,12,18,6,1,3,0,491
3,0,1,1,27.88,31.82,65,11.0014,2011,7,11,3,0,0,2,1,10
3,1,0,2,30.34,34.09,62,7.0015,2011,7,4,21,0,0,3,1,457
3,0,0,1,22.96,26.515,52,0.0,2012,9,15,22,5,1,2,1,279
4,0,1,1,13.94,18.18,87,0.0,2011,11,1,23,1,0,1,2,72
4,0,1,1,18.86,22.725,82,0.0,2011,10,7,8,4,0,1,2,417
2,0,1,1,25.42,30.305,61,15.0013,2012,6,14,9,3,0,2,1,357
1,0,0,1,9.02,9.85,35,23.9994,2011,1,9,15,6,1,0,0,82
2,0,1,2,25.42,30.305,69,11.0014,2012,6,14,23,3,0,2,1,172
3,0,0,1,33.62,38.635,52,16.9979,2011,8,6,14,5,1,3,1,380
3,0,0,1,28.7,33.335,74,16.9979,2011,7,3,9,6,1,2,2,181
4,0,1,1,10.66,13.635,65,8.9981,2011,12,8,22,3,0,1,1,92
2,0,1,1,22.14,25.76,64,19.0012,2011,6,15,1,2,0,2,1,14
4,0,0,2,24.6,31.06,56,27.9993,2012,10,6,14,5,1,2,1,576
2,0,0,1,20.5,24.24,72,6.0032,2012,6,3,4,6,1,2,2,13
1,0,1,1,5.74,7.575,59,11.0014,2011,1,10,23,0,0,0,1,18
2,0,0,1,20.5,24.24,22,12.998,2012,4,7,13,5,1,2,0,643
4,0,1,1,18.04,21.97,54,16.9979,2012,11,19,13,0,0,1,1,251
4,0,0,1,9.02,11.365,41,8.9981,2011,12,10,22,5,1,0,1,95
2,0,1,2,29.52,33.335,54,16.9979,2011,6,16,13,3,0,2,1,151
4,0,1,2,16.4,20.455,76,11.0014,2011,10,3,17,0,0,1,2,495
1,0,1,1,25.42,31.06,50,11.0014,2011,3,18,22,4,0,2,1,118
4,0,1,2,24.6,28.79,78,15.0013,2011,10,11,18,1,0,2,2,539
1,0,1,2,7.38,12.12,86,0.0,2011,2,1,11,1,0,0,2,51
2,0,0,1,22.14,25.76,68,7.0015,2012,6,16,5,5,1,2,1,23
2,0,1,1,25.42,31.06,38,0.0,2012,6,6,12,2,0,2,0,315
2,0,0,1,26.24,31.06,47,12.998,2012,6,16,10,5,1,2,1,435
2,0,0,2,21.32,25.0,100,8.9981,2011,5,15,7,6,1,2,2,42
3,0,1,1,28.7,33.335,74,11.0014,2012,9,7,21,4,0,2,2,301
2,0,1,1,25.42,30.305,25,22.0028,2012,5,11,16,4,0,2,0,525
4,0,1,1,22.96,26.515,94,11.0014,2011,10,14,2,4,0,2,2,6
4,0,1,1,8.2,12.88,80,0.0,2011,12,13,6,1,0,0,2,92
1,0,1,2,14.76,16.665,57,19.0012,2011,3,15,13,1,0,1,1,97
1,0,1,1,9.02,9.85,44,22.0028,2011,1,12,16,2,0,0,1,68
4,0,1,3,25.42,28.79,83,16.9979,2011,10,13,17,3,0,2,2,479
1,0,1,3,5.74,10.605,93,0.0,2011,2,1,6,1,0,0,2,22
1,0,1,1,17.22,21.21,47,31.0009,2012,3,1,21,3,0,1,1,197
4,0,1,1,13.94,17.425,53,7.0015,2012,11,2,9,4,0,1,1,382
3,0,1,1,30.34,33.335,48,12.998,2012,8,16,21,3,0,3,1,356
3,0,1,1,26.24,29.545,78,8.9981,2011,9,13,22,1,0,2,2,144
1,0,1,1,17.22,21.21,30,23.9994,2011,2,16,13,2,0,1,0,93
2,0,1,1,13.94,15.91,46,19.0012,2011,4,5,20,1,0,1,1,91
1,0,1,1,8.2,10.605,59,8.9981,2011,2,11,21,4,0,0,1,47
1,0,1,1,13.94,15.15,71,19.9995,2011,3,17,2,3,0,1,2,8
2,0,0,1,28.7,33.335,79,7.0015,2011,6,11,2,5,1,2,2,60
4,0,1,2,29.52,33.335,58,22.0028,2012,10,4,13,3,0,2,1,294
4,0,0,2,14.76,17.425,93,8.9981,2012,12,8,2,5,1,1,2,70
1,0,1,1,10.66,10.605,52,30.0026,2012,1,19,20,3,0,1,1,191
3,0,0,3,27.06,29.545,89,19.0012,2011,8,14,9,6,1,2,2,103
4,0,1,1,13.94,16.665,57,11.0014,2012,11,2,0,4,0,1,1,50
2,0,0,1,26.24,31.06,36,11.0014,2012,5,12,12,5,1,2,0,559
4,0,0,1,15.58,19.695,76,0.0,2011,12,4,19,6,1,1,2,173
3,0,1,1,32.8,37.88,55,6.0032,2011,7,18,11,0,0,3,1,141
3,0,0,1,33.62,37.12,41,15.0013,2011,7,9,13,5,1,3,1,416
3,0,0,1,18.86,22.725,77,15.0013,2011,9,18,1,6,1,1,2,79
1,0,0,2,12.3,15.91,42,7.0015,2011,1,15,22,5,1,1,1,26
4,0,1,1,9.84,10.605,65,19.0012,2011,12,1,6,3,0,0,1,97
2,0,1,1,17.22,21.21,28,12.998,2012,4,9,7,0,0,1,0,331
1,0,1,1,22.96,26.515,37,27.9993,2012,3,7,16,2,0,2,0,288
2,0,0,2,24.6,30.305,64,11.0014,2012,5,6,19,6,1,2,1,383
2,0,0,1,25.42,29.545,73,19.9995,2011,5,15,12,6,1,2,2,367
3,0,1,2,28.7,32.575,54,0.0,2012,7,13,7,4,0,2,1,380
3,0,1,1,27.06,30.305,78,15.0013,2012,9,6,20,3,0,2,2,406
3,0,1,1,28.7,33.335,74,8.9981,2011,7,18,0,0,0,2,2,51
3,1,0,1,27.06,29.545,89,0.0,2012,9,3,5,0,0,2,2,4
2,0,1,1,25.42,31.06,53,16.9979,2012,6,15,23,4,0,2,1,222
2,0,1,1,17.22,21.21,38,6.0032,2012,4,3,9,1,0,1,0,408
2,0,1,1,27.06,31.06,39,31.0009,2012,6,4,16,0,0,2,0,448
2,0,1,1,13.12,14.395,61,23.9994,2011,4,1,11,4,0,1,1,89
3,0,0,1,30.34,34.09,60,15.0013,2011,7,17,10,6,1,3,1,304
3,0,0,1,31.16,35.605,58,16.9979,2011,7,17,20,6,1,3,1,262
1,0,1,1,10.66,15.15,81,0.0,2012,1,11,0,2,0,1,2,28
3,0,1,1,31.16,33.335,33,11.0014,2011,7,1,10,4,0,3,0,170
4,0,1,2,19.68,23.485,69,12.998,2012,10,9,12,1,0,1,1,260
2,0,1,1,26.24,30.305,23,16.9979,2012,5,11,19,4,0,2,0,503
4,0,1,1,8.2,11.365,69,6.0032,2011,12,12,0,0,0,0,1,20
3,0,0,1,29.52,33.335,58,15.0013,2011,7,17,9,6,1,2,1,184
3,0,1,1,26.24,31.06,50,23.9994,2011,7,14,8,3,0,2,1,486
3,0,1,1,30.34,33.335,51,7.0015,2012,7,2,7,0,0,3,1,398
2,0,0,2,22.14,25.76,56,7.0015,2012,4,15,2,6,1,2,1,74
2,0,0,1,32.8,34.85,29,16.9979,2012,6,9,12,5,1,3,0,531
4,0,1,2,16.4,20.455,87,23.9994,2011,11,4,8,4,0,1,2,395
4,1,0,1,13.12,14.395,57,19.0012,2011,11,11,2,4,0,1,1,11
3,0,0,1,33.62,35.605,30,7.0015,2011,7,2,13,5,1,3,0,404
3,0,1,1,31.16,12.12,52,19.0012,2012,8,17,11,4,0,3,1,303
2,0,1,1,13.94,15.15,53,23.9994,2011,4,1,12,4,0,1,1,95
4,0,0,1,20.5,24.24,48,8.9981,2011,10,15,20,5,1,2,1,179
2,0,1,2,28.7,31.82,30,30.0026,2011,4,4,21,0,0,2,0,95
4,0,1,3,18.86,22.725,94,0.0,2011,11,16,7,2,0,1,2,137
3,0,1,1,31.16,36.365,70,15.0013,2012,9,4,19,1,0,3,1,552
2,0,1,3,13.94,16.665,76,11.0014,2011,4,8,2,4,0,1,2,13
3,0,1,1,32.8,37.12,49,15.0013,2011,8,17,17,2,0,3,1,552
4,0,1,1,23.78,27.275,56,6.0032,2012,12,3,13,0,0,2,1,321
1,0,0,2,9.84,11.365,56,12.998,2012,2,19,8,6,1,0,1,56
1,0,1,1,10.66,12.12,30,16.9979,2011,1,3,15,0,0,1,0,72
4,0,0,2,11.48,12.88,45,19.0012,2011,12,17,12,5,1,1,1,244
3,0,1,2,26.24,30.305,69,16.9979,2012,9,17,16,0,0,2,1,453
3,0,0,1,18.04,21.97,77,15.0013,2011,9,18,5,6,1,1,2,6
2,0,1,1,18.86,22.725,67,19.0012,2011,5,6,9,4,0,1,1,188
4,0,1,2,16.4,20.455,87,7.0015,2011,10,4,1,1,0,1,2,9
3,0,1,1,23.78,27.275,56,8.9981,2012,9,11,20,1,0,2,1,461
3,0,1,1,31.16,34.09,45,7.0015,2012,7,12,11,3,0,3,1,215
3,0,1,1,35.26,42.425,56,27.9993,2011,7,11,15,0,0,3,1,146
2,0,1,2,18.04,21.97,77,15.0013,2011,5,2,2,0,0,1,2,35
3,0,0,2,30.34,35.605,74,22.0028,2011,8,13,13,5,1,3,2,153
3,1,0,2,30.34,35.605,74,15.0013,2012,9,3,10,0,0,3,2,359
2,0,0,1,12.3,15.91,70,7.0015,2011,4,2,8,5,1,1,1,55
1,0,0,1,18.86,22.725,38,19.9995,2012,2,18,18,5,1,1,0,246
2,0,0,2,16.4,20.455,71,7.0015,2012,4,1,10,6,1,1,2,360
1,0,0,2,14.76,17.425,93,11.0014,2012,3,3,3,5,1,1,2,21
1,0,1,1,13.94,16.665,19,11.0014,2011,2,15,15,1,0,1,0,85
2,0,1,3,26.24,30.305,73,15.0013,2012,5,8,16,1,0,2,2,389
4,0,0,1,9.84,12.12,60,8.9981,2011,11,12,1,5,1,0,1,54
3,0,0,1,35.26,40.15,47,16.9979,2012,8,4,11,5,1,3,1,470
2,0,0,2,14.76,17.425,87,11.0014,2011,4,16,3,5,1,1,2,14
1,0,1,1,18.86,22.725,36,15.0013,2012,1,6,17,4,0,1,0,476
1,0,0,1,10.66,11.365,60,22.0028,2011,2,6,2,6,1,1,1,20
2,0,0,1,27.06,31.06,36,0.0,2012,5,19,12,5,1,2,0,642
1,0,1,1,18.04,21.97,72,19.0012,2012,3,8,4,3,0,1,2,2
3,0,0,1,32.8,40.15,66,8.9981,2011,8,7,10,6,1,3,1,266
1,0,1,2,15.58,19.695,76,19.9995,2012,1,13,1,4,0,1,2,12
3,0,1,1,31.16,34.85,55,26.0027,2011,8,8,9,0,0,3,1,183
1,0,0,2,18.04,21.97,88,6.0032,2012,3,17,9,5,1,1,2,321
4,0,0,1,25.42,30.305,69,19.0012,2012,10,6,10,5,1,2,1,539
1,0,0,1,4.1,3.79,42,26.0027,2011,1,9,0,6,1,0,1,25
1,0,1,3,9.02,11.365,93,8.9981,2011,2,2,2,2,0,0,2,4
3,0,0,1,21.32,25.0,63,0.0,2012,9,16,2,6,1,2,1,89
3,0,1,3,25.42,27.275,91,11.0014,2012,8,10,8,4,0,2,2,119
1,0,0,2,6.56,9.85,59,6.0032,2011,1,15,1,5,1,0,1,20
3,0,0,1,23.78,27.275,94,11.0014,2011,9,10,6,5,1,2,2,6
2,0,1,1,18.86,22.725,67,19.0012,2011,4,13,16,2,0,1,1,142
3,0,1,1,24.6,30.305,64,8.9981,2011,7,1,5,4,0,2,1,30
1,0,1,2,13.94,14.395,42,35.0008,2012,3,9,9,4,0,1,1,284
3,0,1,1,30.34,33.335,51,15.0013,2011,9,13,17,1,0,3,1,579
4,0,1,1,14.76,17.425,62,8.9981,2011,12,9,16,4,0,1,1,250
1,0,1,1,16.4,20.455,54,19.0012,2011,1,19,15,2,0,1,1,82
3,0,1,3,29.52,34.85,79,6.0032,2012,8,6,3,0,0,2,2,5
3,0,1,1,33.62,40.15,59,0.0,2011,7,19,11,1,0,3,1,127
1,0,1,1,18.86,22.725,23,32.9975,2011,3,2,18,2,0,1,0,201
1,0,1,3,9.02,11.365,93,12.998,2011,2,2,1,2,0,0,2,3
3,0,1,1,31.98,34.85,40,12.998,2012,8,13,12,0,0,3,0,276
3,0,1,1,32.8,37.88,55,12.998,2012,7,6,22,4,0,3,1,288
3,0,1,1,29.52,33.335,54,12.998,2011,8,10,1,2,0,2,1,17
4,0,1,1,26.24,31.06,47,8.9981,2012,10,4,22,3,0,2,1,232
4,0,1,2,15.58,19.695,94,7.0015,2012,12,10,4,0,0,1,2,12
3,1,0,1,30.34,34.85,66,11.0014,2012,9,3,18,0,0,3,1,482
3,0,1,2,32.8,37.12,52,12.998,2012,8,7,13,1,0,3,1,253
1,0,1,2,23.78,27.275,60,23.9994,2012,3,15,20,3,0,2,1,330
1,0,1,1,11.48,12.88,61,22.0028,2012,3,7,4,2,0,1,1,3
1,0,1,1,4.1,6.82,54,6.0032,2011,1,14,5,4,0,0,1,8
1,0,1,2,18.04,21.97,94,8.9981,2012,3,1,7,3,0,1,2,304
3,0,0,2,25.42,30.305,69,8.9981,2012,8,19,7,6,1,2,1,41
2,0,0,1,27.88,31.82,79,8.9981,2011,6,19,21,6,1,2,2,167
4,0,0,1,24.6,29.545,73,12.998,2012,10,6,9,5,1,2,2,395
1,0,1,1,8.2,11.365,47,7.0015,2011,2,3,23,3,0,0,1,38
3,0,1,1,34.44,36.365,32,12.998,2012,7,2,12,0,0,3,0,257
4,0,1,2,14.76,17.425,57,11.0014,2012,11,1,7,3,0,1,1,420
1,0,1,2,8.2,11.365,59,6.0032,2011,1,11,14,1,0,0,1,63
1,0,0,1,4.1,3.79,46,27.9993,2011,1,9,3,6,1,0,1,4
1,0,0,2,22.96,26.515,37,19.0012,2012,1,7,16,5,1,2,0,401
1,0,1,1,11.48,13.635,24,16.9979,2011,2,15,12,1,0,1,0,71
3,0,0,2,25.42,29.545,73,0.0,2012,8,19,23,6,1,2,2,46
1,0,1,1,10.66,11.365,70,23.9994,2011,3,1,1,1,0,1,1,3
3,0,1,1,27.06,30.305,83,15.0013,2012,8,3,6,4,0,2,2,163
1,0,0,1,9.84,12.12,81,8.9981,2012,2,4,9,5,1,0,2,157
1,0,0,1,9.84,10.605,52,22.0028,2012,2,19,6,6,1,0,1,5
1,0,1,1,22.14,25.76,37,30.0026,2012,3,7,15,2,0,2,0,209
1,0,1,1,13.12,16.665,81,7.0015,2012,1,12,9,3,0,1,2,230
3,0,1,1,27.06,29.545,89,0.0,2011,8,8,2,0,0,2,2,7
4,0,1,1,26.24,31.06,44,22.0028,2011,11,14,15,0,0,2,1,195
2,0,0,1,25.42,31.06,41,16.9979,2012,6,2,13,5,1,2,1,679
1,0,1,1,6.56,6.82,50,19.0012,2012,1,3,9,1,0,0,1,153
4,0,1,1,14.76,18.94,81,0.0,2011,11,1,22,1,0,1,2,96
2,0,0,1,12.3,16.665,61,0.0,2011,4,3,3,6,1,1,1,11
2,0,1,1,14.76,18.18,71,7.0015,2011,5,6,3,4,0,1,2,9
2,0,1,2,26.24,31.06,57,16.9979,2011,5,12,16,3,0,2,1,288
2,0,1,1,34.44,37.88,44,8.9981,2011,6,10,12,4,0,3,1,207
4,0,0,1,17.22,21.21,30,19.0012,2011,11,19,13,5,1,1,0,363
2,0,1,1,18.04,21.97,24,12.998,2012,4,9,4,0,0,1,0,5
4,0,1,1,12.3,15.15,75,11.0014,2012,12,14,21,4,0,1,2,172
1,0,1,3,13.12,15.91,93,11.0014,2011,3,9,22,2,0,1,2,21
2,0,1,3,24.6,27.275,88,8.9981,2012,6,1,23,4,0,2,2,73
1,0,1,2,17.22,21.21,77,15.0013,2011,2,18,7,4,0,1,2,116
3,0,0,1,30.34,34.85,70,8.9981,2012,7,1,1,6,1,3,1,93
1,0,1,3,21.32,25.0,72,19.9995,2012,3,13,3,1,0,2,2,2
2,0,1,1,21.32,25.0,32,30.0026,2011,4,6,17,2,0,2,0,356
2,0,1,1,27.88,31.82,44,12.998,2012,6,15,20,4,0,2,1,385
1,0,1,1,13.94,14.395,31,32.9975,2012,3,9,22,4,0,1,0,107
1,0,1,1,4.92,7.575,74,7.0015,2011,1,4,6,1,0,0,2,36
2,0,1,1,22.96,26.515,73,19.9995,2012,6,6,19,2,0,2,2,538
3,0,1,1,31.16,36.365,66,19.0012,2011,7,6,14,2,0,3,1,163
2,0,0,1,22.96,26.515,88,7.0015,2012,5,5,4,5,1,2,2,9
4,0,1,2,18.04,21.97,72,15.0013,2011,11,14,6,0,0,1,2,114
2,0,1,1,22.96,26.515,37,15.0013,2011,4,14,13,3,0,2,0,159
2,0,1,3,19.68,23.485,82,7.0015,2012,5,9,22,2,0,1,2,67
4,0,1,3,18.04,21.97,100,15.0013,2012,12,10,12,0,0,1,2,173
1,0,1,2,25.42,31.06,41,43.0006,2012,3,8,16,3,0,2,1,342
1,0,1,2,13.12,15.15,57,19.9995,2011,3,11,11,4,0,1,1,81
4,0,1,3,16.4,20.455,82,0.0,2011,10,3,20,0,0,1,2,204
3,0,1,1,29.52,33.335,54,0.0,2011,8,16,21,1,0,2,1,215
4,0,1,1,13.94,16.665,49,0.0,2012,12,18,22,1,0,1,1,132
2,0,0,2,14.76,17.425,81,8.9981,2011,4,9,12,5,1,1,2,202
1,0,0,3,9.02,11.365,93,11.0014,2012,2,11,5,5,1,0,2,2
4,0,1,1,17.22,21.21,67,11.0014,2012,10,16,6,1,0,1,1,172
2,0,0,2,28.7,32.575,65,6.0032,2011,6,19,1,6,1,2,1,76
3,0,1,3,31.16,34.85,55,32.9975,2012,7,3,20,1,0,3,1,376
2,0,1,1,13.94,17.425,76,7.0015,2011,4,14,6,3,0,1,2,70
3,0,0,2,25.42,28.03,88,0.0,2011,9,10,23,5,1,2,2,139
4,0,1,2,12.3,14.395,61,15.0013,2012,11,15,8,3,0,1,1,646
4,0,1,1,21.32,25.0,48,12.998,2011,11,3,16,3,0,2,1,267
2,0,0,1,23.78,27.275,23,11.0014,2012,4,8,13,6,1,2,0,483
1,0,1,1,12.3,13.635,52,31.0009,2011,1,19,23,2,0,1,1,28
2,0,1,1,22.14,25.76,73,19.0012,2012,6,6,20,2,0,2,2,408
3,0,1,1,31.16,33.335,33,19.9995,2011,7,14,15,3,0,3,0,180
3,0,0,1,24.6,29.545,73,16.9979,2012,9,15,3,5,1,2,2,37
2,0,1,1,18.86,22.725,41,30.0026,2012,4,12,12,3,0,1,1,259
4,0,1,1,17.22,21.21,71,7.0015,2011,11,3,20,3,0,1,2,209
3,0,1,1,35.26,37.88,36,11.0014,2011,8,1,10,0,0,3,0,97
3,0,1,1,27.06,31.06,69,0.0,2011,7,5,5,1,0,2,1,20
1,0,1,2,8.2,12.88,44,0.0,2011,2,4,0,4,0,0,1,13
2,0,0,1,17.22,21.21,41,16.9979,2011,4,3,11,6,1,1,1,243
2,0,0,1,29.52,33.335,51,6.0032,2011,6,5,16,6,1,2,1,398
2,0,0,1,20.5,24.24,68,7.0015,2012,6,3,7,6,1,2,1,35
4,0,1,2,16.4,20.455,87,8.9981,2012,12,4,4,1,0,1,2,7
4,0,1,2,15.58,19.695,46,19.9995,2011,12,16,7,4,0,1,1,231
2,0,1,2,27.88,31.82,61,32.9975,2011,5,3,12,1,0,2,1,217
2,0,0,1,13.94,16.665,76,11.0014,2012,4,14,6,5,1,1,2,21
1,0,1,1,8.2,9.85,47,12.998,2011,2,16,5,2,0,0,1,5
1,0,0,1,21.32,25.0,77,8.9981,2012,3,18,20,6,1,2,2,198
4,1,0,1,13.12,15.15,57,22.0028,2011,11,11,1,4,0,1,1,19
3,0,0,1,31.98,38.635,70,8.9981,2012,7,8,6,6,1,3,1,21
2,0,1,1,11.48,13.635,56,12.998,2012,4,11,5,2,0,1,1,27
2,0,1,1,22.14,25.76,28,47.9988,2012,4,9,12,0,0,2,0,280
4,0,1,1,18.04,21.97,88,16.9979,2012,10,18,7,3,0,1,2,508
1,0,1,2,13.12,15.15,76,16.9979,2011,3,9,12,2,0,1,2,98
2,0,1,2,23.78,27.275,73,8.9981,2012,6,18,13,0,0,2,2,225
3,0,0,1,38.54,43.94,38,16.9979,2012,7,8,13,6,1,3,0,337
1,0,1,1,9.02,9.85,37,22.0028,2011,2,3,15,3,0,0,0,60
2,0,1,2,17.22,21.21,82,19.0012,2011,4,12,19,1,0,1,2,130
2,0,0,2,25.42,29.545,73,22.0028,2012,5,5,19,5,1,2,2,405
3,0,1,1,20.5,24.24,72,7.0015,2012,9,11,7,1,0,2,2,596
3,0,0,1,30.34,34.85,66,11.0014,2011,7,3,10,6,1,3,1,264
3,0,1,3,27.06,29.545,89,26.0027,2012,7,9,4,0,0,2,2,2
3,0,1,1,30.34,33.335,51,19.0012,2011,9,13,13,1,0,3,1,184
2,0,1,3,19.68,23.485,47,15.0013,2012,4,18,10,2,0,1,1,147
1,0,1,2,9.84,12.88,85,7.0015,2011,3,9,6,2,0,0,2,49
2,0,0,2,14.76,17.425,71,8.9981,2012,4,1,7,6,1,1,2,84
4,0,1,3,22.14,25.76,94,6.0032,2011,10,12,22,2,0,2,2,43
2,0,1,1,20.5,24.24,22,31.0009,2012,4,6,18,4,0,2,0,484
4,0,1,1,20.5,24.24,63,6.0032,2011,12,5,16,0,0,2,1,248
3,0,1,1,26.24,28.79,83,0.0,2011,8,19,6,4,0,2,2,93
4,0,1,1,22.14,25.76,64,19.0012,2011,10,4,18,1,0,2,1,524
2,0,1,1,37.72,43.94,40,11.0014,2011,6,8,15,2,0,3,0,128
3,0,1,2,28.7,32.575,54,11.0014,2012,7,13,0,4,0,2,1,95
4,0,0,1,16.4,20.455,50,8.9981,2012,12,15,16,5,1,1,1,413
1,0,1,1,13.94,16.665,53,12.998,2011,2,17,3,3,0,1,1,4
2,0,1,1,26.24,31.06,57,15.0013,2012,6,1,2,4,0,2,1,16
4,0,1,1,12.3,15.91,52,6.0032,2012,11,14,20,2,0,1,1,267
4,0,1,1,7.38,10.605,80,6.0032,2011,12,19,2,0,0,0,2,3
4,0,1,1,10.66,12.88,60,11.0014,2012,11,6,9,1,0,1,1,363
1,0,1,1,4.1,6.06,74,11.0014,2011,2,11,8,4,0,0,2,216
1,0,1,1,14.76,18.94,50,0.0,2012,1,6,23,4,0,1,1,101
1,0,1,2,12.3,15.15,42,8.9981,2012,2,10,12,4,0,1,1,176
4,0,0,1,10.66,12.88,70,12.998,2011,11,12,8,5,1,1,1,101
1,0,1,1,10.66,11.365,48,22.0028,2012,1,19,23,3,0,1,1,56
1,0,1,1,21.32,25.0,52,11.0014,2012,2,1,21,2,0,2,1,233
3,0,1,1,21.32,25.0,83,0.0,2012,9,13,4,3,0,2,2,6
1,0,0,1,14.76,18.94,71,0.0,2011,3,12,22,5,1,1,2,63
4,0,1,1,22.96,26.515,54,26.0027,2011,10,17,2,0,0,2,1,7
1,0,1,1,9.02,11.365,69,12.998,2011,3,2,1,2,0,0,1,4
2,0,1,2,16.4,20.455,66,8.9981,2011,4,7,9,3,0,1,1,170
3,1,0,1,27.88,31.82,74,12.998,2012,7,4,3,2,0,2,2,32
4,0,0,1,18.86,22.725,55,12.998,2011,11,6,14,6,1,1,1,320
4,1,0,1,21.32,25.0,72,11.0014,2012,11,12,11,0,0,2,2,367
1,0,1,1,9.84,11.365,52,15.0013,2012,2,10,5,4,0,0,1,17
4,0,1,1,11.48,15.15,75,6.0032,2012,12,14,23,4,0,1,2,134
1,0,0,1,7.38,8.335,43,16.9979,2012,1,14,21,5,1,0,1,69
1,0,0,1,16.4,20.455,43,15.0013,2012,1,7,12,5,1,1,1,376
4,0,1,1,16.4,20.455,54,12.998,2012,10,12,21,4,0,1,1,190
1,0,0,2,17.22,21.21,100,19.9995,2011,3,6,10,6,1,1,2,31
2,0,1,2,22.14,25.76,52,6.0032,2011,4,18,11,0,0,2,1,123
2,0,1,1,26.24,31.06,38,0.0,2012,6,6,15,2,0,2,0,300
1,0,1,1,4.92,9.85,39,0.0,2011,2,10,22,3,0,0,0,51
2,0,1,1,31.98,34.85,43,15.0013,2011,6,17,15,4,0,3,1,243
2,0,0,1,18.04,21.97,24,15.0013,2012,4,8,0,6,1,1,0,85
4,0,1,2,19.68,23.485,77,6.0032,2012,10,9,23,1,0,1,2,84
3,0,1,1,33.62,36.365,38,19.0012,2011,8,10,13,2,0,3,0,191
2,0,1,1,23.78,27.275,60,8.9981,2011,5,19,19,3,0,2,1,410
1,1,0,2,7.38,9.85,47,8.9981,2011,1,17,12,0,0,0,1,80
2,0,0,1,22.96,26.515,64,7.0015,2012,6,9,6,5,1,2,1,80
3,0,1,3,25.42,25.76,100,6.0032,2011,9,8,22,3,0,2,2,70
3,0,0,1,28.7,32.575,70,16.9979,2011,7,9,8,5,1,2,1,182
1,0,1,2,12.3,16.665,52,0.0,2012,2,9,23,3,0,1,1,84
3,0,1,2,28.7,32.575,61,7.0015,2011,9,2,14,4,0,2,1,283
3,0,0,1,28.7,32.575,65,15.0013,2011,9,3,13,5,1,2,1,353
2,0,1,1,25.42,30.305,69,6.0032,2012,5,2,14,2,0,2,1,240
1,0,1,1,8.2,12.88,80,0.0,2011,2,7,2,0,0,0,2,3
3,0,1,1,25.42,31.06,57,19.9995,2011,7,14,3,3,0,2,1,6
1,0,1,1,8.2,10.605,40,11.0014,2011,2,3,18,3,0,0,0,147
2,0,0,3,18.04,21.97,94,15.0013,2011,4,16,20,5,1,1,2,53
3,0,0,2,27.06,29.545,89,15.0013,2012,9,8,3,5,1,2,2,43
4,0,1,3,13.94,15.15,71,22.0028,2011,11,17,5,3,0,1,2,22
3,0,1,1,31.98,34.09,29,6.0032,2011,8,11,18,3,0,3,0,571
4,0,0,2,21.32,25.0,94,0.0,2011,10,9,22,6,1,2,2,152
1,0,1,2,13.94,15.91,71,19.0012,2011,3,15,19,1,0,1,2,152
4,0,1,2,18.86,22.725,67,26.0027,2011,11,10,11,3,0,1,1,108
4,0,1,1,12.3,14.395,42,16.9979,2011,11,17,21,3,0,1,1,116
4,0,0,1,27.06,31.06,39,0.0,2011,10,8,15,5,1,2,0,496
2,0,1,1,25.42,28.03,88,8.9981,2011,6,17,22,4,0,2,2,175
2,0,1,2,22.14,25.76,68,15.0013,2011,5,12,10,3,0,2,1,147
4,0,1,2,13.94,18.18,46,0.0,2012,12,12,14,2,0,1,1,225
4,0,1,1,24.6,31.06,46,19.0012,2011,10,5,11,2,0,2,1,170
3,0,1,1,22.96,26.515,68,7.0015,2012,9,12,23,2,0,2,1,127
4,0,1,2,10.66,15.15,87,0.0,2011,12,14,6,2,0,1,2,87
1,1,0,1,10.66,11.365,35,27.9993,2012,1,2,16,0,0,1,0,154
1,0,1,2,16.4,20.455,87,16.9979,2012,3,16,4,4,0,1,2,3
1,0,0,1,16.4,20.455,40,12.998,2012,1,8,14,6,1,1,0,328
3,0,1,1,25.42,30.305,69,0.0,2011,7,1,2,4,0,2,1,13
1,0,1,2,9.02,11.365,80,11.0014,2011,1,18,14,1,0,0,2,28
2,0,1,1,18.86,22.725,41,19.0012,2011,4,6,22,2,0,1,1,84
4,0,1,2,14.76,15.91,53,30.0026,2012,12,11,12,1,0,1,1,226
4,0,0,1,10.66,13.635,87,7.0015,2011,11,6,7,6,1,1,2,28
4,0,1,2,22.14,25.76,88,22.0028,2011,10,12,5,2,0,2,2,22
2,0,1,1,25.42,31.06,53,11.0014,2012,6,8,9,4,0,2,1,382
3,0,1,3,31.16,36.365,66,39.0007,2012,7,16,17,0,0,3,1,755
1,0,1,1,22.14,25.76,10,16.9979,2011,2,18,22,4,0,2,0,107
2,0,1,1,22.96,26.515,88,19.0012,2011,5,18,8,2,0,2,2,453
2,0,1,3,13.94,15.15,93,23.9994,2011,5,4,9,2,0,1,2,40
3,0,1,2,36.9,39.395,27,8.9981,2011,8,2,17,1,0,3,0,556
4,0,1,1,13.94,15.91,46,15.0013,2012,11,5,17,0,0,1,1,638
1,0,1,1,10.66,12.88,53,15.0013,2012,3,5,19,0,0,1,1,226
1,0,1,3,14.76,18.94,90,0.0,2012,2,2,6,3,0,1,2,74
3,0,1,1,25.42,28.03,88,7.0015,2012,9,7,6,4,0,2,2,140
1,0,1,2,12.3,15.91,42,6.0032,2012,2,10,13,4,0,1,1,192
1,0,1,3,6.56,7.575,93,12.998,2011,1,11,20,1,0,0,2,32
2,0,1,2,22.14,25.76,68,19.0012,2011,4,12,6,1,0,2,1,58
4,1,0,3,22.14,25.76,73,15.0013,2012,11,12,21,0,0,2,2,155
1,0,1,1,18.04,21.97,82,7.0015,2012,3,14,7,2,0,1,2,368
3,0,0,1,30.34,34.85,66,11.0014,2011,8,14,18,6,1,3,1,347
2,0,0,1,27.06,31.06,65,8.9981,2012,5,5,10,5,1,2,1,432
4,0,1,2,20.5,24.24,77,11.0014,2012,10,18,9,3,0,2,2,387
2,0,1,3,18.86,22.725,94,32.9975,2011,4,12,9,1,0,1,2,54
3,0,1,2,27.88,31.82,65,8.9981,2011,9,15,11,3,0,2,1,159
3,0,1,1,28.7,32.575,65,8.9981,2012,7,3,6,1,0,2,1,154
4,1,0,1,22.96,26.515,64,19.0012,2012,11,12,17,0,0,2,1,596
2,0,1,2,20.5,24.24,77,16.9979,2012,5,2,23,2,0,2,2,98
2,0,0,2,15.58,19.695,87,6.0032,2011,4,9,23,5,1,1,2,57
3,0,1,1,30.34,34.85,66,7.0015,2011,7,8,0,4,0,3,1,47
3,0,1,3,27.06,29.545,89,16.9979,2012,7,19,22,3,0,2,2,68
4,0,1,2,15.58,19.695,94,7.0015,2012,12,10,3,0,0,1,2,4
4,0,1,1,13.94,16.665,46,0.0,2012,11,14,12,2,0,1,1,240
4,0,1,1,18.86,22.725,67,11.0014,2011,11,9,11,2,0,1,1,152
4,0,1,1,22.14,25.76,39,19.0012,2011,10,14,18,4,0,2,0,423
4,0,0,1,10.66,11.365,48,26.0027,2011,12,17,18,5,1,1,1,157
4,1,0,1,14.76,16.665,37,27.9993,2011,11,11,15,4,0,1,0,216
3,0,1,2,22.14,25.76,83,23.9994,2011,9,6,7,1,0,2,2,172
1,0,1,2,13.12,17.425,62,0.0,2011,2,7,12,0,0,1,1,66
1,0,1,2,13.12,15.91,66,12.998,2011,3,15,10,1,0,1,1,78
1,1,0,1,10.66,11.365,44,23.9994,2012,1,16,16,0,0,1,1,180
1,0,1,2,11.48,15.15,87,6.0032,2011,1,19,11,2,0,1,2,52
2,0,1,3,21.32,25.0,77,7.0015,2012,5,1,6,1,0,2,2,26
1,0,0,3,3.28,2.275,79,31.0009,2012,2,12,1,6,1,0,2,24
4,0,1,2,29.52,34.09,70,11.0014,2012,10,3,14,2,0,2,1,251
4,0,0,1,16.4,20.455,40,12.998,2011,11,19,17,5,1,1,0,232
1,0,0,3,11.48,14.395,81,8.9981,2012,2,11,1,5,1,1,2,45
1,0,1,2,9.84,12.12,87,8.9981,2012,2,9,1,3,0,0,2,12
1,0,1,1,14.76,15.91,46,31.0009,2011,2,14,20,0,0,1,1,70
1,0,1,1,9.02,11.365,41,11.0014,2011,1,14,17,4,0,0,1,159
3,1,0,1,29.52,34.09,76,7.0015,2012,9,3,21,0,0,2,2,184
3,0,0,3,25.42,27.275,94,11.0014,2012,8,18,1,5,1,2,2,92
4,0,0,1,15.58,19.695,76,8.9981,2011,12,4,17,6,1,1,2,245
4,0,1,2,14.76,16.665,62,19.0012,2011,11,10,20,3,0,1,1,168
4,0,1,2,13.94,18.18,42,0.0,2012,12,12,12,2,0,1,1,232
3,0,1,2,31.16,35.605,58,15.0013,2011,8,3,13,2,0,3,1,144
3,0,0,2,27.06,30.305,83,11.0014,2011,8,6,4,5,1,2,2,10
4,0,1,1,18.86,22.725,63,26.0027,2012,10,16,0,1,0,1,1,48
4,0,1,2,15.58,19.695,54,15.0013,2012,11,19,21,0,0,1,1,203
4,0,0,2,18.04,21.97,72,7.0015,2012,12,2,18,6,1,1,2,203
1,1,0,1,4.92,7.575,58,7.0015,2012,1,16,4,0,0,0,1,8
1,0,1,1,13.12,16.665,49,7.0015,2011,3,14,22,0,0,1,1,47
1,0,1,2,21.32,25.0,42,6.0032,2011,3,17,13,3,0,2,1,111
4,0,1,1,26.24,31.06,57,8.9981,2012,10,5,18,4,0,2,1,761
4,0,1,1,11.48,13.635,45,11.0014,2012,12,6,18,3,0,1,1,565
2,0,1,2,22.96,26.515,88,8.9981,2012,5,15,0,1,0,2,2,32
1,0,0,1,15.58,19.695,40,15.0013,2012,1,8,17,6,1,1,0,219
4,0,0,1,9.84,11.365,60,16.9979,2011,11,19,7,5,1,0,1,41
1,0,0,1,6.56,9.09,64,8.9981,2011,2,12,9,5,1,0,1,43
1,0,1,1,4.92,6.06,74,15.0013,2011,2,11,9,4,0,0,2,140
4,0,1,2,12.3,14.395,52,19.0012,2012,11,5,9,0,0,1,1,257
3,0,0,1,29.52,33.335,58,12.998,2011,9,10,18,5,1,2,1,360
1,0,1,2,22.96,26.515,35,19.9995,2011,2,17,16,3,0,2,0,146
2,0,1,2,26.24,31.06,53,16.9979,2012,5,9,14,2,0,2,1,243
3,0,0,1,27.06,30.305,78,11.0014,2011,8,6,1,5,1,2,2,67
4,0,1,2,29.52,33.335,54,12.998,2012,10,4,12,3,0,2,1,288
1,0,0,2,18.04,21.97,94,0.0,2012,3,17,1,5,1,1,2,69
1,0,1,1,29.52,32.575,37,26.0027,2012,3,15,16,3,0,2,0,426
3,0,1,1,35.26,39.395,44,19.0012,2011,7,12,16,1,0,3,1,202
1,0,0,3,9.84,11.365,87,15.0013,2012,2,11,3,5,1,0,2,9
1,0,1,1,10.66,14.395,48,6.0032,2011,3,8,0,1,0,1,1,10
4,0,1,1,18.04,21.97,18,27.9993,2012,11,8,15,3,0,1,0,233
2,0,1,2,24.6,30.305,60,19.0012,2012,5,14,1,0,0,2,1,11
4,0,1,1,14.76,16.665,43,19.0012,2011,11,4,20,4,0,1,1,186
1,0,0,3,7.38,9.85,55,11.0014,2011,1,8,3,5,1,0,1,7
1,0,0,2,10.66,12.88,81,11.0014,2012,2,11,12,5,1,1,2,221
3,0,1,1,27.06,30.305,83,8.9981,2011,8,1,4,0,0,2,2,4
3,0,0,1,29.52,32.575,45,0.0,2012,8,12,20,6,1,2,1,300
2,0,1,1,22.96,26.515,83,6.0032,2012,5,2,3,2,0,2,2,6
4,0,1,1,24.6,31.06,53,23.9994,2011,11,14,21,0,0,2,1,213
4,0,1,1,17.22,21.21,82,7.0015,2012,12,3,23,0,0,1,2,102
3,0,0,1,25.42,30.305,69,26.0027,2011,9,11,22,6,1,2,1,95
1,0,1,2,9.84,12.12,70,11.0014,2011,2,4,21,4,0,0,1,43
2,0,1,1,24.6,28.79,78,8.9981,2011,6,7,6,1,0,2,2,126
4,0,1,1,10.66,11.365,56,19.9995,2011,12,1,2,3,0,1,1,9
3,0,0,1,27.06,29.545,89,0.0,2012,9,2,2,6,1,2,2,84
1,0,1,2,7.38,9.85,43,11.0014,2011,1,7,22,4,0,0,1,36
4,0,1,2,20.5,24.24,72,12.998,2011,11,15,17,1,0,2,2,451
2,0,1,1,32.8,38.635,59,15.0013,2012,6,19,19,1,0,3,1,514
1,0,1,1,22.14,25.76,60,7.0015,2012,3,14,0,2,0,2,1,39
2,0,0,2,18.86,22.725,82,0.0,2011,5,1,21,6,1,1,2,105
3,0,0,1,31.16,34.09,45,19.0012,2011,7,16,16,5,1,3,1,425
1,1,0,1,6.56,7.575,59,16.9979,2012,1,16,11,0,0,0,1,179
1,1,0,1,9.84,12.88,35,0.0,2012,1,2,9,0,0,0,0,68
3,0,1,1,35.26,41.665,53,26.0027,2011,7,11,18,0,0,3,1,472
3,0,1,3,25.42,25.76,100,22.0028,2011,9,8,19,3,0,2,2,52
1,0,0,1,22.14,25.76,68,0.0,2012,3,17,22,5,1,2,1,211
3,0,0,1,27.06,31.06,36,16.9979,2012,9,9,18,6,1,2,0,560
4,0,1,2,16.4,20.455,40,27.9993,2012,11,2,15,4,0,1,0,306
1,0,1,1,17.22,21.21,82,0.0,2012,2,2,12,3,0,1,2,148
2,0,0,2,24.6,28.79,78,12.998,2011,6,5,9,6,1,2,2,164
1,0,0,1,10.66,12.12,38,16.9979,2011,1,16,15,6,1,1,0,113
4,0,1,1,17.22,21.21,82,0.0,2011,10,7,5,4,0,1,2,27
2,0,1,2,22.14,25.76,73,19.9995,2012,5,8,8,1,0,2,2,641
4,0,1,2,13.94,15.15,49,26.0027,2011,11,17,14,3,0,1,1,110
2,0,1,1,21.32,25.0,48,22.0028,2011,6,3,4,4,0,2,1,6
4,0,0,1,25.42,30.305,61,7.0015,2011,10,9,17,6,1,2,1,438
2,0,1,3,27.06,29.545,94,15.0013,2012,6,12,23,1,0,2,2,89
4,0,1,2,21.32,25.0,94,6.0032,2011,10,11,1,1,0,2,2,11
2,0,1,1,18.86,22.725,31,11.0014,2012,4,2,20,0,0,1,0,329
3,0,1,2,28.7,33.335,84,11.0014,2012,8,9,7,3,0,2,2,475
4,0,1,1,9.84,12.88,60,7.0015,2012,11,6,0,1,0,0,1,19
4,0,1,1,21.32,25.0,77,12.998,2012,10,19,20,4,0,2,2,229
4,0,1,1,12.3,15.15,70,11.0014,2012,11,2,3,4,0,1,1,3
2,0,0,2,13.12,15.15,93,11.0014,2011,4,9,8,5,1,1,2,54
2,0,1,1,28.7,31.82,28,19.0012,2011,6,3,15,4,0,2,0,212
1,0,1,1,7.38,6.06,34,43.9989,2012,1,3,13,1,0,0,0,73
3,0,1,2,20.5,24.24,51,8.9981,2011,9,16,11,4,0,2,1,179
1,0,1,1,20.5,24.24,59,7.0015,2012,3,15,1,3,0,2,1,23
3,0,1,1,31.98,38.635,70,12.998,2012,9,5,15,2,0,3,1,245
3,0,1,1,21.32,25.0,72,7.0015,2012,9,12,0,2,0,2,2,49
1,0,1,3,19.68,23.485,82,6.0032,2012,3,16,17,4,0,1,2,258
1,0,1,1,8.2,9.85,59,12.998,2012,2,10,6,4,0,0,1,64
4,0,1,1,22.14,25.76,49,0.0,2011,10,7,20,4,0,2,1,197
4,0,1,3,18.86,22.725,100,19.9995,2011,12,6,19,1,0,1,2,233
2,0,1,2,22.14,25.76,88,19.0012,2011,5,17,22,1,0,2,2,98
4,0,1,3,22.14,25.76,88,15.0013,2011,10,12,13,2,0,2,2,101
3,0,1,1,32.8,36.365,43,15.0013,2012,7,10,16,1,0,3,1,435
3,0,1,2,28.7,32.575,82,23.9994,2011,8,4,8,3,0,2,2,398
3,0,1,1,25.42,31.06,57,0.0,2011,7,1,4,4,0,2,1,6
1,0,1,2,10.66,11.365,70,22.0028,2012,1,17,0,1,0,1,1,12
3,0,0,2,23.78,27.275,78,19.9995,2012,9,8,22,5,1,2,2,194
1,0,0,2,9.02,11.365,93,11.0014,2012,2,19,23,6,1,0,2,35
4,0,1,1,14.76,18.18,81,6.0032,2012,10,12,5,4,0,1,2,35
1,0,1,1,13.94,16.665,71,12.998,2011,3,17,4,3,0,1,2,3
1,0,1,1,14.76,16.665,34,27.9993,2012,3,9,12,4,0,1,0,201
1,0,1,2,4.92,6.06,50,15.0013,2011,2,10,5,3,0,0,1,6
2,0,1,1,23.78,27.275,43,12.998,2011,5,9,19,0,0,2,1,384
3,0,1,1,31.98,34.85,46,19.9995,2011,8,2,9,1,0,3,1,213
3,0,1,1,33.62,34.85,21,16.9979,2011,7,1,15,4,0,3,0,381
4,0,1,1,13.94,17.425,46,7.0015,2012,11,14,16,2,0,1,1,321
2,0,1,2,24.6,28.03,83,0.0,2011,6,17,8,4,0,2,2,454
1,0,1,2,18.86,22.725,77,6.0032,2012,3,16,13,4,0,1,2,260
3,0,1,1,28.7,32.575,65,6.0032,2011,7,5,7,1,0,2,1,270
4,1,0,1,21.32,25.0,72,8.9981,2012,11,12,18,0,0,2,2,551
3,0,1,1,34.44,37.88,44,8.9981,2012,8,2,12,3,0,3,1,286
2,0,1,3,21.32,25.0,94,19.9995,2011,5,18,3,2,0,2,2,9
1,0,1,1,18.04,21.97,44,15.0013,2012,3,12,11,0,0,1,1,150
3,0,1,1,24.6,28.79,78,11.0014,2012,8,16,5,3,0,2,2,37
4,0,0,1,8.2,11.365,59,7.0015,2011,12,18,5,6,1,0,1,5
4,0,1,1,24.6,31.06,56,0.0,2012,12,3,15,0,0,2,1,268
1,0,1,1,20.5,24.24,59,12.998,2011,2,18,12,4,0,2,1,185
3,0,1,2,31.16,34.09,45,15.0013,2012,7,9,15,0,0,3,1,280
2,0,1,1,22.96,26.515,60,6.0032,2012,6,6,9,2,0,2,1,303
2,0,0,1,26.24,31.06,57,15.0013,2012,6,17,17,6,1,2,1,593
1,0,1,1,21.32,25.0,36,22.0028,2012,3,7,14,2,0,2,0,175
4,0,0,1,17.22,21.21,58,6.0032,2011,11,6,11,6,1,1,1,320
1,0,1,1,8.2,12.88,86,0.0,2011,2,7,4,0,0,0,2,2
1,0,0,2,18.86,22.725,94,12.998,2011,1,2,4,6,1,1,2,3
4,0,0,1,17.22,21.21,77,19.0012,2012,10,14,1,6,1,1,2,112
3,0,0,1,18.86,22.725,82,6.0032,2011,9,17,2,5,1,1,2,79
1,0,1,1,24.6,30.305,64,11.0014,2012,3,19,21,0,0,2,1,223
4,0,1,1,14.76,18.94,87,0.0,2011,11,8,9,1,0,1,2,191
1,0,1,1,16.4,20.455,66,15.0013,2011,3,17,22,3,0,1,1,87
1,0,1,1,18.04,21.97,62,32.9975,2012,1,17,14,1,0,1,1,132
2,0,1,1,26.24,28.79,83,15.0013,2011,6,16,18,3,0,2,2,325
1,0,1,3,9.02,12.12,93,7.0015,2011,2,2,6,2,0,0,2,18
4,0,1,2,18.86,22.725,94,12.998,2011,12,6,8,1,0,1,2,414
3,0,1,1,30.34,34.85,70,15.0013,2012,9,6,16,3,0,3,1,416
2,0,0,1,17.22,21.21,82,6.0032,2011,5,7,2,5,1,1,2,52
3,1,0,1,26.24,28.79,83,0.0,2011,7,4,2,0,0,2,2,63
2,0,1,1,20.5,24.24,31,7.0015,2012,4,5,15,3,0,2,0,269
4,0,1,1,8.2,11.365,75,6.0032,2011,12,19,0,0,0,0,2,17
2,0,1,1,25.42,31.06,46,15.0013,2011,6,13,22,0,0,2,1,134
4,0,0,1,14.76,18.18,81,6.0032,2011,11,6,21,6,1,1,2,88
3,0,1,2,31.16,36.365,70,11.0014,2012,9,5,10,2,0,3,1,235
3,1,0,2,29.52,34.09,66,6.0032,2011,7,4,9,0,0,2,1,238
1,0,0,2,13.12,15.15,39,16.9979,2011,1,15,20,5,1,1,0,41
2,0,1,1,27.88,31.82,41,12.998,2011,6,14,16,1,0,2,1,330
1,0,1,1,10.66,12.88,41,11.0014,2011,3,8,9,1,0,1,1,151
4,0,1,1,10.66,13.635,52,7.0015,2011,11,18,22,4,0,1,1,97
1,0,1,1,18.04,21.97,62,16.9979,2012,3,7,21,2,0,1,1,188
4,0,0,3,14.76,16.665,93,19.9995,2011,10,2,0,6,1,1,2,47
2,0,1,1,28.7,32.575,51,8.9981,2012,5,4,19,4,0,2,1,452
1,0,0,1,13.94,17.425,46,6.0032,2011,2,6,14,6,1,1,1,161
2,0,0,1,25.42,30.305,22,19.9995,2012,4,8,17,6,1,2,0,411
3,0,0,2,22.14,25.76,68,6.0032,2011,9,18,21,6,1,2,1,147
1,0,1,1,6.56,6.06,40,31.0009,2011,2,8,19,1,0,0,0,101
3,0,1,1,27.06,31.06,69,0.0,2012,8,16,0,3,0,2,1,76
2,0,1,1,19.68,23.485,48,0.0,2012,4,4,0,2,0,1,1,41
4,0,1,1,9.02,12.88,80,6.0032,2011,12,9,6,4,0,0,2,63
3,0,1,2,29.52,33.335,51,0.0,2012,7,2,5,0,0,2,1,40
1,0,1,1,18.04,21.97,62,22.0028,2012,3,8,0,3,0,1,1,46
1,0,1,2,10.66,13.635,56,8.9981,2011,2,4,17,4,0,1,1,205
4,0,1,1,18.04,21.97,94,6.0032,2011,10,18,2,1,0,1,2,5
3,0,1,2,36.9,41.665,39,22.0028,2012,7,5,18,3,0,3,0,607
2,0,1,3,24.6,28.79,78,12.998,2012,6,18,23,0,0,2,2,74
3,0,1,1,30.34,33.335,51,11.0014,2012,7,13,19,4,0,3,1,488
3,0,1,1,37.72,40.91,31,12.998,2012,7,17,13,1,0,3,0,221
3,0,1,2,29.52,33.335,51,8.9981,2011,9,1,12,3,0,2,1,229
2,0,1,1,22.14,25.76,56,11.0014,2011,5,9,9,0,0,2,1,178
3,0,1,1,28.7,32.575,65,15.0013,2011,8,5,8,4,0,2,1,454
4,0,1,1,18.86,22.725,88,6.0032,2011,10,18,7,1,0,1,2,341
2,0,1,1,18.86,22.725,82,6.0032,2011,5,9,3,0,0,1,2,7
1,0,1,1,13.12,17.425,57,0.0,2012,2,15,0,2,0,1,1,22
4,0,1,1,10.66,13.635,60,8.9981,2011,11,18,23,4,0,1,1,59
1,0,1,1,10.66,13.635,65,7.0015,2011,3,14,0,0,0,1,1,11
4,0,1,2,14.76,18.94,93,0.0,2012,12,4,6,1,0,1,2,153
2,0,1,1,28.7,31.82,34,15.0013,2011,6,15,12,2,0,2,0,211
2,0,0,1,13.12,15.91,61,11.0014,2011,4,2,23,5,1,1,1,53
1,0,1,1,10.66,13.635,35,7.0015,2011,1,6,13,3,0,1,0,67
3,0,0,1,31.98,37.12,59,0.0,2012,7,8,17,6,1,3,1,270
2,0,0,1,33.62,39.395,56,16.9979,2011,6,12,14,6,1,3,1,315
4,0,0,2,14.76,16.665,46,19.0012,2012,11,3,18,5,1,1,1,297
4,0,1,2,12.3,15.91,61,6.0032,2012,11,16,6,4,0,1,1,130
2,0,0,2,29.52,34.09,62,0.0,2011,6,18,23,5,1,2,1,150
2,0,1,3,20.5,24.24,82,12.998,2012,6,5,4,1,0,2,2,5
3,0,0,1,26.24,30.305,69,6.0032,2012,8,12,4,6,1,2,1,10
2,0,1,1,28.7,33.335,79,11.0014,2011,6,1,2,2,0,2,2,3
3,0,1,1,32.8,38.635,59,15.0013,2011,8,9,11,1,0,3,1,149
3,0,0,1,27.88,31.82,83,8.9981,2011,9,3,21,5,1,2,2,164
1,0,0,1,4.1,4.545,49,19.9995,2012,2,12,9,6,1,0,1,63
4,0,1,1,21.32,25.0,45,19.0012,2012,10,16,13,1,0,2,1,328
3,0,0,1,28.7,32.575,58,8.9981,2011,9,10,19,5,1,2,1,315
1,0,1,1,28.7,31.82,32,0.0,2012,3,14,18,2,0,2,0,749
4,0,1,1,14.76,18.94,81,0.0,2011,10,3,3,0,0,1,2,7
3,0,1,1,33.62,37.88,46,22.0028,2011,8,18,14,3,0,3,1,182
2,0,1,1,20.5,24.24,31,19.9995,2011,4,6,19,2,0,2,0,232
1,0,1,1,13.12,15.15,61,22.0028,2012,2,15,9,2,0,1,1,231
4,0,0,2,11.48,13.635,48,16.9979,2011,12,17,13,5,1,1,1,236
1,0,1,3,14.76,17.425,93,16.9979,2012,1,12,2,3,0,1,2,2
2,0,0,1,25.42,28.79,83,7.0015,2011,6,18,1,5,1,2,2,95
4,0,1,2,26.24,31.06,38,12.998,2011,10,18,13,1,0,2,0,219
3,0,1,1,31.16,35.605,58,6.0032,2011,8,8,21,0,0,3,1,186
4,0,1,2,14.76,17.425,66,15.0013,2012,11,19,3,0,0,1,1,2
2,0,0,1,21.32,25.0,52,12.998,2011,5,7,8,5,1,2,1,115
4,0,0,2,14.76,18.94,62,0.0,2012,12,16,0,6,1,1,1,110
3,0,1,1,29.52,34.85,74,7.0015,2012,8,9,8,3,0,2,2,698
2,0,1,1,31.16,33.335,27,0.0,2011,6,15,15,2,0,3,0,164
2,0,1,2,28.7,32.575,58,15.0013,2012,5,1,12,1,0,2,1,269
2,0,1,1,17.22,21.21,50,16.9979,2011,5,5,8,3,0,1,1,440
3,0,1,2,22.96,26.515,68,19.0012,2012,9,19,0,2,0,2,1,26
1,0,1,1,7.38,8.335,43,16.9979,2011,1,3,10,0,0,0,1,44
3,0,1,1,18.86,22.725,63,22.0028,2011,9,15,20,3,0,1,1,248
4,0,1,3,15.58,19.695,62,11.0014,2012,11,1,12,3,0,1,1,221
3,0,1,2,27.88,31.82,65,11.0014,2011,9,2,17,4,0,2,1,455
3,0,1,1,28.7,32.575,61,8.9981,2012,8,15,20,2,0,2,1,427
4,0,1,2,11.48,12.88,56,19.9995,2012,11,7,10,2,0,1,1,178
2,0,1,1,18.04,21.97,82,8.9981,2011,5,6,23,4,0,1,2,120
1,0,1,1,23.78,27.275,43,12.998,2012,2,1,17,2,0,2,1,539
4,0,1,2,18.04,21.97,88,0.0,2012,12,4,5,1,0,1,2,46
1,0,1,1,11.48,12.88,52,22.0028,2012,1,18,9,2,0,1,1,202
4,0,1,1,18.86,22.725,82,12.998,2012,12,4,10,1,0,1,2,156
2,0,0,2,22.96,26.515,83,8.9981,2012,5,6,0,6,1,2,2,134
4,0,0,1,16.4,20.455,40,15.0013,2012,11,4,15,6,1,1,0,449
1,0,1,2,9.84,12.12,75,8.9981,2011,2,1,16,1,0,0,2,64
4,0,1,3,22.96,26.515,100,7.0015,2011,10,13,9,3,0,2,2,109
3,0,0,1,31.16,33.335,37,15.0013,2012,8,18,17,5,1,3,0,635
2,0,1,2,26.24,31.06,53,16.9979,2012,5,9,13,2,0,2,1,266
1,0,1,2,8.2,10.605,47,8.9981,2011,1,11,11,1,0,0,1,35
1,0,1,1,14.76,17.425,50,8.9981,2012,2,7,20,1,0,1,1,212
3,0,1,1,31.16,36.365,66,7.0015,2011,7,5,20,1,0,3,1,284
4,0,1,1,18.04,21.97,77,6.0032,2012,10,1,1,0,0,1,2,18
4,0,0,2,14.76,17.425,62,8.9981,2011,11,13,3,6,1,1,1,28
3,0,1,1,32.8,37.12,49,16.9979,2011,7,13,8,2,0,3,1,449
3,0,1,2,28.7,33.335,79,16.9979,2012,9,5,7,2,0,2,2,500
3,1,0,2,27.06,29.545,94,19.9995,2011,9,5,21,0,0,2,2,60
2,0,1,2,17.22,21.21,77,0.0,2012,4,19,3,3,0,1,2,4
4,0,0,1,9.02,11.365,64,11.0014,2011,12,18,9,6,1,0,1,81
1,0,0,1,14.76,16.665,50,23.9994,2011,3,13,19,6,1,1,1,101
1,0,1,1,18.86,22.725,67,11.0014,2012,2,2,15,3,0,1,1,174
3,0,1,2,30.34,34.85,70,12.998,2012,7,6,3,4,0,3,1,7
2,0,1,1,32.8,34.09,24,23.9994,2011,6,2,13,3,0,3,0,203
3,0,1,2,31.16,34.09,45,8.9981,2012,7,13,11,4,0,3,1,288
4,0,1,1,25.42,31.06,53,23.9994,2012,10,18,13,3,0,2,1,332
4,0,1,2,18.86,22.725,88,0.0,2012,10,10,3,2,0,1,2,6
3,0,1,2,27.88,31.82,89,6.0032,2011,8,4,0,3,0,2,2,17
3,0,1,1,30.34,35.605,74,6.0032,2012,7,16,23,0,0,3,2,166
4,0,0,1,16.4,20.455,54,6.0032,2012,10,13,20,5,1,1,1,255
2,0,1,2,21.32,25.0,72,6.0032,2012,5,1,4,1,0,2,2,8
4,0,0,2,9.84,12.12,93,8.9981,2012,12,2,6,6,1,0,2,16
2,0,1,1,36.9,42.425,42,15.0013,2011,6,9,11,3,0,3,1,118
2,0,0,3,17.22,21.21,94,30.0026,2011,4,16,11,5,1,1,2,31
1,0,1,2,8.2,11.365,86,6.0032,2012,1,9,20,0,0,0,2,132
2,0,1,1,25.42,29.545,78,7.0015,2011,6,6,7,0,0,2,2,299
3,0,1,1,31.16,35.605,58,6.0032,2012,7,18,23,2,0,3,1,131
4,0,1,3,22.96,26.515,83,8.9981,2011,10,12,1,2,0,2,2,10
4,0,1,1,16.4,20.455,76,8.9981,2011,11,2,19,2,0,1,2,282
2,0,1,1,18.86,22.725,82,7.0015,2012,6,6,4,2,0,1,2,10
3,0,0,1,33.62,41.665,63,12.998,2012,7,7,8,5,1,3,1,152
3,0,0,2,25.42,30.305,61,11.0014,2012,8,19,3,6,1,2,1,55
4,0,1,3,18.86,22.725,88,26.0027,2011,11,16,19,2,0,1,2,111
1,0,1,1,9.84,12.12,48,8.9981,2012,3,5,2,0,0,0,1,4
2,0,1,1,22.14,25.76,68,0.0,2012,6,6,8,2,0,2,1,668
1,0,1,1,15.58,19.695,54,12.998,2012,3,12,0,0,0,1,1,24
4,0,1,1,14.76,18.94,87,0.0,2011,11,8,22,1,0,1,2,108
1,0,1,1,17.22,21.21,38,12.998,2012,2,15,16,2,0,1,0,231
4,0,1,1,9.84,11.365,44,15.0013,2011,11,18,2,4,0,0,1,10
3,0,1,3,24.6,25.76,94,16.9979,2012,9,17,23,0,0,2,2,70
1,0,1,1,9.02,9.09,37,39.0007,2012,3,5,23,0,0,0,0,31
4,0,1,1,14.76,16.665,43,16.9979,2012,11,14,13,2,0,1,1,214
2,0,1,1,25.42,28.79,83,22.0028,2011,6,16,20,3,0,2,2,201
4,0,1,1,13.94,16.665,29,8.9981,2011,11,18,16,4,0,1,0,209
1,0,0,2,13.12,15.15,93,15.0013,2011,3,5,9,5,1,1,2,63
1,0,1,1,14.76,17.425,46,15.0013,2012,2,3,14,4,0,1,1,170
4,0,0,2,15.58,19.695,82,0.0,2012,12,16,20,6,1,1,2,122
1,0,1,3,13.94,18.18,81,0.0,2012,2,16,16,3,0,1,2,118
4,0,1,2,14.76,17.425,71,11.0014,2012,12,7,15,4,0,1,2,303
3,0,1,1,32.8,34.09,24,16.9979,2011,7,1,18,4,0,3,0,422
3,0,1,2,31.16,35.605,62,15.0013,2011,8,4,12,3,0,3,1,205
3,1,0,1,27.06,31.06,74,11.0014,2011,9,5,7,0,0,2,2,41
2,0,0,1,23.78,27.275,83,15.0013,2011,5,15,10,6,1,2,2,226
4,0,0,2,22.96,26.515,68,19.0012,2012,10,14,23,6,1,2,1,105
3,0,1,1,27.06,30.305,83,6.0032,2011,7,8,19,4,0,2,2,270
4,0,0,1,18.86,22.725,59,8.9981,2012,11,11,11,6,1,1,1,504
3,0,0,1,24.6,29.545,73,0.0,2012,9,15,1,5,1,2,2,109
4,0,0,1,13.94,16.665,53,8.9981,2012,10,13,1,5,1,1,1,146
2,0,1,1,25.42,28.79,83,19.0012,2011,6,16,19,3,0,2,2,327
2,0,1,1,13.94,16.665,49,12.998,2012,4,13,2,4,0,1,1,11
1,0,1,3,9.02,11.365,75,11.0014,2012,1,9,15,0,0,0,2,69
3,0,0,1,23.78,27.275,60,8.9981,2012,9,16,9,6,1,2,1,296
4,0,0,1,22.14,25.76,68,8.9981,2011,10,8,19,5,1,2,1,248
4,0,1,1,22.14,25.76,56,0.0,2012,10,1,10,0,0,2,1,179
1,0,1,2,9.84,12.12,81,8.9981,2011,3,9,5,2,0,0,2,8
4,0,1,1,14.76,18.18,87,6.0032,2011,11,7,23,0,0,1,2,48
1,0,0,1,10.66,13.635,81,7.0015,2012,2,18,10,5,1,1,2,205
2,0,1,1,22.14,25.76,60,8.9981,2011,5,10,20,1,0,2,1,291
4,0,0,2,15.58,19.695,66,16.9979,2012,11,18,17,6,1,1,1,280
1,0,0,2,8.2,11.365,40,7.0015,2011,1,16,23,6,1,0,0,18
1,0,1,1,13.12,15.15,53,19.9995,2012,2,3,11,4,0,1,1,164
3,0,1,3,22.14,25.76,83,26.0027,2011,9,6,8,1,0,2,2,364
3,0,0,1,30.34,35.605,74,8.9981,2012,7,7,3,5,1,3,2,31
2,0,1,1,22.96,26.515,35,16.9979,2012,5,11,11,4,0,2,0,291
3,0,1,2,27.88,31.82,89,8.9981,2011,8,3,21,2,0,2,2,88
3,0,1,2,35.26,40.15,47,0.0,2012,7,17,11,1,0,3,1,206
4,0,1,1,13.94,18.18,93,0.0,2011,11,9,9,2,0,1,2,219
2,0,1,1,20.5,24.24,27,26.0027,2012,4,12,18,3,0,2,0,610
3,0,1,1,26.24,31.06,57,19.9995,2011,7,14,2,3,0,2,1,10
2,0,0,1,16.4,20.455,43,7.0015,2011,4,3,22,6,1,1,1,36
4,0,0,1,13.94,17.425,81,6.0032,2012,11,11,0,6,1,1,2,124
2,0,1,1,21.32,25.0,20,23.9994,2012,4,10,19,1,0,2,0,479
1,0,1,2,17.22,21.21,67,8.9981,2012,2,2,3,3,0,1,1,2
4,0,0,1,9.02,12.12,55,7.0015,2011,12,18,2,6,1,0,1,41
3,0,1,2,32.8,35.605,36,15.0013,2012,7,13,16,4,0,3,0,492
3,0,1,1,27.88,31.82,83,6.0032,2012,8,9,3,3,0,2,2,6
2,0,1,1,20.5,24.24,51,12.998,2011,4,14,10,3,0,2,1,89
2,0,1,1,18.86,22.725,41,19.0012,2011,4,7,0,3,0,1,1,20
4,0,0,1,21.32,25.0,32,16.9979,2011,11,12,16,5,1,2,0,361
4,0,1,1,18.04,21.97,77,11.0014,2012,10,1,7,0,0,1,2,483
2,0,0,1,30.34,32.575,28,8.9981,2011,6,4,13,5,1,3,0,456
4,0,1,2,9.84,11.365,70,12.998,2012,12,7,1,4,0,0,1,28
2,0,1,1,31.16,32.575,20,35.0008,2011,6,2,17,3,0,3,0,572
2,0,0,1,28.7,32.575,70,12.998,2011,6,19,20,6,1,2,1,232
3,0,0,3,31.98,37.12,62,0.0,2012,9,1,19,5,1,3,1,392
3,0,0,1,32.8,38.635,59,15.0013,2011,9,4,16,6,1,3,1,337
3,0,1,2,31.16,35.605,58,15.0013,2012,7,2,0,0,0,3,1,43
4,0,1,2,22.96,26.515,88,15.0013,2011,10,12,16,2,0,2,2,55
4,0,1,1,21.32,25.0,42,30.0026,2012,10,12,15,4,0,2,1,455
1,0,1,1,7.38,7.575,43,22.0028,2011,2,3,10,3,0,0,1,52
2,0,1,2,25.42,30.305,69,12.998,2011,5,2,13,0,0,2,1,170
2,0,1,1,28.7,32.575,65,7.0015,2012,6,11,0,0,0,2,1,41
2,0,1,1,27.88,31.06,22,23.9994,2012,4,17,16,1,0,2,0,370
4,0,1,1,16.4,20.455,76,0.0,2011,11,8,21,1,0,1,2,182
1,0,1,2,9.02,11.365,87,11.0014,2011,1,18,15,1,0,0,2,35
3,0,1,1,27.06,31.06,74,7.0015,2011,8,2,1,1,0,2,2,12
2,0,0,2,18.86,22.725,28,8.9981,2011,4,3,17,6,1,1,0,274
4,0,1,1,9.02,10.605,51,19.9995,2012,12,6,7,3,0,0,1,389
3,1,0,2,31.98,35.605,49,11.0014,2011,7,4,19,0,0,3,1,375
1,0,1,1,18.86,22.725,63,30.0026,2012,1,17,17,1,0,1,1,462
4,0,1,2,18.86,22.725,88,8.9981,2011,12,5,23,0,0,1,2,62
1,0,1,2,8.2,10.605,86,11.0014,2012,1,10,4,1,0,0,2,4
4,0,1,1,13.94,15.15,46,27.9993,2012,12,5,21,2,0,1,1,198
2,0,1,1,14.76,17.425,62,15.0013,2011,5,4,23,2,0,1,1,57
2,0,0,1,23.78,27.275,49,6.0032,2011,5,8,11,6,1,2,1,340
2,0,0,1,22.14,25.76,56,8.9981,2012,6,3,1,6,1,2,1,121
1,0,1,1,13.94,15.15,46,27.9993,2012,2,2,21,3,0,1,1,148
1,0,1,2,16.4,20.455,76,15.0013,2011,3,16,14,2,0,1,2,100
1,0,1,1,7.38,6.82,37,35.0008,2012,1,3,11,1,0,0,0,75
4,0,0,1,16.4,20.455,82,8.9981,2012,10,7,20,6,1,1,2,116
3,0,1,1,31.16,34.09,45,27.9993,2011,8,16,14,1,0,3,1,182
1,0,1,1,5.74,6.82,46,15.0013,2012,2,13,0,0,0,0,1,9
1,0,0,1,12.3,14.395,52,15.0013,2012,2,5,19,6,1,1,1,69
4,0,1,1,21.32,25.0,45,0.0,2011,11,7,16,0,0,2,1,295
1,0,1,2,9.02,11.365,47,12.998,2012,1,5,0,3,0,0,1,14
2,0,0,1,34.44,35.605,24,0.0,2012,6,9,17,5,1,3,0,495
4,0,0,2,18.04,21.97,62,19.9995,2011,10,1,5,5,1,1,1,5
4,0,0,2,18.04,21.97,77,12.998,2012,12,2,22,6,1,1,2,96
1,0,1,2,13.12,14.395,76,26.0027,2011,3,9,11,2,0,1,2,59
4,0,1,1,9.84,11.365,67,12.998,2011,12,19,10,0,0,0,1,108
3,0,1,1,31.98,36.365,55,15.0013,2012,7,6,1,4,0,3,1,29
3,0,0,2,25.42,28.03,88,0.0,2011,9,11,1,6,1,2,2,88
2,1,0,1,30.34,33.335,45,19.9995,2012,4,16,13,0,0,3,1,263
3,0,1,1,29.52,33.335,48,15.0013,2012,7,12,21,3,0,2,1,373
2,0,1,1,26.24,30.305,69,15.0013,2011,5,2,14,0,0,2,1,181
2,0,0,1,25.42,30.305,61,7.0015,2012,6,9,8,5,1,2,1,244
2,0,1,1,28.7,32.575,54,12.998,2012,5,16,12,2,0,2,1,330
4,0,0,1,17.22,21.21,67,8.9981,2011,10,15,4,5,1,1,1,6
1,0,1,1,7.38,12.12,55,0.0,2011,1,6,0,3,0,0,1,11
1,0,1,1,15.58,19.695,46,12.998,2012,3,2,11,4,0,1,1,194
2,0,1,1,19.68,23.485,77,0.0,2012,6,6,6,2,0,1,2,172
3,0,1,1,30.34,34.09,58,16.9979,2011,7,13,4,2,0,3,1,5
2,0,1,2,24.6,29.545,73,22.0028,2011,4,11,12,0,0,2,2,134
4,0,1,1,12.3,13.635,52,26.0027,2012,11,14,9,2,0,1,1,332
4,0,0,1,10.66,13.635,65,8.9981,2012,11,4,4,6,1,1,1,9
4,0,1,1,20.5,24.24,59,19.0012,2012,10,15,22,0,0,2,1,126
3,0,1,2,27.06,29.545,89,0.0,2012,9,4,5,1,0,2,2,38
2,0,0,2,28.7,32.575,48,6.0032,2011,6,4,20,5,1,2,1,239
3,0,1,3,27.06,29.545,89,15.0013,2012,7,19,23,3,0,2,2,65
1,0,0,1,9.84,14.395,70,0.0,2012,2,18,6,5,1,0,1,9
4,0,1,1,14.76,17.425,46,8.9981,2012,12,14,18,4,0,1,1,455
2,0,1,1,13.94,16.665,71,8.9981,2012,4,10,4,1,0,1,2,2
1,0,1,1,6.56,6.82,37,19.0012,2011,3,3,9,3,0,0,0,145
2,0,0,2,15.58,19.695,94,8.9981,2011,4,10,9,6,1,1,2,81
2,0,1,1,24.6,31.06,38,26.0027,2011,5,6,15,4,0,2,0,260
1,0,0,2,12.3,14.395,45,16.9979,2011,1,15,18,5,1,1,1,84
1,0,1,1,20.5,24.24,48,19.0012,2011,3,17,16,3,0,2,1,142
3,0,1,1,28.7,33.335,84,11.0014,2011,7,13,20,2,0,2,2,342
2,0,1,1,26.24,31.06,41,30.0026,2012,6,4,12,0,0,2,1,282
3,0,1,1,33.62,40.15,59,8.9981,2012,7,5,22,3,0,3,1,225
3,0,1,1,25.42,30.305,61,8.9981,2012,9,12,10,2,0,2,1,205
2,0,1,1,23.78,27.275,78,15.0013,2012,5,15,22,1,0,2,2,83
4,0,1,1,14.76,17.425,76,8.9981,2012,12,7,16,4,0,1,2,375
1,0,0,1,13.12,15.15,57,19.9995,2011,3,13,20,6,1,1,1,77
1,0,0,2,22.14,25.76,43,8.9981,2012,1,7,17,5,1,2,1,322
3,0,1,1,30.34,34.09,58,12.998,2011,7,13,5,2,0,3,1,26
3,0,1,1,28.7,33.335,79,11.0014,2011,8,1,3,0,0,2,2,4
4,0,1,2,22.96,26.515,94,11.0014,2011,10,14,5,4,0,2,2,17
3,0,1,2,28.7,33.335,74,11.0014,2011,7,8,2,4,0,2,2,22
3,0,0,1,27.88,31.82,83,8.9981,2012,7,15,6,6,1,2,2,15
1,0,1,2,18.86,22.725,67,7.0015,2011,2,18,5,4,0,1,1,7
1,0,1,1,9.02,9.85,29,30.0026,2011,2,15,9,1,0,0,0,110
4,0,1,2,17.22,21.21,94,7.0015,2011,11,10,9,3,0,1,2,211
2,0,0,1,22.14,25.76,64,7.0015,2011,6,4,1,5,1,2,1,94
1,0,0,1,4.1,3.03,46,31.0009,2011,1,9,2,6,1,0,1,11
2,0,0,1,20.5,24.24,55,16.9979,2012,4,1,15,6,1,2,1,573
3,0,1,1,29.52,34.09,70,7.0015,2012,8,1,22,2,0,2,1,288
1,0,1,3,13.12,16.665,81,7.0015,2011,3,15,21,1,0,1,2,55
2,0,1,1,16.4,20.455,50,35.0008,2012,4,2,10,0,0,1,1,204
2,0,1,1,22.14,25.76,28,15.0013,2011,5,5,19,3,0,2,0,361
3,0,1,1,30.34,34.85,66,12.998,2012,8,8,20,2,0,3,1,500
4,0,0,2,15.58,19.695,76,12.998,2012,12,16,13,6,1,1,2,356
3,0,1,3,29.52,34.09,70,12.998,2012,8,6,7,0,0,2,1,407
2,0,1,1,29.52,33.335,54,31.0009,2011,5,3,16,1,0,2,1,271
3,0,0,1,27.06,30.305,78,12.998,2011,8,6,0,5,1,2,2,133
1,0,1,1,4.92,6.06,50,15.0013,2011,1,10,2,0,0,0,1,3
1,0,1,1,28.7,31.82,37,7.0015,2012,3,13,17,1,0,2,0,676
4,0,1,1,18.04,21.97,88,0.0,2011,10,5,4,2,0,1,2,5
1,0,1,1,8.2,12.88,86,0.0,2011,2,7,5,0,0,0,2,10
2,0,0,1,23.78,27.275,53,0.0,2012,6,16,2,5,1,2,1,67
4,0,1,1,14.76,16.665,46,26.0027,2011,12,16,9,4,0,1,1,243
4,0,1,2,13.12,16.665,70,8.9981,2011,12,15,3,3,0,1,1,3
2,0,1,1,19.68,23.485,33,27.9993,2012,4,2,15,0,0,1,0,324
2,0,1,1,24.6,31.06,56,6.0032,2011,6,16,2,3,0,2,1,5
2,0,1,1,26.24,30.305,69,6.0032,2011,6,6,23,0,0,2,1,60
4,0,0,1,13.94,16.665,53,8.9981,2012,11,3,20,5,1,1,1,181
4,0,0,1,18.86,22.725,51,11.0014,2011,11,6,13,6,1,1,1,314
1,0,1,1,6.56,9.09,59,7.0015,2011,1,4,1,1,0,0,1,2
3,0,1,1,33.62,37.88,46,16.9979,2011,8,8,12,0,0,3,1,182
2,0,1,3,31.16,34.09,40,12.998,2011,6,17,18,4,0,3,0,450
2,0,0,1,20.5,24.24,68,0.0,2012,6,3,5,6,1,2,1,12
2,0,0,2,22.14,25.76,77,7.0015,2012,5,6,10,6,1,2,2,333
1,0,1,1,5.74,6.06,39,23.9994,2011,2,10,11,3,0,0,0,45
2,0,1,2,22.96,26.515,49,6.0032,2011,4,18,12,0,0,2,1,184
1,0,1,2,23.78,27.275,32,19.9995,2011,2,17,17,3,0,2,0,274
3,0,1,1,31.98,34.09,31,16.9979,2011,8,11,12,3,0,3,0,214
1,1,0,1,4.92,9.85,50,0.0,2012,1,16,3,0,0,0,1,3
2,0,1,1,17.22,21.21,30,19.0012,2012,4,6,23,4,0,1,0,113
3,0,1,1,30.34,34.85,66,0.0,2011,8,9,8,1,0,3,1,392
4,0,1,1,9.84,12.88,65,6.0032,2012,11,6,2,1,0,0,1,2
1,0,1,1,26.24,31.06,38,46.0022,2012,3,8,15,3,0,2,0,185
1,0,1,1,14.76,16.665,62,27.9993,2012,2,17,11,4,0,1,1,142
3,0,0,1,27.88,31.82,34,22.0028,2012,9,15,14,5,1,2,0,715
2,0,1,1,22.14,25.76,77,16.9979,2012,5,2,19,2,0,2,2,504
1,0,1,2,6.56,11.365,59,0.0,2011,2,4,1,4,0,0,1,7
4,1,0,1,22.96,26.515,64,11.0014,2012,11,12,16,0,0,2,1,434
4,0,1,1,18.04,21.97,18,27.9993,2012,11,8,13,3,0,1,0,228
3,0,1,1,28.7,31.82,45,12.998,2011,7,1,21,4,0,2,1,218
3,0,1,1,34.44,12.12,36,26.0027,2012,8,17,13,4,0,3,0,357
3,0,1,2,31.98,37.12,62,11.0014,2012,9,5,11,2,0,3,1,217
1,0,1,2,13.94,15.15,76,19.9995,2011,3,9,14,2,0,1,2,71
1,0,0,2,6.56,6.82,47,19.9995,2012,1,15,1,6,1,0,1,42
2,0,0,2,29.52,33.335,58,8.9981,2011,6,18,20,5,1,2,1,188
1,0,1,3,12.3,13.635,45,19.9995,2012,3,5,17,0,0,1,1,387
2,0,1,2,17.22,21.21,77,0.0,2012,4,19,2,3,0,1,2,6
4,0,1,2,13.94,17.425,66,7.0015,2011,12,14,20,2,0,1,1,175
1,0,0,1,9.84,11.365,38,15.0013,2011,1,16,16,6,1,0,0,99
3,0,1,1,31.98,34.85,46,12.998,2012,7,13,18,4,0,3,1,631
2,0,0,1,24.6,31.06,40,12.998,2011,5,7,12,5,1,2,0,373
1,0,0,1,18.86,22.725,19,22.0028,2012,3,3,21,5,1,1,0,154
2,0,1,1,31.16,33.335,29,19.9995,2012,6,8,16,4,0,3,0,523
3,0,1,2,22.96,26.515,73,12.998,2011,9,19,23,0,0,2,2,68
4,0,0,2,10.66,14.395,93,6.0032,2012,12,2,8,6,1,1,2,93
3,0,1,1,28.7,33.335,79,8.9981,2011,7,11,23,0,0,2,2,55
1,0,1,1,5.74,7.575,59,11.0014,2011,1,11,1,1,0,0,1,3
4,0,0,1,13.94,16.665,53,11.0014,2012,11,3,0,5,1,1,1,108
1,0,0,1,20.5,24.24,77,11.0014,2012,3,17,23,5,1,2,2,185
3,0,0,2,26.24,30.305,65,0.0,2012,8,19,15,6,1,2,1,276
4,0,0,2,10.66,12.12,56,19.0012,2011,12,17,6,5,1,1,1,17
4,1,0,1,13.94,15.91,53,16.9979,2011,11,11,0,4,0,1,1,66
4,0,0,1,13.12,15.15,87,19.0012,2011,10,2,5,6,1,1,2,7
4,0,0,1,20.5,24.24,36,19.9995,2011,11,12,14,5,1,2,0,435
4,0,1,2,23.78,27.275,78,12.998,2011,10,11,21,1,0,2,2,175
4,0,1,3,14.76,17.425,62,12.998,2012,11,1,11,3,0,1,1,170
2,0,0,1,22.14,25.76,19,27.9993,2012,4,7,17,5,1,2,0,567
3,0,1,1,31.98,34.85,43,8.9981,2012,7,2,20,0,0,3,1,395
4,0,0,1,10.66,15.15,87,0.0,2011,12,4,8,6,1,1,2,55
2,0,0,1,27.88,31.06,24,12.998,2012,5,12,15,5,1,2,0,590
4,0,1,3,24.6,29.545,73,7.0015,2011,10,11,14,1,0,2,2,171
2,0,1,1,26.24,31.06,27,15.0013,2012,4,4,20,2,0,2,0,372
4,0,1,2,22.14,25.76,49,8.9981,2012,10,17,13,2,0,2,1,310
3,0,1,1,36.08,40.91,42,7.0015,2012,7,16,14,0,0,3,1,212
3,0,1,1,35.26,42.425,56,26.0027,2011,7,11,16,0,0,3,1,239
2,0,1,1,18.86,22.725,63,0.0,2011,4,18,8,0,0,1,1,297
2,0,1,1,27.06,31.06,50,7.0015,2012,6,15,21,4,0,2,1,333
1,0,1,1,10.66,15.15,22,0.0,2011,3,3,17,3,0,1,0,202
4,0,0,1,13.94,16.665,49,12.998,2012,11,4,10,6,1,1,1,360
2,0,1,1,22.96,26.515,88,6.0032,2011,6,6,5,0,0,2,2,31
2,0,1,2,22.96,26.515,88,0.0,2012,5,2,8,2,0,2,2,666
4,0,1,2,15.58,19.695,94,7.0015,2012,12,10,2,0,0,1,2,5
1,0,1,1,9.02,9.85,37,26.0027,2011,1,14,13,4,0,0,0,77
4,0,1,3,25.42,27.275,94,7.0015,2012,10,2,21,1,0,2,2,289
4,0,1,1,20.5,24.24,68,0.0,2011,10,7,22,4,0,2,1,146
4,0,1,2,24.6,25.76,94,8.9981,2012,10,3,6,2,0,2,2,177
1,0,0,3,17.22,21.21,77,19.9995,2011,1,2,6,6,1,1,2,2
4,0,1,1,9.02,10.605,55,19.0012,2011,12,8,6,3,0,0,1,71
4,0,1,1,29.52,32.575,37,0.0,2012,10,5,16,4,0,2,0,634
2,0,0,1,18.86,22.725,82,7.0015,2012,6,3,6,6,1,1,2,22
2,0,1,3,18.04,21.97,94,8.9981,2012,4,2,2,0,0,1,2,5
3,0,0,1,28.7,33.335,79,7.0015,2011,8,7,23,6,1,2,2,55
4,0,1,1,17.22,21.21,62,11.0014,2012,10,11,20,3,0,1,1,415
2,0,1,1,27.06,31.06,36,19.9995,2012,6,7,20,3,0,2,0,478
2,0,0,1,24.6,27.275,88,0.0,2011,6,18,2,5,1,2,2,53
4,0,1,1,10.66,11.365,81,23.9994,2011,12,8,1,3,0,1,2,7
1,0,0,2,18.86,22.725,44,23.9994,2012,3,3,14,5,1,1,1,430
2,0,1,3,18.86,22.725,94,19.9995,2011,4,5,5,1,0,1,2,5
4,0,1,1,14.76,17.425,34,12.998,2012,12,13,13,3,0,1,0,271
3,0,0,1,29.52,34.85,79,16.9979,2012,7,15,20,6,1,2,2,294
4,0,1,2,23.78,27.275,88,12.998,2012,10,19,10,4,0,2,2,224
1,0,1,1,0.82,2.275,41,12.998,2012,1,4,5,2,0,0,1,14
1,0,0,1,8.2,11.365,59,6.0032,2011,2,13,1,6,1,0,1,24
4,0,1,1,12.3,14.395,39,15.0013,2012,11,8,6,3,0,1,0,124
3,0,1,2,27.88,31.82,89,19.9995,2011,8,4,6,3,0,2,2,97
3,0,0,1,24.6,29.545,73,8.9981,2011,7,16,2,5,1,2,2,58
2,0,0,1,20.5,24.24,59,7.0015,2011,5,7,23,5,1,2,1,119
3,0,1,3,26.24,28.79,83,12.998,2012,8,14,6,1,0,2,2,64
2,0,1,2,21.32,25.0,48,7.0015,2011,5,10,9,1,0,2,1,205
3,0,1,1,30.34,33.335,51,15.0013,2011,8,10,0,2,0,3,1,37
3,0,1,1,24.6,27.275,88,8.9981,2011,8,19,22,4,0,2,2,122
3,0,1,3,25.42,27.275,94,11.0014,2011,9,9,4,4,0,2,2,3
4,0,1,2,22.96,26.515,83,8.9981,2012,10,2,5,1,0,2,2,43
1,0,1,2,12.3,15.91,93,7.0015,2011,3,16,6,2,0,1,2,31
2,0,1,3,13.94,15.15,81,26.0027,2011,4,5,10,1,0,1,2,28
1,0,1,1,9.84,11.365,52,15.0013,2012,2,9,11,3,0,0,1,99
4,0,1,2,13.94,15.91,66,15.0013,2011,12,15,8,3,0,1,1,457
1,0,1,1,8.2,9.85,25,16.9979,2011,2,10,15,3,0,0,0,50
2,0,1,2,22.96,26.515,88,22.0028,2011,5,17,13,1,0,2,2,172
1,0,1,1,21.32,25.0,72,8.9981,2012,3,19,10,0,0,2,2,184
1,0,0,1,12.3,13.635,33,22.0028,2012,3,10,12,5,1,1,0,329
3,0,0,2,29.52,34.09,70,7.0015,2012,7,14,11,5,1,2,1,439
4,0,1,3,22.14,25.76,77,0.0,2012,10,1,23,0,0,2,2,105
4,0,0,1,18.86,22.725,88,0.0,2011,10,9,1,6,1,1,2,78
2,0,1,1,30.34,34.09,58,8.9981,2012,6,19,13,1,0,3,1,272
4,0,1,1,9.02,12.88,80,6.0032,2011,12,2,5,4,0,0,2,23
2,0,0,2,12.3,14.395,93,15.0013,2011,4,9,5,5,1,1,2,5
3,0,1,1,29.52,34.85,74,8.9981,2011,7,11,22,0,0,2,2,90
1,0,1,1,16.4,20.455,43,31.0009,2012,2,2,18,3,0,1,1,410
1,0,0,2,8.2,10.605,69,11.0014,2011,2,13,4,6,1,0,1,2
4,0,0,1,12.3,13.635,52,22.0028,2011,11,5,2,5,1,1,1,31
4,0,1,2,16.4,20.455,82,0.0,2011,11,4,1,4,0,1,2,17
3,0,1,1,28.7,32.575,54,7.0015,2012,8,16,23,3,0,2,1,226
3,0,1,1,29.52,34.09,70,8.9981,2012,7,18,4,2,0,2,1,6
2,0,1,3,25.42,31.06,57,27.9993,2011,4,5,1,1,0,2,1,15
3,0,0,1,18.86,22.725,72,11.0014,2011,9,17,0,5,1,1,2,108
4,0,1,2,13.94,15.15,71,19.9995,2012,12,11,6,1,0,1,2,118
3,0,1,1,32.8,34.09,24,0.0,2011,7,1,13,4,0,3,0,292
4,0,1,2,10.66,15.15,65,0.0,2012,11,15,0,3,0,1,1,34
4,0,0,1,22.96,26.515,73,26.0027,2012,10,14,22,6,1,2,2,125
2,0,0,2,13.94,16.665,81,8.9981,2012,4,1,3,6,1,1,2,25
2,0,1,1,28.7,32.575,58,11.0014,2011,6,6,9,0,0,2,1,188
3,0,1,1,27.06,31.06,61,16.9979,2011,7,14,1,3,0,2,1,25
1,0,1,1,29.52,32.575,34,26.0027,2012,3,13,16,1,0,2,0,365
3,0,0,1,22.14,25.76,64,0.0,2012,9,16,1,6,1,2,1,117
1,0,1,1,8.2,8.335,40,27.9993,2012,1,18,21,2,0,0,0,124
2,0,1,2,18.86,22.725,88,15.0013,2011,5,12,0,3,0,1,2,44
3,0,1,1,23.78,27.275,83,0.0,2011,9,12,7,0,0,2,2,312
4,0,1,1,13.94,15.91,46,16.9979,2011,11,4,21,4,0,1,1,123
4,0,1,1,10.66,15.15,75,0.0,2011,12,14,2,2,0,1,2,2
4,0,0,1,14.76,17.425,81,11.0014,2011,12,4,12,6,1,1,2,329
4,0,1,1,8.2,11.365,69,7.0015,2012,12,14,5,4,0,0,1,34
1,0,1,2,8.2,9.85,40,12.998,2012,1,4,20,2,0,0,0,123
3,0,1,1,26.24,29.545,78,7.0015,2012,8,15,5,2,0,2,2,39
2,0,0,1,27.06,31.06,65,7.0015,2011,6,5,13,6,1,2,1,367
4,0,1,1,15.58,19.695,46,19.0012,2011,12,9,14,4,0,1,1,187
4,0,1,1,18.04,21.97,72,16.9979,2011,11,14,7,0,0,1,2,322
4,0,1,1,12.3,16.665,87,0.0,2011,11,2,4,2,0,1,2,4
2,0,1,1,28.7,31.82,37,8.9981,2012,6,8,21,4,0,2,0,339
4,0,1,1,18.04,21.97,88,6.0032,2011,10,6,23,3,0,1,2,99
2,0,1,1,19.68,23.485,31,16.9979,2012,4,12,15,3,0,1,0,211
4,0,1,1,14.76,16.665,57,22.0028,2012,12,11,10,1,0,1,1,154
2,0,1,1,27.88,31.82,57,23.9994,2011,5,3,19,1,0,2,1,365
3,0,1,1,26.24,29.545,78,6.0032,2011,8,5,5,4,0,2,2,16
1,0,1,2,9.84,12.12,65,11.0014,2011,2,4,20,4,0,0,1,71
4,0,0,1,13.94,15.15,34,23.9994,2011,12,10,15,5,1,1,0,299
3,0,1,2,32.8,35.605,38,0.0,2012,7,13,14,4,0,3,0,369
4,0,1,1,11.48,13.635,56,12.998,2012,11,5,22,0,0,1,1,115
3,0,0,1,32.8,37.12,49,22.0028,2011,7,10,19,6,1,3,1,303
2,0,1,2,16.4,20.455,40,23.9994,2012,4,11,13,2,0,1,0,163
4,0,1,2,14.76,18.94,71,0.0,2011,10,3,6,0,0,1,2,94
3,0,1,3,28.7,33.335,89,7.0015,2012,7,9,1,0,0,2,2,18
3,0,1,1,31.16,35.605,58,15.0013,2011,7,12,8,1,0,3,1,417
1,1,0,2,8.2,10.605,47,11.0014,2011,1,17,15,0,0,0,1,93
1,0,1,1,9.02,9.85,55,27.9993,2011,3,1,9,1,0,0,1,124
1,0,1,2,9.84,14.395,70,0.0,2012,2,8,6,2,0,0,1,98
4,0,0,2,11.48,13.635,93,11.0014,2012,12,2,9,6,1,1,2,172
3,0,0,1,26.24,31.06,41,11.0014,2012,9,16,15,6,1,2,1,557
4,0,1,1,13.12,15.15,57,19.9995,2012,11,6,18,1,0,1,1,497
3,0,0,1,26.24,31.06,53,0.0,2011,7,2,3,5,1,2,1,26
3,0,1,1,32.8,36.365,46,23.9994,2011,8,18,15,3,0,3,1,174
2,0,1,2,19.68,23.485,77,35.0008,2011,4,12,15,1,0,1,2,78
4,0,1,1,18.04,21.97,54,12.998,2012,11,19,15,0,0,1,1,257
4,0,0,1,17.22,21.21,62,8.9981,2012,10,7,2,6,1,1,1,74
1,0,0,2,13.94,16.665,34,12.998,2011,1,15,16,5,1,1,0,128
2,0,0,2,20.5,24.24,82,11.0014,2011,5,14,4,5,1,2,2,5
1,0,1,1,24.6,31.06,31,12.998,2011,2,18,20,4,0,2,0,124
2,0,1,1,25.42,31.06,50,7.0015,2011,6,15,22,2,0,2,1,175
4,0,0,1,13.12,16.665,81,7.0015,2012,11,11,4,6,1,1,2,11
4,0,0,1,9.84,11.365,35,15.0013,2011,12,10,20,5,1,0,0,124
4,0,0,2,13.94,15.15,46,19.9995,2012,11,3,8,5,1,1,1,142
1,0,1,2,13.94,15.15,49,19.9995,2011,3,11,16,4,0,1,1,113
2,0,1,1,22.14,25.76,45,16.9979,2011,6,3,7,4,0,2,1,277
4,0,1,3,25.42,30.305,69,23.9994,2012,10,19,16,4,0,2,1,565
2,0,1,1,28.7,32.575,54,8.9981,2012,5,1,18,1,0,2,1,743
3,1,0,1,28.7,33.335,74,7.0015,2011,7,4,8,0,0,2,2,86
4,0,1,1,13.94,16.665,46,11.0014,2012,11,6,16,1,0,1,1,402
4,0,0,1,16.4,20.455,35,19.0012,2011,11,19,12,5,1,1,0,311
1,0,1,2,13.94,15.91,57,15.0013,2011,3,15,11,1,0,1,1,78
3,0,1,1,34.44,37.88,44,19.9995,2011,8,8,13,0,0,3,1,151
4,0,1,3,18.86,22.725,88,26.0027,2011,11,16,18,2,0,1,2,189
2,0,1,3,13.12,15.15,93,16.9979,2011,4,8,17,4,0,1,2,148
4,0,1,2,21.32,25.0,94,8.9981,2011,10,11,2,1,0,2,2,5
3,0,1,1,29.52,34.09,62,11.0014,2011,9,14,18,2,0,2,1,586
3,0,0,1,28.7,32.575,70,19.0012,2012,8,11,0,5,1,2,1,180
2,0,1,1,27.06,31.06,65,16.9979,2012,6,14,20,3,0,2,1,435
4,0,1,2,22.14,25.76,88,0.0,2012,10,19,2,4,0,2,2,10
2,0,1,2,25.42,31.06,59,19.9995,2012,5,9,11,2,0,2,1,201
3,0,1,1,26.24,31.06,44,26.0027,2012,9,10,12,0,0,2,1,332
3,0,1,1,26.24,28.79,89,0.0,2012,7,11,2,2,0,2,2,5
3,0,0,1,33.62,37.88,46,16.9979,2012,8,5,17,6,1,3,1,382
4,0,1,2,7.38,10.605,74,6.0032,2011,12,12,9,0,0,0,2,220
4,0,1,2,16.4,20.455,82,0.0,2011,10,3,21,0,0,1,2,138
4,0,0,1,9.84,11.365,70,15.0013,2012,11,17,6,5,1,0,1,21
3,0,0,1,30.34,33.335,45,19.9995,2011,7,16,14,5,1,3,1,433
4,0,0,1,16.4,20.455,87,0.0,2012,12,8,19,5,1,1,2,246
1,0,1,1,18.86,22.725,63,15.0013,2011,3,18,9,4,0,1,1,210
2,0,1,2,24.6,29.545,73,19.9995,2011,4,11,11,0,0,2,2,104
2,0,1,1,27.06,31.06,61,6.0032,2011,6,6,22,0,0,2,1,173
2,0,1,3,13.12,15.15,93,16.9979,2011,4,8,18,4,0,1,2,62
4,0,0,1,18.04,21.97,77,12.998,2012,10,14,8,6,1,1,2,132
3,0,1,1,26.24,31.06,33,6.0032,2012,9,11,11,1,0,2,0,247
3,0,0,1,27.88,31.82,36,19.0012,2012,9,9,16,6,1,2,0,701
4,0,1,1,18.86,22.725,59,15.0013,2011,10,14,22,4,0,1,1,143
1,0,1,2,23.78,27.275,49,31.0009,2012,3,9,0,4,0,2,1,54
1,0,0,1,13.12,13.635,26,36.9974,2011,2,19,21,5,1,1,0,33
4,0,0,2,13.94,16.665,87,12.998,2012,12,16,3,6,1,1,2,38
2,0,1,1,18.04,21.97,41,12.998,2012,4,5,20,3,0,1,1,312
2,0,1,1,24.6,31.06,31,26.0027,2012,5,10,17,3,0,2,0,732
3,0,0,1,28.7,33.335,74,26.0027,2012,9,8,9,5,1,2,2,348
3,0,1,1,24.6,28.03,83,7.0015,2011,9,2,7,4,0,2,2,259
4,0,1,1,8.2,10.605,69,11.0014,2012,11,6,7,1,0,0,1,387
3,0,1,1,27.06,30.305,83,6.0032,2011,8,1,6,0,0,2,2,100
3,0,0,1,24.6,31.06,43,27.9993,2012,9,15,9,5,1,2,1,342
2,0,1,1,22.96,26.515,88,12.998,2012,5,4,4,4,0,2,2,4
4,1,0,1,13.94,14.395,42,31.0009,2011,11,11,12,4,0,1,1,239
2,0,1,2,20.5,24.24,72,8.9981,2011,4,19,21,1,0,2,2,122
4,0,1,3,22.14,25.76,94,8.9981,2011,10,12,19,2,0,2,2,109
1,0,0,1,9.84,11.365,44,16.9979,2011,1,16,11,6,1,0,1,93
2,0,1,1,27.06,31.06,47,15.0013,2012,6,7,11,3,0,2,1,237
2,0,1,1,18.04,21.97,26,8.9981,2012,4,6,21,4,0,1,0,190
3,0,1,1,33.62,37.12,43,15.0013,2012,7,3,10,1,0,3,1,209
3,0,0,1,25.42,28.03,88,7.0015,2012,8,11,5,5,1,2,2,11
1,0,1,1,9.02,9.85,47,26.0027,2012,1,13,9,4,0,0,1,214
1,0,1,1,4.92,5.305,33,23.9994,2011,2,8,22,1,0,0,0,29
3,0,1,1,28.7,32.575,48,8.9981,2011,8,12,21,4,0,2,1,226
3,0,0,1,31.16,34.09,45,19.0012,2011,7,2,20,5,1,3,1,284
3,0,0,1,25.42,30.305,69,12.998,2011,9,3,5,5,1,2,1,12
1,0,0,3,14.76,17.425,76,12.998,2011,1,2,14,6,1,1,2,59
1,0,0,3,16.4,20.455,71,15.0013,2011,1,2,8,6,1,1,2,8
3,0,0,1,35.26,39.395,44,19.9995,2012,7,1,10,6,1,3,1,366
4,0,1,2,13.12,15.91,45,11.0014,2011,12,16,21,4,0,1,1,102
2,0,1,1,19.68,23.485,94,0.0,2011,5,19,23,3,0,1,2,72
1,0,0,1,11.48,13.635,56,12.998,2012,2,5,20,6,1,1,1,50
1,0,0,1,18.86,22.725,51,19.9995,2012,1,1,15,6,1,1,1,265
1,0,1,1,5.74,6.06,33,19.9995,2011,3,3,5,3,0,0,0,8
2,0,1,2,23.78,27.275,88,12.998,2012,5,14,20,0,0,2,2,189
3,0,1,1,27.06,31.06,54,8.9981,2011,8,11,2,3,0,2,1,11
4,1,0,1,16.4,20.455,76,11.0014,2012,11,12,1,0,0,1,2,30
3,0,1,3,26.24,28.79,83,0.0,2011,8,19,2,4,0,2,2,8
4,0,1,1,11.48,15.15,61,6.0032,2011,12,8,21,3,0,1,1,139
3,0,0,2,31.98,36.365,55,12.998,2012,9,1,10,5,1,3,1,417
3,0,1,1,27.06,30.305,83,0.0,2012,8,2,4,3,0,2,2,9
3,0,1,3,25.42,27.275,94,11.0014,2011,9,9,8,4,0,2,2,288
1,0,1,1,7.38,6.82,37,35.0008,2012,1,3,12,1,0,0,0,74
4,0,1,2,12.3,14.395,61,15.0013,2012,11,15,5,3,0,1,1,37
3,0,1,1,29.52,33.335,54,12.998,2012,7,5,3,3,0,2,1,7
4,0,1,1,18.86,22.725,44,26.0027,2011,11,4,15,4,0,1,1,237
2,0,0,1,16.4,20.455,43,19.0012,2011,4,17,9,6,1,1,1,102
2,0,0,1,25.42,31.06,57,12.998,2012,6,17,21,6,1,2,1,246
2,0,1,1,22.14,25.76,30,16.9979,2012,4,17,22,1,0,2,0,162
1,0,1,2,6.56,9.09,55,8.9981,2011,1,11,6,1,0,0,1,27
4,0,1,2,16.4,20.455,58,19.0012,2012,11,19,19,0,0,1,1,406
1,0,0,2,13.94,15.91,46,15.0013,2012,3,4,5,6,1,1,1,5
4,0,1,2,24.6,29.545,73,11.0014,2011,10,11,12,1,0,2,2,181
2,0,1,1,24.6,30.305,28,0.0,2011,4,14,17,3,0,2,0,388
4,0,0,2,15.58,19.695,82,7.0015,2012,12,16,15,6,1,1,2,338
3,0,1,1,30.34,34.09,58,22.0028,2011,8,8,8,0,0,3,1,349
1,0,1,1,8.2,10.605,86,8.9981,2012,1,11,6,2,0,0,2,74
3,0,0,1,33.62,38.635,52,19.9995,2012,8,4,20,5,1,3,1,312
2,0,1,2,31.16,37.12,75,16.9979,2011,6,1,10,2,0,3,2,115
4,0,1,1,13.94,15.91,61,19.0012,2012,11,13,12,1,0,1,1,196
2,0,0,1,29.52,33.335,58,7.0015,2012,6,10,23,6,1,2,1,110
1,0,1,1,10.66,11.365,38,19.9995,2012,1,13,18,4,0,1,0,301
4,0,1,3,19.68,23.485,55,26.0027,2012,12,5,6,2,0,1,1,124
4,0,1,2,19.68,23.485,88,12.998,2011,11,16,17,2,0,1,2,233
1,0,0,1,21.32,25.0,42,7.0015,2012,1,7,19,5,1,2,1,215
2,0,0,1,25.42,31.06,46,11.0014,2012,5,12,20,5,1,2,1,287
1,0,1,1,18.04,21.97,54,22.0028,2011,3,17,10,3,0,1,1,78
1,0,1,2,8.2,12.88,86,0.0,2011,2,1,12,1,0,0,2,55
4,0,1,2,16.4,20.455,54,11.0014,2012,11,1,16,3,0,1,1,344
2,0,1,2,22.14,25.76,68,15.0013,2011,4,19,13,1,0,2,1,129
1,0,1,1,9.84,11.365,75,12.998,2011,3,15,5,1,0,0,2,11
2,0,1,1,32.8,34.85,29,12.998,2011,6,6,15,0,0,3,0,165
1,0,1,2,8.2,8.335,44,30.0026,2011,1,13,11,3,0,0,1,37
1,0,0,1,5.74,6.06,36,16.9979,2011,1,8,19,5,1,0,0,30
3,0,0,2,22.96,26.515,64,12.998,2011,9,18,17,6,1,2,1,325
3,0,0,1,38.54,41.665,29,6.0032,2012,7,7,18,5,1,3,0,277
3,0,1,2,31.16,34.85,52,16.9979,2011,8,5,11,4,0,3,1,147
2,0,0,2,18.04,21.97,77,8.9981,2011,5,1,8,6,1,1,2,59
2,0,0,1,25.42,31.06,57,0.0,2012,6,9,3,5,1,2,1,40
1,0,1,1,15.58,19.695,54,7.0015,2012,3,12,2,0,0,1,1,9
2,0,1,2,18.04,21.97,72,19.0012,2011,4,13,15,2,0,1,2,81
2,0,1,1,28.7,32.575,54,31.0009,2011,5,3,17,1,0,2,1,517
1,0,1,1,9.84,10.605,65,26.0027,2011,3,1,2,1,0,0,1,4
4,0,1,1,13.94,17.425,71,7.0015,2012,11,9,22,4,0,1,2,163
2,0,0,1,14.76,18.18,66,6.0032,2012,4,14,3,5,1,1,1,32
1,0,1,1,8.2,11.365,40,6.0032,2011,3,3,20,3,0,0,0,70
2,0,1,1,16.4,20.455,37,16.9979,2012,4,5,9,3,0,1,0,351
4,0,1,2,18.04,21.97,51,15.0013,2012,12,5,9,2,0,1,1,388
1,0,0,3,11.48,13.635,75,11.0014,2012,2,4,18,5,1,1,2,64
2,0,1,2,17.22,21.21,82,12.998,2011,4,12,21,1,0,1,2,84
2,0,1,1,20.5,24.24,93,12.998,2011,5,16,5,0,0,2,2,21
2,0,0,2,25.42,30.305,61,12.998,2012,5,6,18,6,1,2,1,463
3,0,1,2,22.96,26.515,68,11.0014,2011,9,19,22,0,0,2,1,129
2,0,1,2,25.42,31.06,57,15.0013,2012,5,9,12,2,0,2,1,280
1,0,1,2,13.12,16.665,66,6.0032,2012,2,10,21,4,0,1,1,122
2,0,1,2,17.22,21.21,77,6.0032,2012,4,18,22,2,0,1,2,162
2,0,1,1,27.06,31.06,34,8.9981,2012,5,18,14,4,0,2,0,350
3,0,1,1,28.7,32.575,70,15.0013,2012,8,13,23,0,0,2,1,128
2,0,1,2,26.24,31.06,44,19.0012,2012,4,4,15,2,0,2,1,268
3,0,1,1,24.6,27.275,88,7.0015,2011,9,13,0,1,0,2,2,26
3,0,1,1,29.52,32.575,42,15.0013,2011,7,1,20,4,0,2,1,269
4,0,0,1,14.76,17.425,43,12.998,2012,11,4,17,6,1,1,1,327
3,0,0,3,37.72,44.695,42,19.0012,2012,7,8,15,6,1,3,1,298
1,0,0,1,9.84,14.395,75,0.0,2012,2,4,3,5,1,0,2,18
2,0,1,1,22.14,25.76,73,23.9994,2012,5,17,6,3,0,2,2,159
3,0,0,1,36.08,40.15,39,15.0013,2012,7,1,11,6,1,3,0,377
4,0,0,1,17.22,21.21,54,8.9981,2011,10,16,3,6,1,1,1,42
2,0,1,2,13.94,16.665,53,8.9981,2012,4,13,4,4,0,1,1,5
2,0,1,2,21.32,25.0,88,0.0,2011,5,19,8,3,0,2,2,487
3,0,0,2,33.62,38.635,52,0.0,2012,9,1,17,5,1,3,1,463
3,0,1,2,28.7,33.335,79,23.9994,2011,9,8,14,3,0,2,2,120
4,0,1,2,16.4,20.455,82,0.0,2011,10,3,22,0,0,1,2,91
3,0,0,1,29.52,33.335,51,0.0,2012,8,18,11,5,1,2,1,536
2,0,0,1,13.12,15.15,33,19.0012,2012,4,7,7,5,1,1,0,54
3,0,0,1,22.14,25.76,60,0.0,2012,9,15,23,5,1,2,1,229
3,0,1,1,28.7,32.575,70,16.9979,2011,8,1,21,0,0,2,1,220
1,0,1,2,15.58,19.695,54,6.0032,2011,2,7,15,0,0,1,1,50
4,0,0,1,9.02,10.605,55,15.0013,2011,12,18,3,6,1,0,1,18
4,0,1,2,21.32,25.0,83,19.0012,2012,11,13,0,1,0,2,2,23
2,0,1,2,13.94,16.665,76,8.9981,2011,4,8,1,4,0,1,2,9
1,0,0,3,8.2,11.365,100,6.0032,2011,2,5,9,5,1,0,2,20
4,0,1,1,12.3,16.665,81,0.0,2011,11,2,7,2,0,1,2,251
2,0,0,1,22.96,26.515,49,19.9995,2011,5,7,10,5,1,2,1,298
1,0,1,1,9.84,10.605,52,19.0012,2011,2,16,9,2,0,0,1,124
4,0,1,3,14.76,17.425,62,12.998,2012,11,1,10,3,0,1,1,146
4,0,1,3,16.4,20.455,76,0.0,2011,10,3,15,0,0,1,2,101
1,0,1,1,26.24,31.06,53,15.0013,2012,3,19,17,0,0,2,1,721
3,0,1,1,30.34,33.335,51,15.0013,2011,9,13,16,1,0,3,1,292
4,0,1,1,22.96,26.515,60,16.9979,2011,10,17,15,0,0,2,1,208
1,0,0,1,16.4,20.455,62,19.0012,2012,1,1,12,6,1,1,1,201
2,0,1,1,24.6,29.545,69,16.9979,2011,5,17,19,1,0,2,1,349
3,0,1,1,26.24,28.79,89,11.0014,2012,9,6,22,3,0,2,2,217
4,0,1,1,14.76,17.425,66,15.0013,2012,11,19,0,0,0,1,1,27
1,0,0,2,9.84,12.12,75,11.0014,2011,2,5,3,5,1,0,2,11
4,0,1,1,6.56,9.09,80,7.0015,2012,12,14,6,4,0,0,2,113
4,0,1,1,18.86,22.725,44,11.0014,2012,10,11,18,3,0,1,1,692
2,0,1,1,24.6,31.06,53,16.9979,2012,4,17,5,1,0,2,1,30
2,0,1,3,22.14,25.76,68,19.0012,2011,4,12,13,1,0,2,1,106
2,1,0,1,21.32,25.0,83,8.9981,2012,4,16,7,0,0,2,2,387
1,0,1,1,20.5,24.24,45,15.0013,2011,3,17,12,3,0,2,1,105
4,0,1,3,22.14,25.76,88,0.0,2012,10,19,1,4,0,2,2,16
1,0,0,1,13.94,15.15,29,27.9993,2011,2,12,16,5,1,1,0,145
4,0,0,2,16.4,20.455,87,7.0015,2012,12,8,11,5,1,1,2,404
3,0,0,2,28.7,33.335,74,11.0014,2011,8,13,9,5,1,2,2,208
4,0,1,1,17.22,21.21,71,8.9981,2011,11,2,11,2,0,1,2,144
4,0,1,2,24.6,25.76,94,0.0,2012,10,3,3,2,0,2,2,7
2,0,0,2,12.3,15.15,93,11.0014,2011,4,9,7,5,1,1,2,21
4,0,0,1,21.32,25.0,27,22.0028,2011,11,13,17,6,1,2,0,231
4,0,1,2,21.32,25.0,63,11.0014,2012,10,9,15,1,0,2,1,254
1,0,1,2,18.04,21.97,54,19.9995,2011,3,16,17,2,0,1,1,253
4,0,1,2,25.42,27.275,94,7.0015,2012,10,2,22,1,0,2,2,240
2,0,0,1,24.6,31.06,35,19.0012,2011,5,7,13,5,1,2,0,436
3,0,0,1,25.42,29.545,73,11.0014,2011,9,3,6,5,1,2,2,23
2,0,1,1,19.68,23.485,82,6.0032,2012,6,7,5,3,0,1,2,34
3,0,1,2,32.8,37.12,52,0.0,2012,8,8,11,2,0,3,1,239
1,0,0,3,9.02,12.88,93,6.0032,2011,2,5,7,5,1,0,2,4
1,0,1,1,5.74,7.575,86,11.0014,2011,1,12,5,2,0,0,2,5
1,0,0,3,8.2,11.365,100,6.0032,2011,2,5,8,5,1,0,2,10
3,0,1,1,27.06,31.06,65,8.9981,2012,8,13,7,0,0,2,1,436
3,0,0,1,25.42,28.79,83,7.0015,2012,8,11,4,5,1,2,2,10
1,0,1,1,17.22,21.21,38,19.9995,2012,3,7,11,2,0,1,0,161
4,0,0,1,8.2,10.605,75,11.0014,2011,12,17,21,5,1,0,2,96
2,0,0,1,24.6,30.305,23,26.0027,2012,4,8,19,6,1,2,0,276
1,0,1,1,18.86,22.725,72,26.0027,2012,1,17,23,1,0,1,2,61
2,0,1,2,22.96,26.515,83,19.0012,2011,5,3,8,1,0,2,2,459
4,0,0,1,14.76,18.18,50,6.0032,2011,12,3,13,5,1,1,1,292
1,0,1,1,13.94,16.665,61,12.998,2012,3,12,5,0,0,1,1,16
1,0,1,1,9.84,9.09,38,40.9973,2012,1,13,11,4,0,0,0,114
3,0,0,1,29.52,33.335,51,6.0032,2012,8,12,21,6,1,2,1,220
1,0,1,1,18.86,22.725,67,16.9979,2011,2,18,3,4,0,1,1,8
3,0,0,1,30.34,35.605,74,11.0014,2012,7,7,4,5,1,3,2,16
3,1,0,1,37.72,42.425,35,16.9979,2012,7,4,16,2,0,3,0,389
3,0,0,1,32.8,36.365,46,16.9979,2011,7,9,12,5,1,3,1,366
4,0,1,1,16.4,20.455,24,27.9993,2012,11,8,18,3,0,1,0,507
3,0,1,1,20.5,24.24,59,11.0014,2012,9,19,21,2,0,2,1,349
4,0,1,1,13.94,18.18,87,0.0,2011,11,9,1,2,0,1,2,10
1,0,0,1,5.74,8.335,63,7.0015,2011,1,15,6,5,1,0,1,3
1,0,1,1,9.84,14.395,52,0.0,2011,2,15,21,1,0,0,1,66
3,0,1,2,25.42,28.79,83,7.0015,2011,9,2,9,4,0,2,2,220
1,0,1,1,19.68,23.485,59,22.0028,2011,2,17,20,3,0,1,1,139
2,0,1,1,28.7,31.82,39,22.0028,2011,6,13,17,0,0,2,0,601
4,0,1,1,13.12,15.15,53,19.0012,2012,11,9,1,4,0,1,1,20
2,0,1,1,31.16,34.09,45,11.0014,2011,6,17,16,4,0,3,1,355
1,0,1,1,4.92,6.82,50,12.998,2012,2,13,9,0,0,0,1,205
2,0,1,1,18.04,21.97,33,16.9979,2012,4,12,20,3,0,1,0,280
4,0,0,1,18.04,21.97,62,12.998,2011,10,16,8,6,1,1,1,99
2,0,1,1,23.78,27.275,64,12.998,2011,5,19,16,3,0,2,1,302
2,0,1,1,31.16,33.335,27,15.0013,2012,6,8,18,4,0,3,0,723
2,0,0,1,22.96,26.515,73,11.0014,2012,5,6,22,6,1,2,2,157
1,0,1,2,9.02,11.365,82,12.998,2011,1,18,17,1,0,0,2,125
4,0,1,1,13.94,16.665,66,8.9981,2012,11,1,5,3,0,1,1,40
2,0,1,1,12.3,15.15,56,11.0014,2011,4,1,22,4,0,1,1,74
2,0,1,1,17.22,21.21,77,11.0014,2011,5,9,5,0,0,1,2,23
4,0,1,2,22.96,26.515,83,0.0,2012,10,19,4,4,0,2,2,6
1,0,1,1,5.74,9.09,36,0.0,2011,2,9,10,2,0,0,0,59
3,0,1,1,17.22,21.21,71,15.0013,2011,9,16,0,4,0,1,2,48
4,0,1,1,21.32,25.0,68,6.0032,2011,10,7,10,4,0,2,1,174
2,0,0,1,14.76,16.665,50,23.9994,2011,4,17,7,6,1,1,1,16
3,0,1,3,27.06,12.12,83,12.998,2012,8,17,22,4,0,2,2,213
2,0,0,1,23.78,27.275,49,8.9981,2011,5,8,10,6,1,2,1,244
2,0,1,2,25.42,31.06,38,16.9979,2011,5,10,13,1,0,2,0,202
3,0,0,2,26.24,28.03,94,16.9979,2011,8,14,3,6,1,2,2,27
1,0,0,2,17.22,21.21,67,16.9979,2012,3,3,12,5,1,1,1,299
4,0,0,1,25.42,31.06,35,26.0027,2011,10,16,15,6,1,2,0,412
4,0,0,3,14.76,17.425,93,11.0014,2012,12,9,16,6,1,1,2,253
1,0,1,2,8.2,9.09,86,22.0028,2011,1,18,12,1,0,0,2,3
2,0,1,1,22.96,26.515,64,6.0032,2011,5,11,11,2,0,2,1,141
3,0,0,2,22.96,26.515,60,7.0015,2011,9,18,18,6,1,2,1,289
3,0,0,1,39.36,42.425,26,0.0,2012,7,7,15,5,1,3,0,306
4,0,1,3,21.32,25.0,83,16.9979,2011,10,19,6,2,0,2,2,31
1,0,1,1,25.42,31.06,46,7.0015,2011,3,18,21,4,0,2,1,113
3,0,1,2,29.52,34.85,74,0.0,2012,8,7,21,1,0,2,2,317
4,0,1,1,8.2,12.88,80,0.0,2011,12,13,1,1,0,0,2,4
1,0,1,2,12.3,16.665,70,0.0,2012,2,7,3,1,0,1,1,2
1,0,1,1,11.48,12.88,28,22.0028,2012,2,13,12,0,0,1,0,118
2,0,0,2,14.76,17.425,81,8.9981,2011,4,9,14,5,1,1,2,212
3,0,1,1,25.42,31.06,57,12.998,2011,8,12,2,4,0,2,1,15
4,0,1,2,17.22,21.21,71,31.0009,2011,11,4,9,4,0,1,2,254
4,0,1,1,13.94,15.91,46,16.9979,2012,11,6,15,1,0,1,1,272
3,0,0,1,33.62,37.88,46,19.0012,2011,7,10,12,6,1,3,1,377
4,0,1,1,19.68,23.485,55,6.0032,2011,11,3,17,3,0,1,1,498
4,0,1,1,18.04,21.97,38,19.9995,2012,10,12,18,4,0,1,0,642
4,0,0,3,14.76,18.18,93,7.0015,2012,12,9,22,6,1,1,2,78
2,0,0,1,23.78,27.275,56,6.0032,2012,5,12,23,5,1,2,1,176
4,0,1,1,16.4,20.455,82,7.0015,2011,10,4,3,1,0,1,2,6
4,0,1,1,13.12,15.91,66,11.0014,2012,11,2,1,4,0,1,1,24
1,0,0,1,13.94,16.665,42,8.9981,2012,1,8,3,6,1,1,1,32
4,0,1,3,22.96,26.515,88,12.998,2011,10,14,7,4,0,2,2,147
1,0,1,3,13.94,15.91,87,15.0013,2012,1,11,23,2,0,1,2,9
3,0,1,1,32.8,35.605,41,8.9981,2012,7,10,12,1,0,3,1,272
4,0,1,1,12.3,13.635,49,26.0027,2012,12,5,23,2,0,1,1,74
4,0,0,1,18.86,22.725,59,27.9993,2011,10,1,3,5,1,1,1,25
1,0,1,3,16.4,20.455,0,15.0013,2011,3,10,9,3,0,1,0,24
2,0,1,2,20.5,24.24,42,19.0012,2012,4,18,4,2,0,2,1,7
2,0,1,1,22.14,25.76,60,6.0032,2012,6,8,3,4,0,2,1,8
3,0,0,1,32.8,38.635,59,27.9993,2012,8,5,10,6,1,3,1,364
2,0,0,3,20.5,24.24,94,0.0,2011,5,14,8,5,1,2,2,88
4,0,1,1,13.94,17.425,87,7.0015,2011,10,3,4,0,0,1,2,8
1,0,1,2,13.94,15.91,42,16.9979,2012,2,10,16,4,0,1,1,268
4,0,0,1,10.66,13.635,87,7.0015,2012,11,10,7,5,1,1,2,71
2,0,1,1,26.24,31.06,47,7.0015,2011,5,11,17,2,0,2,1,259
1,0,1,1,8.2,9.09,47,22.0028,2012,1,13,22,4,0,0,1,65
2,0,1,2,22.96,26.515,88,0.0,2011,5,17,0,1,0,2,2,31
2,0,0,1,20.5,24.24,77,12.998,2011,4,10,18,6,1,2,2,240
2,0,1,1,26.24,30.305,65,0.0,2012,5,1,22,1,0,2,1,211
1,0,1,1,10.66,15.15,33,0.0,2011,2,11,19,4,0,1,0,101
1,0,0,1,5.74,6.06,39,19.9995,2011,1,8,18,5,1,0,0,55
4,0,1,1,18.86,22.725,82,11.0014,2011,10,5,2,2,0,1,2,3
1,0,1,2,6.56,9.09,86,7.0015,2011,1,12,1,2,0,0,2,6
1,0,1,1,28.7,31.82,23,22.0028,2012,3,14,14,2,0,2,0,224
4,0,1,1,22.14,25.76,56,22.0028,2011,10,17,0,0,0,2,1,37
3,0,1,1,32.8,37.12,52,0.0,2012,8,7,15,1,0,3,1,306
3,0,1,2,29.52,34.85,74,0.0,2011,7,6,11,2,0,2,2,127
2,0,1,2,26.24,30.305,65,15.0013,2012,6,14,22,3,0,2,1,242
1,0,0,1,12.3,12.88,36,32.9975,2012,3,4,19,6,1,1,0,132
2,0,1,1,21.32,25.0,94,8.9981,2011,5,16,1,0,0,2,2,14
4,0,1,1,21.32,25.0,77,11.0014,2011,10,5,20,2,0,2,2,246
4,0,1,2,15.58,19.695,66,16.9979,2012,11,19,11,0,0,1,1,197
3,0,1,1,27.06,30.305,83,0.0,2012,7,3,23,1,0,2,2,171
4,0,1,3,18.86,22.725,94,6.0032,2011,11,16,1,2,0,1,2,5
2,0,1,2,26.24,30.305,69,19.0012,2012,5,8,19,1,0,2,1,458
1,0,1,1,17.22,21.21,32,19.0012,2012,2,6,15,0,0,1,0,171
4,0,1,2,10.66,12.88,81,12.998,2012,12,7,3,4,0,1,2,5
2,0,1,1,20.5,24.24,29,19.0012,2012,4,2,17,0,0,2,0,729
4,0,0,3,14.76,18.18,93,6.0032,2012,12,9,18,6,1,1,2,198
4,0,0,1,13.12,16.665,87,7.0015,2012,11,11,2,6,1,1,2,70
1,0,1,2,15.58,19.695,76,22.0028,2012,1,17,13,1,0,1,2,103
1,0,1,2,12.3,15.15,70,8.9981,2012,2,16,7,3,0,1,1,288
4,0,1,1,17.22,21.21,35,19.0012,2012,11,16,16,4,0,1,0,383
3,0,1,1,22.14,25.76,52,0.0,2012,9,10,23,0,0,2,1,93
4,0,1,2,14.76,17.425,100,8.9981,2011,11,10,5,3,0,1,2,23
4,0,1,1,21.32,25.0,68,15.0013,2011,10,4,19,1,0,2,1,345
3,0,1,2,28.7,33.335,84,0.0,2012,9,6,1,3,0,2,2,18
1,0,1,1,3.28,8.335,73,0.0,2011,2,11,7,4,0,0,2,74
2,0,1,3,10.66,12.88,100,11.0014,2011,4,1,0,4,0,1,2,6
3,0,1,1,30.34,34.85,70,11.0014,2011,7,7,9,3,0,3,1,179
3,0,0,1,24.6,28.03,83,15.0013,2012,8,18,7,5,1,2,2,64
4,0,1,1,17.22,21.21,44,7.0015,2011,12,2,14,4,0,1,1,170
2,0,1,1,18.04,21.97,88,0.0,2011,5,12,6,3,0,1,2,112
3,0,1,1,31.16,34.85,52,19.0012,2011,9,14,17,2,0,3,1,599
3,0,1,1,33.62,37.12,43,15.0013,2011,8,17,16,2,0,3,1,300
2,0,1,3,19.68,23.485,88,26.0027,2011,4,12,8,1,0,1,2,226
1,0,0,2,13.12,15.15,39,16.9979,2011,1,15,19,5,1,1,0,74
2,0,1,1,27.88,31.82,79,7.0015,2011,6,7,23,1,0,2,2,90
3,0,1,2,23.78,27.275,64,8.9981,2011,9,19,17,0,0,2,1,568
4,0,0,1,12.3,15.15,87,8.9981,2012,11,11,5,6,1,1,2,12
1,0,1,1,3.28,3.03,42,22.0028,2012,1,4,0,2,0,0,1,9
4,0,1,1,16.4,20.455,76,0.0,2011,10,3,19,0,0,1,2,315
2,0,1,1,28.7,31.82,24,19.9995,2011,6,3,18,4,0,2,0,564
3,0,1,1,35.26,37.12,30,0.0,2012,7,6,10,4,0,3,0,210
4,0,0,1,14.76,18.18,66,6.0032,2011,11,6,10,6,1,1,1,262
4,0,1,3,18.86,22.725,59,19.9995,2012,12,5,7,2,0,1,1,398
1,0,1,1,14.76,16.665,34,19.0012,2012,1,5,16,3,0,1,0,197
1,0,1,1,9.02,11.365,69,11.0014,2011,3,2,0,2,0,0,1,8
1,0,1,1,24.6,30.305,60,19.0012,2012,3,13,12,1,0,2,1,244
4,0,0,1,12.3,14.395,56,16.9979,2011,12,3,0,5,1,1,1,75
1,0,0,1,10.66,12.88,41,12.998,2012,3,4,23,6,1,1,1,26
1,0,1,2,9.84,12.12,87,11.0014,2012,2,8,23,2,0,0,2,60
1,1,0,3,6.56,7.575,80,12.998,2011,1,17,20,0,0,0,2,33
2,0,0,1,23.78,27.275,83,0.0,2012,5,5,3,5,1,2,2,32
1,0,1,1,12.3,13.635,61,19.9995,2012,3,7,1,2,0,1,1,5
1,0,1,1,18.86,22.725,67,0.0,2012,3,15,5,3,0,1,1,26
3,0,1,2,28.7,33.335,84,12.998,2012,9,6,5,3,0,2,2,38
2,0,1,1,27.06,31.06,39,15.0013,2012,4,4,19,2,0,2,0,494
4,0,1,2,10.66,12.12,56,19.0012,2012,11,7,6,2,0,1,1,118
1,0,1,1,6.56,9.09,59,7.0015,2012,3,6,8,1,0,0,1,501
2,0,1,1,30.34,35.605,79,7.0015,2011,6,9,1,3,0,3,2,16
3,0,0,1,32.8,37.88,55,15.0013,2011,8,6,12,5,1,3,1,382
1,0,1,2,6.56,9.09,74,8.9981,2011,3,4,5,4,0,0,2,7
4,0,1,2,24.6,30.305,64,26.0027,2012,10,15,8,0,0,2,1,737
3,0,1,2,24.6,27.275,88,19.9995,2012,9,18,19,1,0,2,2,324
3,0,1,1,32.8,37.88,55,11.0014,2012,7,5,23,3,0,3,1,131
2,0,1,1,29.52,32.575,45,7.0015,2012,5,16,16,2,0,2,1,446
3,0,1,1,29.52,34.85,74,19.9995,2012,9,4,23,1,0,2,2,95
2,0,1,1,24.6,28.03,83,11.0014,2012,5,17,1,3,0,2,2,28
2,0,0,1,16.4,20.455,28,16.9979,2012,4,7,1,5,1,1,0,69
4,0,1,1,9.84,10.605,93,26.0027,2011,12,7,23,2,0,0,2,16
2,0,1,2,18.86,22.725,55,0.0,2011,4,7,12,3,0,1,1,153
4,0,1,2,13.94,15.15,61,19.9995,2012,12,11,8,1,0,1,1,724
1,0,1,2,5.74,7.575,63,8.9981,2011,2,4,5,4,0,0,1,7
1,0,0,1,4.92,6.82,93,12.998,2011,2,12,6,5,1,0,2,2
3,0,0,1,22.14,25.76,49,27.9993,2012,9,15,6,5,1,2,1,33
4,0,1,1,22.14,25.76,37,23.9994,2012,10,12,11,4,0,2,0,313
3,0,1,1,32.8,37.12,52,19.0012,2012,8,10,17,4,0,3,1,730
3,0,0,1,24.6,28.79,78,8.9981,2011,7,16,3,5,1,2,2,26
1,0,0,1,17.22,21.21,47,16.9979,2011,3,13,10,6,1,1,1,122
3,0,1,2,27.06,29.545,89,7.0015,2011,7,7,7,3,0,2,2,292
4,0,1,1,13.94,15.15,46,22.0028,2011,11,4,22,4,0,1,1,115
1,0,1,1,11.48,12.88,61,26.0027,2012,3,7,6,2,0,1,1,108
4,0,0,2,15.58,19.695,87,12.998,2012,12,9,14,6,1,1,2,232
2,0,0,1,26.24,31.06,41,16.9979,2012,6,3,11,6,1,2,1,511
1,0,1,1,10.66,14.395,56,6.0032,2012,2,10,3,4,0,1,1,5
4,0,1,3,21.32,25.0,88,32.9975,2011,10,19,10,2,0,2,2,123
3,0,0,2,27.88,31.82,89,11.0014,2012,7,15,3,6,1,2,2,57
2,0,1,1,21.32,25.0,68,0.0,2012,6,6,1,2,0,2,1,27
3,0,1,2,22.96,26.515,68,8.9981,2011,9,19,18,0,0,2,1,540
2,0,1,1,23.78,27.275,56,22.0028,2012,5,7,19,0,0,2,1,546
3,0,1,1,28.7,33.335,79,11.0014,2011,7,12,4,1,0,2,2,6
3,0,0,1,32.8,34.85,33,15.0013,2011,7,2,19,5,1,3,0,305
3,0,1,2,24.6,30.305,60,12.998,2011,9,19,14,0,0,2,1,188
3,0,1,1,29.52,34.09,62,0.0,2012,7,17,4,1,0,2,1,7
1,0,1,1,8.2,9.09,40,19.0012,2011,1,13,17,3,0,0,0,162
3,0,1,1,31.16,35.605,58,16.9979,2012,7,19,8,3,0,3,1,657
2,0,1,1,24.6,30.305,64,6.0032,2012,6,7,10,3,0,2,1,210
3,0,1,1,27.88,31.82,79,15.0013,2012,8,3,2,4,0,2,2,14
3,0,1,2,29.52,33.335,54,19.9995,2012,7,2,4,0,0,2,1,12
1,0,0,2,17.22,21.21,88,6.0032,2012,3,18,9,6,1,1,2,178
2,0,1,1,18.86,22.725,63,15.0013,2011,4,19,1,1,0,1,1,7
4,0,1,3,14.76,17.425,87,15.0013,2012,10,9,1,1,0,1,2,13
4,0,1,3,18.86,22.725,88,15.0013,2011,12,6,4,1,0,1,2,7
3,0,1,1,32.8,36.365,43,8.9981,2011,8,17,15,2,0,3,1,159
4,0,1,2,21.32,25.0,77,11.0014,2011,10,18,22,1,0,2,2,137
4,0,1,1,11.48,12.88,36,26.0027,2012,11,8,7,3,0,1,0,423
4,0,0,1,19.68,23.485,72,0.0,2011,10,8,0,5,1,1,2,89
4,0,0,1,14.76,18.94,40,0.0,2011,11,19,11,5,1,1,0,233
3,0,0,2,26.24,30.305,73,8.9981,2012,8,19,19,6,1,2,2,341
1,0,1,1,11.48,14.395,70,7.0015,2012,2,15,5,2,0,1,1,25
3,0,1,1,22.14,25.76,83,0.0,2012,9,14,5,4,0,2,2,41
3,0,0,1,29.52,35.605,84,8.9981,2012,8,4,2,5,1,2,2,84
4,0,1,1,25.42,28.79,83,12.998,2011,10,13,21,3,0,2,2,123
4,0,0,2,10.66,12.88,56,15.0013,2011,12,17,8,5,1,1,1,59
4,1,0,1,12.3,14.395,61,12.998,2011,11,11,3,4,0,1,1,6
1,0,1,1,17.22,21.21,38,19.9995,2012,1,10,13,1,0,1,0,178
2,0,1,1,31.98,33.335,24,22.0028,2011,6,2,14,3,0,3,0,185
3,0,1,1,30.34,34.85,66,6.0032,2012,7,19,1,3,0,3,1,25
1,0,0,1,14.76,16.665,34,23.9994,2012,3,4,14,6,1,1,0,332
4,0,0,1,10.66,15.15,81,0.0,2011,11,6,2,6,1,1,2,29
1,0,0,1,6.56,6.06,40,35.0008,2011,1,9,11,6,1,0,0,49
3,1,0,1,31.16,34.85,52,0.0,2012,7,4,9,2,0,3,1,293
1,0,1,1,17.22,21.21,38,19.9995,2012,1,10,14,1,0,1,0,106
4,0,1,2,15.58,19.695,87,11.0014,2011,11,4,3,4,0,1,2,8
2,0,1,1,34.44,37.88,41,12.998,2011,6,8,11,2,0,3,1,134
1,0,1,1,9.84,12.88,75,7.0015,2011,2,7,10,0,0,0,2,55
2,0,1,1,14.76,16.665,46,16.9979,2011,4,6,9,2,0,1,1,165
2,0,1,1,14.76,16.665,43,19.9995,2011,4,5,19,1,0,1,1,160
2,0,1,2,26.24,30.305,65,27.9993,2012,6,13,10,2,0,2,1,198
2,0,0,2,26.24,31.06,50,15.0013,2012,6,16,21,5,1,2,1,290
4,0,1,1,10.66,11.365,60,22.0028,2011,12,1,8,3,0,1,1,477
1,0,1,1,9.02,10.605,41,19.0012,2011,1,14,14,4,0,0,1,64
1,0,1,2,9.84,11.365,93,15.0013,2011,2,2,12,2,0,0,2,64
1,0,0,2,20.5,24.24,77,6.0032,2012,3,17,10,5,1,2,2,443
3,0,1,2,27.06,31.06,61,0.0,2012,7,13,4,4,0,2,1,11
2,0,1,1,20.5,24.24,100,6.0032,2011,5,16,2,0,0,2,2,13
4,0,0,1,18.86,22.725,51,19.9995,2011,11,13,23,6,1,1,1,67
3,0,0,1,36.08,40.91,42,27.9993,2012,8,4,15,5,1,3,1,489
2,0,1,1,25.42,31.06,33,16.9979,2011,6,3,10,4,0,2,0,161
3,0,0,1,28.7,32.575,61,8.9981,2011,7,10,1,6,1,2,1,113
2,0,1,3,22.96,26.515,78,11.0014,2011,6,16,7,3,0,2,2,188
4,0,0,3,17.22,21.21,77,8.9981,2012,10,7,15,6,1,1,2,306
3,0,0,1,30.34,32.575,40,12.998,2012,8,18,13,5,1,3,0,644
2,0,0,1,18.04,21.97,67,7.0015,2012,5,12,4,5,1,1,1,9
3,0,1,1,27.88,31.82,51,0.0,2011,8,12,23,4,0,2,1,151
4,0,1,2,13.94,16.665,61,8.9981,2012,11,15,19,3,0,1,1,386
2,0,0,1,25.42,28.03,88,8.9981,2011,6,18,0,5,1,2,2,104
1,0,0,1,12.3,13.635,56,22.0028,2011,3,13,22,6,1,1,1,37
4,0,1,1,24.6,31.06,40,11.0014,2012,10,10,15,2,0,2,0,319
3,0,1,2,27.06,31.06,65,6.0032,2012,7,12,2,3,0,2,1,9
1,0,0,1,12.3,14.395,39,19.0012,2011,1,15,14,5,1,1,0,118
2,0,1,2,19.68,23.485,88,22.0028,2011,4,5,6,1,0,1,2,38
4,0,1,2,14.76,17.425,71,8.9981,2011,10,3,7,0,0,1,2,249
3,0,0,1,26.24,31.06,44,11.0014,2012,9,16,16,6,1,2,1,596
1,0,1,1,7.38,10.605,80,7.0015,2012,2,6,5,0,0,0,2,17
1,0,1,2,7.38,10.605,43,6.0032,2011,3,3,23,3,0,0,1,23
2,0,0,1,22.14,25.76,16,22.0028,2012,4,7,19,5,1,2,0,413
3,0,0,1,21.32,25.0,68,15.0013,2011,9,18,11,6,1,2,1,317
1,0,1,1,0.82,2.275,41,11.0014,2012,1,4,6,2,0,0,1,59
4,0,0,1,14.76,17.425,93,8.9981,2012,10,7,23,6,1,1,2,80
2,0,1,2,24.6,31.06,46,11.0014,2012,6,5,13,1,0,2,1,267
3,0,1,2,27.88,31.82,89,7.0015,2012,9,4,7,1,0,2,2,493
4,0,1,2,18.86,22.725,77,0.0,2012,12,3,20,0,0,1,2,300
2,0,1,1,27.06,31.06,65,16.9979,2012,5,16,20,2,0,2,1,459
4,0,0,1,16.4,20.455,62,22.0028,2012,11,18,13,6,1,1,1,447
1,0,1,2,12.3,14.395,70,12.998,2011,3,4,20,4,0,1,1,87
2,1,0,1,25.42,30.305,69,16.9979,2012,4,16,10,0,0,2,1,224
1,0,0,2,18.04,21.97,82,19.0012,2011,1,1,17,5,1,1,2,67
1,0,1,2,8.2,9.85,40,16.9979,2011,1,7,14,4,0,0,0,50
2,0,1,2,30.34,35.605,79,8.9981,2011,6,9,0,3,0,3,2,47
1,0,1,2,9.02,10.605,55,15.0013,2011,1,6,21,3,0,0,1,48
1,0,1,1,10.66,14.395,70,6.0032,2011,3,15,8,1,0,1,1,282
2,0,1,1,21.32,25.0,25,0.0,2012,4,3,12,1,0,2,0,331
2,0,0,1,28.7,31.82,42,22.0028,2012,4,15,17,6,1,2,1,623
1,0,0,2,19.68,23.485,48,11.0014,2012,1,1,17,6,1,1,1,111
4,0,0,1,15.58,19.695,87,7.0015,2012,10,7,21,6,1,1,2,113
1,0,0,1,9.84,12.88,81,6.0032,2012,2,4,5,5,1,0,2,4
2,0,0,1,23.78,27.275,40,15.0013,2011,5,7,17,5,1,2,0,354
2,0,1,1,22.14,25.76,56,22.0028,2011,6,14,5,1,0,2,1,26
1,0,1,1,9.02,13.635,75,0.0,2012,1,6,1,4,0,0,2,8
4,0,1,1,20.5,24.24,45,11.0014,2011,11,2,14,2,0,2,1,172
1,0,1,2,12.3,14.395,93,12.998,2011,3,16,7,2,0,1,2,111
2,1,0,1,25.42,30.305,61,23.9994,2012,4,16,1,0,0,2,1,28
1,0,1,3,13.94,18.18,87,0.0,2012,2,16,17,3,0,1,2,289
1,0,1,2,14.76,17.425,62,12.998,2011,3,15,17,1,0,1,1,217
2,0,1,1,27.06,31.06,24,22.0028,2012,4,17,15,1,0,2,0,308
2,0,1,2,33.62,40.15,59,15.0013,2011,6,1,11,2,0,3,1,112
3,0,0,3,31.16,36.365,67,16.9979,2012,9,1,20,5,1,3,1,207
3,0,0,1,27.06,31.06,65,8.9981,2011,8,13,3,5,1,2,1,27
3,0,1,2,28.7,32.575,58,11.0014,2012,8,9,21,3,0,2,1,336
2,0,0,1,17.22,21.21,82,8.9981,2011,5,7,0,5,1,1,2,86
3,0,1,1,31.16,35.605,58,12.998,2012,7,19,10,3,0,3,1,198
1,0,0,1,10.66,13.635,75,7.0015,2012,1,7,5,5,1,1,2,9
3,0,0,1,30.34,32.575,40,8.9981,2012,8,12,19,6,1,3,0,465
2,0,1,2,21.32,25.0,52,16.9979,2012,5,8,0,1,0,2,1,38
1,0,1,2,9.84,12.12,87,8.9981,2012,1,11,10,2,0,0,2,97
3,0,0,1,25.42,29.545,73,11.0014,2011,9,3,4,5,1,2,2,7
1,0,0,1,13.12,15.15,29,19.0012,2012,3,10,13,5,1,1,0,357
3,0,1,1,36.9,38.635,25,19.0012,2011,8,2,16,1,0,3,0,274
1,0,1,2,9.02,13.635,93,0.0,2011,1,19,0,2,0,0,2,3
2,0,0,1,15.58,19.695,54,23.9994,2011,4,2,17,5,1,1,1,184
1,0,1,2,13.12,14.395,76,23.9994,2011,3,9,13,2,0,1,2,99
3,0,0,1,29.52,34.85,74,16.9979,2012,8,5,4,6,1,2,2,14
3,1,0,1,33.62,39.395,56,15.0013,2012,7,4,22,2,0,3,1,502
4,0,1,1,16.4,20.455,50,0.0,2011,12,2,18,4,0,1,1,372
1,0,0,2,12.3,15.91,81,7.0015,2011,3,5,1,5,1,1,2,25
4,0,0,2,13.94,16.665,76,12.998,2011,10,2,8,6,1,1,2,64
1,0,0,1,14.76,15.91,32,31.0009,2011,2,13,12,6,1,1,0,152
1,0,1,1,11.48,15.91,41,0.0,2012,2,13,23,0,0,1,1,36
2,0,0,1,27.06,31.06,39,12.998,2012,6,3,20,6,1,2,0,314
1,0,0,1,18.04,21.97,18,32.9975,2011,2,19,12,5,1,1,0,119
3,0,1,1,30.34,34.85,66,16.9979,2011,8,18,10,3,0,3,1,129
2,0,1,1,21.32,25.0,88,11.0014,2011,5,16,6,0,0,2,2,104
4,0,1,2,15.58,19.695,82,15.0013,2012,10,9,0,1,0,1,2,31
4,0,1,1,9.84,10.605,60,19.9995,2012,11,14,1,2,0,0,1,12
1,0,1,1,9.02,9.85,44,23.9994,2011,1,3,0,0,0,0,1,5
3,0,0,1,18.86,22.725,82,11.0014,2011,9,17,23,5,1,1,2,136
1,0,0,1,5.74,3.79,43,43.0006,2012,2,11,21,5,1,0,1,48
1,1,0,1,4.1,6.06,58,11.0014,2012,1,16,8,0,0,0,1,78
4,0,1,1,21.32,25.0,42,12.998,2011,10,14,20,4,0,2,1,196
3,0,1,1,24.6,29.545,73,11.0014,2011,7,15,4,4,0,2,2,10
3,0,1,1,20.5,24.24,77,15.0013,2011,9,19,6,0,0,2,2,113
1,0,1,2,16.4,20.455,71,7.0015,2011,3,16,12,2,0,1,2,88
4,0,1,1,14.76,16.665,50,16.9979,2012,10,11,7,3,0,1,1,478
1,0,1,2,9.84,14.395,70,0.0,2012,2,14,8,1,0,0,1,513
1,0,1,1,5.74,6.06,46,22.0028,2011,1,13,22,3,0,0,1,30
4,0,0,3,16.4,20.455,71,8.9981,2012,10,7,9,6,1,1,2,86
4,0,0,1,17.22,21.21,94,8.9981,2011,10,8,4,5,1,1,2,10
3,0,1,1,36.08,38.635,32,11.0014,2011,8,1,11,0,0,3,0,119
2,0,1,2,18.86,22.725,88,7.0015,2012,5,3,1,3,0,1,2,24
4,0,0,1,13.94,18.18,53,0.0,2011,11,5,19,5,1,1,1,204
4,0,1,2,13.12,15.91,45,12.998,2011,12,16,20,4,0,1,1,152
4,0,0,1,18.86,22.725,55,7.0015,2011,10,15,0,5,1,1,1,106
1,0,0,1,13.12,13.635,33,40.9973,2012,3,4,18,6,1,1,0,184
1,0,1,1,12.3,16.665,61,0.0,2012,2,15,2,2,0,1,1,4
3,0,1,1,29.52,32.575,42,15.0013,2011,8,12,20,4,0,2,1,287
2,0,1,1,22.14,25.76,28,27.9993,2011,4,6,16,2,0,2,0,169
3,0,1,1,31.16,34.85,52,16.9979,2011,8,5,18,4,0,3,1,466
3,0,0,1,37.72,40.15,26,19.9995,2012,7,1,17,6,1,3,0,413
1,0,0,3,13.94,15.15,100,19.9995,2011,3,6,17,6,1,1,2,25
3,0,1,3,25.42,27.275,94,11.0014,2011,9,9,9,4,0,2,2,136
1,0,1,1,13.12,15.15,61,16.9979,2011,3,4,19,4,0,1,1,107
4,0,1,1,17.22,21.21,38,8.9981,2012,11,16,15,4,0,1,0,267
4,0,0,2,12.3,15.91,87,6.0032,2012,12,2,1,6,1,1,2,94
4,0,0,1,17.22,21.21,47,19.0012,2011,11,12,21,5,1,1,1,122
2,0,0,1,21.32,25.0,42,11.0014,2012,5,12,0,5,1,2,1,136
3,0,0,1,31.16,34.85,55,8.9981,2011,7,10,10,6,1,3,1,268
3,0,1,1,26.24,30.305,69,15.0013,2012,8,16,7,3,0,2,1,464
1,0,1,1,13.12,16.665,57,8.9981,2012,2,7,23,1,0,1,1,51
2,0,1,1,22.96,26.515,52,7.0015,2012,6,5,22,1,0,2,1,193
4,0,0,1,18.04,21.97,54,15.0013,2012,10,7,1,6,1,1,1,109
3,0,0,1,36.08,40.15,40,26.0027,2012,8,4,14,5,1,3,0,472
4,0,1,1,12.3,16.665,81,0.0,2011,11,2,6,2,0,1,2,92
1,0,0,2,17.22,21.21,94,7.0015,2012,3,17,8,5,1,1,2,218
4,0,0,1,18.04,21.97,47,8.9981,2011,10,16,1,6,1,1,1,77
4,0,1,1,17.22,21.21,71,6.0032,2012,10,12,8,4,0,1,2,745
3,0,1,1,29.52,34.85,74,7.0015,2012,8,8,22,2,0,2,2,233
3,0,0,1,31.16,36.365,66,12.998,2011,9,4,18,6,1,3,1,356
2,0,1,3,21.32,25.0,77,11.0014,2011,5,4,0,2,0,2,2,27
3,0,0,2,26.24,28.79,83,15.0013,2012,8,18,0,5,1,2,2,105
2,0,0,2,22.14,25.76,94,8.9981,2011,5,15,8,6,1,2,2,70
2,0,1,1,22.96,26.515,73,16.9979,2012,6,18,0,0,0,2,2,40
1,0,1,2,8.2,10.605,37,8.9981,2012,1,4,18,2,0,0,0,289
4,0,0,3,13.94,15.15,87,19.9995,2011,10,2,2,6,1,1,2,30
2,0,0,1,22.96,26.515,64,0.0,2011,5,8,19,6,1,2,1,239
4,1,0,1,11.48,12.88,45,22.0028,2011,11,11,6,4,0,1,1,46
1,0,1,2,29.52,32.575,30,7.0015,2012,3,15,14,3,0,2,0,258
4,0,1,1,9.02,13.635,80,0.0,2011,12,2,4,4,0,0,2,3
2,0,0,2,29.52,32.575,37,7.0015,2012,6,16,16,5,1,2,0,542
1,0,1,1,9.02,11.365,51,11.0014,2011,1,4,12,1,0,0,1,78
2,0,1,1,26.24,28.79,89,8.9981,2011,6,8,6,2,0,2,2,116
4,0,0,2,26.24,31.06,57,35.0008,2012,10,6,13,5,1,2,1,710
1,0,1,2,9.02,11.365,87,8.9981,2011,2,1,21,1,0,0,2,64
4,0,1,1,13.94,18.18,87,0.0,2011,11,7,1,0,0,1,2,8
1,0,0,2,6.56,6.82,47,22.0028,2012,1,15,5,6,1,0,1,5
1,0,1,1,18.04,21.97,44,12.998,2012,2,1,3,2,0,1,1,3
2,0,1,2,23.78,27.275,88,6.0032,2012,5,15,9,1,0,2,2,355
3,0,0,1,28.7,32.575,48,15.0013,2012,8,12,9,6,1,2,1,217
3,0,1,2,27.88,31.82,89,6.0032,2012,7,9,0,0,0,2,2,39
2,0,1,3,16.4,20.455,94,22.0028,2011,4,13,4,2,0,1,2,3
1,0,1,3,6.56,9.85,93,6.0032,2011,1,11,23,1,0,0,2,19
1,0,1,1,22.14,25.76,34,15.0013,2011,2,17,13,3,0,2,0,123
3,0,1,2,32.8,39.395,63,8.9981,2011,7,19,9,1,0,3,1,199
1,0,1,3,8.2,9.09,100,22.0028,2011,3,7,1,0,0,0,2,2
4,0,1,1,13.12,15.15,53,19.9995,2011,12,1,10,3,0,1,1,93
3,0,1,1,25.42,31.06,53,16.9979,2011,7,14,4,3,0,2,1,6
2,0,1,2,24.6,31.06,56,16.9979,2012,6,14,5,3,0,2,1,40
1,0,1,2,8.2,11.365,47,6.0032,2012,1,4,22,2,0,0,1,52
3,0,0,1,30.34,32.575,37,11.0014,2012,8,18,18,5,1,3,0,554
2,1,0,2,14.76,17.425,81,12.998,2011,4,15,23,4,0,1,2,64
2,0,1,1,21.32,25.0,94,6.0032,2011,5,18,23,2,0,2,2,59
2,0,1,2,18.86,22.725,59,30.0026,2011,5,4,13,2,0,1,1,143
2,0,1,1,23.78,27.275,83,0.0,2011,5,16,20,0,0,2,2,198
2,0,1,1,13.94,15.91,61,15.0013,2012,4,13,7,4,0,1,1,296
1,0,0,3,9.02,11.365,93,8.9981,2012,2,11,8,5,1,0,2,78
2,0,1,1,31.16,32.575,22,35.0008,2011,4,4,16,0,0,3,0,189
3,0,1,2,26.24,28.79,89,0.0,2012,8,10,9,4,0,2,2,220
2,0,1,1,12.3,14.395,65,16.9979,2012,4,12,6,3,0,1,1,96
3,0,0,1,27.06,29.545,89,6.0032,2012,9,2,3,6,1,2,2,42
1,0,0,1,23.78,27.275,37,19.9995,2012,1,7,15,5,1,2,0,449
2,0,1,1,21.32,25.0,23,11.0014,2012,4,10,13,1,0,2,0,283
4,0,0,1,14.76,17.425,93,8.9981,2012,12,16,19,6,1,1,2,109
4,0,1,3,23.78,27.275,88,8.9981,2012,10,2,10,1,0,2,2,45
1,0,1,1,18.04,21.97,44,27.9993,2012,3,1,20,3,0,1,1,254
2,1,0,1,21.32,25.0,55,19.0012,2011,4,15,12,4,0,2,1,200
3,0,1,1,36.9,39.395,27,0.0,2011,8,1,15,0,0,3,0,129
3,0,1,2,26.24,30.305,65,16.9979,2012,9,17,14,0,0,2,1,332
2,0,0,1,27.88,31.82,79,6.0032,2011,6,11,4,5,1,2,2,13
2,0,1,2,21.32,25.0,87,19.0012,2011,5,13,14,4,0,2,2,190
2,0,1,1,22.14,25.76,24,12.998,2012,4,10,14,1,0,2,0,224
4,0,1,1,22.14,25.76,64,6.0032,2011,10,6,18,3,0,2,1,538
4,0,1,3,14.76,16.665,76,19.0012,2012,12,11,3,1,0,1,2,3
4,0,0,2,13.12,16.665,76,7.0015,2012,12,1,11,5,1,1,2,392
3,0,0,1,29.52,35.605,84,7.0015,2011,8,7,21,6,1,2,2,136
1,0,1,1,10.66,12.88,38,11.0014,2011,1,6,16,3,0,1,0,86
3,0,1,1,30.34,34.85,66,16.9979,2012,8,10,21,4,0,3,1,286
4,0,1,1,18.86,22.725,38,19.9995,2012,11,9,13,4,0,1,0,299
1,0,1,2,10.66,13.635,60,8.9981,2012,2,14,10,1,0,1,1,98
1,0,0,1,11.48,12.12,33,30.0026,2011,2,19,23,5,1,1,0,29
4,0,1,2,16.4,20.455,50,15.0013,2012,11,1,14,3,0,1,1,185
3,0,1,1,28.7,32.575,48,6.0032,2011,8,11,21,3,0,2,1,206
1,0,1,1,4.92,6.82,39,11.0014,2011,2,9,9,2,0,0,0,123
2,0,1,2,22.14,25.76,88,15.0013,2011,5,18,0,2,0,2,2,23
3,0,1,2,35.26,39.395,41,15.0013,2012,7,5,20,3,0,3,1,321
4,0,0,1,14.76,17.425,66,11.0014,2012,11,18,20,6,1,1,1,129
3,0,1,2,36.9,38.635,24,0.0,2012,7,3,15,1,0,3,0,401
4,0,1,1,20.5,24.24,59,19.0012,2012,12,5,0,2,0,2,1,37
2,0,1,1,28.7,31.82,39,0.0,2011,6,2,2,3,0,2,0,6
4,0,1,2,16.4,20.455,76,7.0015,2011,10,3,16,0,0,1,2,218
2,0,1,1,16.4,20.455,50,19.9995,2012,4,12,10,3,0,1,1,141
3,0,1,1,31.16,34.09,40,19.9995,2011,8,12,18,4,0,3,0,465
2,0,1,1,24.6,28.03,83,15.0013,2012,6,13,6,2,0,2,2,194
1,0,1,1,13.94,14.395,46,43.9989,2011,2,14,22,0,0,1,1,45
4,0,1,1,17.22,21.21,67,11.0014,2012,10,16,4,1,0,1,1,7
1,0,1,1,8.2,9.09,75,26.0027,2011,3,7,6,0,0,0,2,34
1,0,1,1,27.06,31.06,36,22.0028,2011,2,18,15,4,0,2,0,172
1,0,1,3,16.4,20.455,82,16.9979,2012,2,2,11,3,0,1,2,105
2,0,0,2,15.58,19.695,82,7.0015,2011,4,9,18,5,1,1,2,177
2,0,1,2,25.42,31.06,53,16.9979,2012,6,14,2,3,0,2,1,9
4,0,1,1,13.94,15.91,49,16.9979,2011,12,1,11,3,0,1,1,102
2,0,1,1,17.22,21.21,35,19.9995,2012,4,6,12,4,0,1,0,337
4,0,0,1,22.96,26.515,73,30.0026,2012,10,14,21,6,1,2,2,196
4,0,1,1,14.76,17.425,57,8.9981,2011,12,2,12,4,0,1,1,204
4,0,0,1,10.66,11.365,60,22.0028,2011,11,5,5,5,1,1,1,2
3,0,0,1,22.14,25.76,68,12.998,2011,9,18,23,6,1,2,1,54
2,0,1,1,18.86,22.725,44,11.0014,2012,5,11,2,4,0,1,1,31
1,0,1,1,9.84,9.85,44,30.0026,2012,1,13,10,4,0,0,1,103
1,0,1,1,26.24,31.06,41,19.0012,2011,3,18,13,4,0,2,1,175
1,0,1,1,16.4,20.455,62,12.998,2011,3,18,2,4,0,1,1,14
2,0,1,2,22.96,26.515,83,12.998,2011,5,2,23,0,0,2,2,64
2,0,1,1,25.42,29.545,78,8.9981,2012,5,3,21,3,0,2,2,299
1,0,1,1,12.3,15.15,42,11.0014,2012,2,13,20,0,0,1,1,214
1,0,1,1,15.58,19.695,40,0.0,2012,2,3,15,4,0,1,0,216
1,0,1,1,6.56,7.575,55,16.9979,2012,1,3,4,1,0,0,1,5
3,0,0,3,30.34,35.605,79,11.0014,2011,8,6,16,5,1,3,2,343
1,0,1,1,4.1,6.06,54,11.0014,2011,1,14,1,4,0,0,1,5
2,0,1,3,26.24,30.305,73,19.0012,2012,5,15,21,1,0,2,2,109
3,0,1,1,24.6,29.545,73,8.9981,2011,7,15,5,4,0,2,2,23
3,0,1,2,30.34,34.85,66,15.0013,2011,8,4,11,3,0,3,1,149
2,0,1,1,22.14,25.76,34,19.9995,2012,4,9,18,0,0,2,0,646
4,0,0,2,14.76,18.18,93,7.0015,2012,12,8,3,5,1,1,2,29
2,0,0,1,18.86,22.725,38,26.0027,2011,4,17,12,6,1,1,0,354
2,0,1,1,22.14,25.76,64,8.9981,2011,5,11,20,2,0,2,1,273
2,0,1,1,31.98,35.605,52,0.0,2011,6,10,10,4,0,3,1,111
1,0,1,1,9.02,9.85,47,22.0028,2011,2,2,21,2,0,0,1,63
3,1,0,2,31.98,35.605,49,0.0,2011,7,4,13,0,0,3,1,423
1,0,1,1,6.56,6.82,55,19.0012,2012,1,3,3,1,0,0,1,2
3,0,1,3,22.96,26.515,94,8.9981,2011,9,7,3,2,0,2,2,2
1,0,1,2,8.2,12.88,86,0.0,2011,2,1,13,1,0,0,2,52
2,0,1,1,12.3,14.395,61,15.0013,2012,4,12,5,3,0,1,1,21
4,0,0,1,11.48,13.635,46,11.0014,2011,12,18,17,6,1,1,1,136
1,0,0,1,6.56,9.85,69,6.0032,2011,2,12,0,5,1,0,1,30
3,0,1,1,27.88,31.82,61,6.0032,2011,8,10,5,2,0,2,1,32
2,0,1,1,16.4,20.455,76,32.9975,2012,4,2,4,0,0,1,2,4
3,0,0,1,27.06,31.06,69,6.0032,2011,7,10,4,6,1,2,1,5
2,0,1,1,15.58,19.695,62,8.9981,2012,4,10,8,1,0,1,1,692
3,0,1,1,32.8,38.635,59,8.9981,2012,7,16,20,0,0,3,1,454
4,0,1,3,18.86,22.725,72,11.0014,2011,12,15,16,3,0,1,2,131
1,0,1,1,8.2,12.88,59,0.0,2011,3,8,6,1,0,0,1,45
4,0,0,1,22.96,26.515,73,6.0032,2011,10,9,19,6,1,2,2,302
2,0,0,1,29.52,33.335,58,12.998,2011,6,11,7,5,1,2,1,68
1,0,1,1,16.4,20.455,43,12.998,2011,3,2,12,2,0,1,1,82
3,0,0,1,32.8,37.88,55,32.9975,2012,9,8,12,5,1,3,1,694
3,0,1,1,24.6,27.275,88,8.9981,2011,9,14,3,2,0,2,2,8
1,0,0,2,17.22,21.21,100,19.0012,2011,3,6,9,6,1,1,2,22
2,0,1,1,15.58,19.695,66,0.0,2011,4,14,7,3,0,1,1,193
1,0,1,1,13.12,14.395,42,23.9994,2012,1,18,7,2,0,1,1,263
2,0,1,1,30.34,32.575,28,26.0027,2011,6,2,11,3,0,3,0,165
2,0,0,2,23.78,27.275,78,15.0013,2012,5,5,21,5,1,2,2,269
2,0,1,1,22.14,25.76,45,0.0,2012,4,3,21,1,0,2,1,243
4,0,0,2,14.76,17.425,87,8.9981,2012,12,16,10,6,1,1,2,257
4,0,1,2,21.32,25.0,88,8.9981,2011,10,11,4,1,0,2,2,5
1,0,1,1,13.94,15.15,34,19.9995,2011,2,16,11,2,0,1,0,66
4,0,1,1,12.3,15.15,36,11.0014,2011,11,18,18,4,0,1,0,328
4,0,0,1,12.3,14.395,49,19.0012,2011,12,18,14,6,1,1,1,219
2,0,0,1,30.34,33.335,51,0.0,2011,6,5,17,6,1,3,1,390
4,0,1,2,12.3,15.91,65,6.0032,2012,11,16,1,4,0,1,1,21
1,0,1,1,9.02,12.12,69,7.0015,2012,1,6,3,4,0,0,1,4
4,0,0,1,9.84,11.365,60,16.9979,2011,12,18,10,6,1,0,1,129
4,0,1,2,17.22,21.21,77,22.0028,2011,11,17,3,3,0,1,2,3
4,0,1,2,12.3,14.395,52,16.9979,2012,11,5,4,0,0,1,1,16
1,0,1,1,27.06,31.06,36,19.9995,2011,2,18,14,4,0,2,0,191
2,0,1,1,12.3,13.635,49,26.0027,2012,4,6,6,4,0,1,1,80
3,0,0,1,33.62,38.635,52,35.0008,2012,9,8,13,5,1,3,1,668
2,0,1,2,20.5,24.24,59,7.0015,2011,5,11,1,2,0,2,1,20
2,0,0,1,31.16,35.605,58,6.0032,2011,6,12,10,6,1,3,1,311
4,0,0,2,17.22,21.21,71,7.0015,2012,10,7,11,6,1,1,2,336
3,0,0,1,31.16,34.09,40,12.998,2012,8,12,14,6,1,3,0,579
2,0,1,2,24.6,30.305,64,26.0027,2012,5,8,11,1,0,2,1,217
3,0,0,1,30.34,33.335,42,11.0014,2012,8,12,11,6,1,3,1,449
2,0,1,1,34.44,37.88,44,7.0015,2011,6,10,15,4,0,3,1,212
2,0,1,1,18.86,22.725,88,7.0015,2012,5,7,6,0,0,1,2,142
1,0,1,2,13.12,15.15,57,19.9995,2011,3,11,10,4,0,1,1,78
2,0,1,1,19.68,23.485,67,8.9981,2012,5,18,2,4,0,1,1,21
4,0,1,2,24.6,29.545,73,12.998,2011,10,11,13,1,0,2,2,180
3,0,0,3,22.96,26.515,88,16.9979,2012,9,8,15,5,1,2,2,512
2,0,1,3,24.6,28.79,78,16.9979,2011,5,16,16,0,0,2,2,226
4,0,1,1,18.04,21.97,47,19.9995,2011,11,4,14,4,0,1,1,201
2,0,1,2,18.86,22.725,72,12.998,2011,4,19,5,1,0,1,2,18
2,0,0,1,33.62,35.605,30,0.0,2012,6,10,12,6,1,3,0,502
3,1,0,2,28.7,33.335,84,7.0015,2012,9,3,8,0,0,2,2,127
3,0,0,1,28.7,33.335,79,12.998,2012,7,14,22,5,1,2,2,225
3,0,0,1,27.88,31.82,89,8.9981,2012,7,15,5,6,1,2,2,9
2,0,1,3,27.06,29.545,89,12.998,2012,6,12,15,1,0,2,2,116
1,0,1,1,9.02,11.365,55,12.998,2011,3,8,8,1,0,0,1,257
4,0,1,1,20.5,24.24,72,8.9981,2012,10,17,20,2,0,2,2,414
2,0,1,1,21.32,25.0,59,8.9981,2012,5,18,8,4,0,2,1,745
4,0,1,2,14.76,17.425,71,11.0014,2012,12,7,14,4,0,1,2,215
4,0,1,1,18.04,21.97,72,7.0015,2011,11,9,19,2,0,1,2,304
3,0,0,1,32.8,40.15,66,0.0,2012,7,8,7,6,1,3,1,52
2,0,0,2,14.76,18.18,93,7.0015,2011,4,10,4,6,1,1,2,5
4,0,0,1,14.76,16.665,43,16.9979,2012,11,4,19,6,1,1,1,227
1,0,0,2,18.04,21.97,67,16.9979,2012,1,1,21,6,1,1,1,71
2,0,1,1,18.86,22.725,41,19.9995,2011,4,6,23,2,0,1,1,40
4,0,1,1,15.58,19.695,40,19.9995,2012,11,13,16,1,0,1,0,310
1,0,1,1,15.58,19.695,46,26.0027,2012,2,17,12,4,0,1,1,198
1,0,1,1,13.94,15.15,46,19.9995,2011,2,14,6,0,0,1,1,26
1,0,0,1,5.74,8.335,50,7.0015,2012,1,14,9,5,1,0,1,81
3,0,0,1,28.7,33.335,74,8.9981,2011,9,3,19,5,1,2,2,295
1,0,1,1,13.12,14.395,36,26.0027,2011,3,7,13,0,0,1,0,70
3,0,1,1,31.16,37.12,75,12.998,2011,7,19,19,1,0,3,2,388
2,0,1,1,25.42,31.06,43,8.9981,2012,6,6,17,2,0,2,1,724
4,0,1,1,12.3,15.91,49,7.0015,2011,12,8,17,3,0,1,1,331
4,0,1,1,24.6,31.06,53,11.0014,2011,10,5,18,2,0,2,1,593
2,0,0,2,20.5,24.24,88,8.9981,2012,5,6,8,6,1,2,2,114
3,0,1,1,28.7,32.575,65,7.0015,2011,7,5,1,1,0,2,1,39
4,0,0,1,19.68,23.485,48,0.0,2012,11,10,12,5,1,1,1,606
1,0,0,1,16.4,20.455,37,22.0028,2011,3,19,22,5,1,1,0,72
2,0,1,1,24.6,30.305,60,32.9975,2011,6,13,3,0,0,2,1,7
1,0,1,2,14.76,17.425,87,12.998,2012,3,2,20,4,0,1,2,100
1,0,1,1,4.92,7.575,54,8.9981,2011,1,13,6,3,0,0,1,28
3,0,1,1,26.24,30.305,73,0.0,2011,9,2,20,4,0,2,2,196
4,0,0,1,19.68,23.485,41,26.0027,2011,11,13,22,6,1,1,1,89
4,0,0,2,13.94,18.18,87,0.0,2012,12,16,5,6,1,1,2,9
1,0,0,2,6.56,6.82,48,26.0027,2012,1,15,3,6,1,0,1,25
2,0,1,2,27.88,31.82,44,27.9993,2012,6,13,12,2,0,2,1,334
2,0,1,2,25.42,29.545,78,6.0032,2012,6,1,5,4,0,2,2,45
3,0,0,1,26.24,28.79,83,15.0013,2011,7,9,4,5,1,2,2,6
1,0,1,1,23.78,27.275,35,15.0013,2012,3,1,14,3,0,2,0,211
1,0,1,1,4.92,5.305,33,22.0028,2011,2,8,23,1,0,0,0,12
3,0,1,1,29.52,33.335,54,0.0,2012,7,3,0,1,0,2,1,53
4,0,1,1,22.96,26.515,37,31.0009,2012,10,12,14,4,0,2,0,371
2,0,0,1,22.96,26.515,64,11.0014,2012,5,13,0,6,1,2,1,98
2,0,0,1,23.78,27.275,53,7.0015,2012,6,3,23,6,1,2,1,108
3,0,1,1,29.52,34.09,66,6.0032,2012,8,1,10,2,0,2,1,236
2,0,0,2,21.32,25.0,94,11.0014,2011,5,14,10,5,1,2,2,167
1,0,1,3,14.76,17.425,87,12.998,2012,3,2,18,4,0,1,2,160
2,0,0,1,25.42,29.545,78,7.0015,2012,5,5,9,5,1,2,2,284
4,0,1,3,14.76,17.425,87,11.0014,2012,10,9,4,1,0,1,2,7
2,0,0,2,20.5,24.24,88,8.9981,2011,5,14,1,5,1,2,2,82
2,0,1,2,33.62,36.365,34,19.0012,2012,6,11,14,0,0,3,0,259
1,0,0,1,10.66,15.15,41,0.0,2011,2,12,21,5,1,1,1,51
4,0,0,3,15.58,19.695,94,6.0032,2012,12,9,19,6,1,1,2,122
1,0,1,1,21.32,25.0,53,19.0012,2011,3,18,10,4,0,2,1,117
1,0,1,1,13.94,15.91,39,19.0012,2012,1,5,14,3,0,1,0,117
1,0,1,1,11.48,14.395,45,8.9981,2012,2,13,21,0,0,1,1,147
3,0,1,1,30.34,34.85,66,12.998,2012,7,6,6,4,0,3,1,131
4,0,1,1,19.68,23.485,33,32.9975,2012,12,5,14,2,0,1,0,218
4,0,1,1,9.02,11.365,44,12.998,2011,11,18,8,4,0,0,1,375
3,0,1,2,31.98,37.88,66,15.0013,2012,8,3,20,4,0,3,1,389
2,0,0,1,27.06,31.06,74,15.0013,2011,6,11,21,5,1,2,2,220
4,0,0,2,14.76,18.94,71,0.0,2012,12,1,14,5,1,1,2,479
2,0,0,1,20.5,24.24,68,11.0014,2012,4,15,5,6,1,2,1,10
3,0,1,2,32.8,37.12,49,19.0012,2012,8,8,16,2,0,3,1,441
2,0,1,1,22.14,25.76,90,8.9981,2012,5,2,5,2,0,2,2,33
1,0,1,1,9.02,11.365,25,8.9981,2011,3,3,12,3,0,0,0,72
2,1,0,1,22.14,25.76,52,16.9979,2011,4,15,14,4,0,2,1,163
3,0,1,1,29.52,32.575,42,7.0015,2012,9,13,15,3,0,2,1,352
1,0,1,1,18.86,22.725,67,12.998,2012,1,12,16,3,0,1,1,281
2,0,1,1,27.06,31.06,34,16.9979,2012,5,18,16,4,0,2,0,568
2,0,0,1,17.22,21.21,77,7.0015,2011,5,1,2,6,1,1,2,50
3,0,1,1,27.88,31.82,62,11.0014,2011,9,12,10,0,0,2,1,129
2,0,1,1,23.78,27.275,21,16.9979,2012,4,10,16,1,0,2,0,362
1,0,1,1,13.12,15.15,36,15.0013,2012,3,6,14,1,0,1,0,136
4,1,0,1,12.3,15.15,45,11.0014,2011,11,11,21,4,0,1,1,83
3,0,0,2,22.14,25.76,68,6.0032,2011,9,18,22,6,1,2,1,84
1,0,0,2,12.3,14.395,49,16.9979,2012,2,19,17,6,1,1,1,157
4,0,0,2,17.22,21.21,82,12.998,2012,12,2,20,6,1,1,2,154
1,0,1,1,5.74,6.06,33,19.9995,2011,3,3,6,3,0,0,0,35
1,0,1,1,18.86,22.725,72,26.0027,2012,1,17,22,1,0,1,2,90
4,0,0,1,18.86,22.725,36,12.998,2012,10,13,13,5,1,1,0,670
2,0,1,2,24.6,31.06,56,16.9979,2012,6,14,4,3,0,2,1,6
2,0,0,1,14.76,18.94,37,0.0,2012,4,8,6,6,1,1,0,28
1,0,1,1,13.94,17.425,49,7.0015,2012,2,3,21,4,0,1,1,134
2,0,0,1,22.14,25.76,64,7.0015,2012,6,17,3,6,1,2,1,28
3,1,0,1,27.88,31.82,65,0.0,2012,7,4,7,2,0,2,1,72
3,0,1,1,28.7,33.335,74,7.0015,2011,7,8,6,4,0,2,2,102
1,0,1,1,8.2,9.09,32,26.0027,2011,2,8,18,1,0,0,0,152
3,0,1,1,32.8,37.88,55,0.0,2011,8,8,20,0,0,3,1,286
3,0,0,1,22.14,25.76,68,16.9979,2011,9,17,16,5,1,2,1,305
4,0,0,1,12.3,15.15,70,8.9981,2011,12,3,23,5,1,1,1,85
1,0,0,1,20.5,24.24,31,32.9975,2011,3,19,14,5,1,2,0,312
3,0,1,1,30.34,33.335,51,19.0012,2012,7,5,1,3,0,3,1,30
1,0,0,2,6.56,11.365,59,0.0,2011,1,15,3,5,1,0,1,8
2,0,1,1,18.86,22.725,88,6.0032,2011,4,19,23,1,0,1,2,52
1,1,0,1,4.1,6.82,54,6.0032,2012,1,16,6,0,0,0,1,13
4,0,1,2,25.42,27.275,94,7.0015,2012,10,3,5,2,0,2,2,34
2,0,1,1,19.68,23.485,41,19.9995,2012,5,11,9,4,0,1,1,322
4,0,1,2,17.22,21.21,67,23.9994,2011,11,10,12,3,0,1,1,167
4,0,1,2,23.78,27.275,88,12.998,2011,10,13,23,3,0,2,2,47
3,0,0,1,28.7,32.575,65,0.0,2011,9,11,10,6,1,2,1,334
1,0,1,2,15.58,19.695,25,7.0015,2011,3,8,13,1,0,1,0,98
3,0,0,2,33.62,38.635,52,6.0032,2012,9,1,13,5,1,3,1,504
2,0,1,1,36.9,40.91,37,16.9979,2011,6,1,14,2,0,3,0,145
3,0,0,1,31.98,37.88,66,19.0012,2011,9,4,15,6,1,3,1,410
4,0,0,1,16.4,20.455,43,0.0,2012,10,13,10,5,1,1,1,347
2,0,1,2,26.24,30.305,69,39.0007,2012,6,13,9,2,0,2,1,352
4,0,1,1,18.04,21.97,41,19.0012,2012,12,5,12,2,0,1,1,232
3,0,0,1,27.06,31.06,61,0.0,2012,8,18,21,5,1,2,1,338
3,0,1,2,26.24,28.79,89,30.0026,2012,9,18,7,1,0,2,2,356
4,0,1,2,13.94,15.15,61,22.0028,2011,11,17,10,3,0,1,1,81
2,0,0,1,15.58,19.695,27,11.0014,2012,4,8,7,6,1,1,0,37
4,0,1,1,18.04,21.97,67,15.0013,2011,11,14,4,0,0,1,1,5
1,0,1,1,14.76,15.91,46,35.0008,2012,2,2,20,3,0,1,1,213
1,0,1,1,9.84,11.365,48,15.0013,2011,1,5,4,2,0,0,1,2
2,0,0,1,16.4,20.455,30,12.998,2012,4,8,8,6,1,1,0,84
2,0,1,1,20.5,24.24,42,12.998,2012,5,10,21,3,0,2,1,230
2,0,0,1,13.94,16.665,57,11.0014,2011,4,3,8,6,1,1,1,62
1,0,1,2,14.76,16.665,34,23.9994,2012,3,9,11,4,0,1,0,187
3,0,1,1,32.8,37.12,49,15.0013,2012,8,6,13,0,0,3,1,289
2,0,1,1,24.6,29.545,69,19.9995,2011,5,17,18,1,0,2,1,480
3,0,1,1,27.06,31.06,69,19.9995,2011,7,14,0,3,0,2,1,46
2,0,1,1,22.96,26.515,35,15.0013,2012,5,11,22,4,0,2,0,234
1,0,1,1,10.66,10.605,48,30.0026,2011,3,7,11,0,0,1,1,60
2,0,1,3,21.32,25.0,88,8.9981,2012,6,18,6,0,0,2,2,37
1,0,1,2,14.76,16.665,40,16.9979,2012,2,14,13,1,0,1,0,173
3,0,1,1,22.96,26.515,73,0.0,2012,9,13,8,3,0,2,2,758
3,0,1,1,34.44,37.88,41,19.0012,2011,7,13,12,2,0,3,1,174
1,0,0,1,13.12,15.91,49,11.0014,2012,2,18,1,5,1,1,1,45
3,0,0,2,32.8,38.635,59,22.0028,2011,8,6,13,5,1,3,1,441
2,0,0,1,21.32,25.0,48,0.0,2012,5,12,8,5,1,2,1,178
2,0,0,2,22.96,26.515,83,19.0012,2012,5,5,23,5,1,2,2,149
1,0,0,1,12.3,13.635,49,30.0026,2012,3,4,9,6,1,1,1,118
3,0,1,1,29.52,33.335,58,0.0,2012,7,3,1,1,0,2,1,14
1,0,0,2,17.22,21.21,94,12.998,2012,3,17,6,5,1,1,2,30
1,0,1,1,8.2,9.09,27,19.9995,2011,2,10,16,3,0,0,0,80
1,0,0,1,19.68,23.485,29,19.9995,2012,3,3,15,5,1,1,0,399
4,0,0,1,9.84,12.88,70,6.0032,2011,12,3,5,5,1,0,1,6
4,0,1,1,10.66,13.635,60,7.0015,2011,12,8,20,3,0,1,1,175
4,0,1,2,24.6,28.79,78,16.9979,2011,10,11,17,1,0,2,2,604
1,0,0,2,10.66,12.12,70,16.9979,2012,2,5,6,6,1,1,1,4
4,0,1,1,24.6,31.06,49,26.0027,2011,11,14,13,0,0,2,1,203
2,1,0,1,15.58,19.695,82,6.0032,2011,4,15,4,4,0,1,2,3
4,0,0,2,12.3,16.665,87,0.0,2012,12,2,2,6,1,1,2,74
1,0,0,1,15.58,19.695,40,19.9995,2011,3,19,23,5,1,1,0,50
1,0,1,1,8.2,10.605,51,11.0014,2011,1,6,20,3,0,0,1,69
2,0,1,1,18.86,22.725,51,0.0,2012,4,4,2,2,0,1,1,5
2,0,1,2,22.14,25.76,64,8.9981,2011,4,19,18,1,0,2,1,421
4,0,0,1,18.04,21.97,88,0.0,2011,10,9,3,6,1,1,2,30
4,0,1,2,22.96,26.515,83,7.0015,2011,10,11,8,1,0,2,2,406
1,0,1,2,12.3,15.15,56,11.0014,2012,2,8,14,2,0,1,1,108
2,0,1,1,33.62,37.88,46,0.0,2011,6,10,11,4,0,3,1,153
1,0,1,1,22.96,26.515,43,12.998,2012,3,1,11,3,0,2,1,168
2,0,1,1,19.68,23.485,36,30.0026,2012,4,12,13,3,0,1,0,203
3,0,1,1,32.8,38.635,59,31.0009,2012,9,4,15,1,0,3,1,292
1,0,1,2,14.76,17.425,81,8.9981,2011,3,16,11,2,0,1,2,75
2,0,1,1,17.22,21.21,67,12.998,2012,4,10,9,1,0,1,1,319
4,0,1,2,19.68,23.485,82,19.0012,2012,12,10,17,0,0,1,2,616
4,0,1,1,22.96,26.515,64,19.9995,2012,10,15,16,0,0,2,1,447
2,0,1,1,20.5,24.24,72,16.9979,2011,5,11,22,2,0,2,2,146
4,0,0,1,13.12,15.15,45,19.0012,2011,12,18,15,6,1,1,1,207
4,0,1,1,11.48,14.395,75,7.0015,2012,12,14,22,4,0,1,2,138
4,0,1,2,23.78,27.275,83,15.0013,2011,10,11,20,1,0,2,2,234
3,0,1,1,30.34,34.85,66,11.0014,2012,8,1,20,2,0,3,1,513
1,0,1,1,9.02,11.365,60,8.9981,2011,3,4,9,4,0,0,1,150
2,0,0,2,16.4,20.455,47,11.0014,2011,4,2,11,5,1,1,1,198
1,0,1,1,11.48,15.15,75,6.0032,2012,3,2,8,4,0,1,2,549
3,0,1,1,34.44,40.15,53,19.0012,2011,7,18,16,0,0,3,1,265
4,0,0,1,15.58,19.695,40,11.0014,2012,11,17,17,5,1,1,0,403
2,0,1,2,9.84,11.365,93,16.9979,2011,4,1,3,4,0,0,2,4
3,0,1,2,29.52,34.85,79,12.998,2012,8,10,3,4,0,2,2,9
3,0,1,1,27.88,31.82,79,7.0015,2011,7,8,3,4,0,2,2,6
2,0,1,1,16.4,20.455,37,26.0027,2011,4,6,10,2,0,1,0,69
3,0,1,1,32.8,34.85,29,12.998,2011,8,12,14,4,0,3,0,186
1,0,0,1,5.74,5.305,43,26.0027,2011,1,9,10,6,1,0,1,49
1,0,1,1,21.32,25.0,52,11.0014,2012,2,1,20,2,0,2,1,264
4,0,1,2,14.76,17.425,57,15.0013,2012,11,15,17,3,0,1,1,563
4,0,1,2,11.48,13.635,75,11.0014,2012,12,7,6,4,0,1,2,84
1,0,1,2,15.58,19.695,46,19.9995,2012,2,14,18,1,0,1,1,406
2,0,1,1,22.96,26.515,26,19.9995,2012,4,17,21,1,0,2,0,297
2,0,1,1,31.98,37.12,59,11.0014,2012,6,19,15,1,0,3,1,259
4,0,0,1,10.66,14.395,81,6.0032,2011,11,6,6,6,1,1,2,16
3,0,0,1,31.98,37.12,62,7.0015,2012,7,8,18,6,1,3,1,253
3,0,1,1,32.8,37.88,55,12.998,2012,8,9,19,3,0,3,1,623
3,0,0,1,25.42,30.305,69,7.0015,2011,7,2,6,5,1,2,1,32
4,0,0,2,13.94,17.425,66,6.0032,2012,11,17,20,5,1,1,1,172
2,0,1,1,29.52,32.575,32,32.9975,2012,6,13,15,2,0,2,0,281
2,0,1,1,18.86,22.725,82,8.9981,2011,5,11,6,2,0,1,2,99
4,0,1,1,13.12,17.425,87,0.0,2011,12,5,2,0,0,1,2,8
4,0,0,2,13.94,16.665,71,8.9981,2011,11,19,19,5,1,1,2,182
2,0,1,2,22.96,26.515,88,8.9981,2012,5,9,5,2,0,2,2,28
4,0,1,2,14.76,17.425,57,12.998,2012,11,15,18,3,0,1,1,573
4,0,0,1,15.58,19.695,62,19.0012,2012,11,18,11,6,1,1,1,359
4,0,1,1,14.76,16.665,50,16.9979,2012,12,18,20,1,0,1,1,268
4,0,1,2,10.66,12.12,60,19.0012,2012,11,7,9,2,0,1,1,368
1,0,0,1,21.32,25.0,34,27.9993,2011,3,19,5,5,1,2,0,2
3,0,1,1,27.06,31.06,74,7.0015,2011,8,4,23,3,0,2,2,132
4,0,1,1,11.48,12.88,52,22.0028,2011,12,8,12,3,0,1,1,156
3,0,1,1,32.8,34.85,29,11.0014,2011,8,12,15,4,0,3,0,249
1,0,1,1,12.3,12.88,33,35.0008,2012,1,18,15,2,0,1,0,130
1,0,0,2,14.76,18.18,93,6.0032,2012,3,3,5,5,1,1,2,2
3,0,1,2,27.06,31.82,56,6.0032,2012,7,13,5,4,0,2,1,34
2,0,1,1,22.96,26.515,68,22.0028,2012,5,17,5,3,0,2,1,35
3,0,1,1,32.8,37.88,55,11.0014,2011,8,9,17,1,0,3,1,532
2,0,1,3,22.96,26.515,88,16.9979,2012,5,14,17,0,0,2,2,229
3,0,1,1,21.32,25.0,63,15.0013,2012,9,19,7,2,0,2,1,545
3,0,1,1,31.98,35.605,52,16.9979,2011,8,5,13,4,0,3,1,204
4,0,0,1,12.3,15.15,61,11.0014,2012,10,13,7,5,1,1,1,70
3,0,1,1,27.06,30.305,83,6.0032,2012,8,1,1,2,0,2,2,33
1,0,1,3,16.4,20.455,0,16.9979,2011,3,10,11,3,0,1,0,11
4,0,1,1,19.68,23.485,67,19.0012,2011,10,4,10,1,0,1,1,126
2,0,1,1,22.14,25.76,22,27.9993,2012,4,10,18,1,0,2,0,704
3,0,1,1,27.06,30.305,83,11.0014,2012,8,3,5,4,0,2,2,37
1,0,1,2,6.56,6.82,50,23.9994,2011,1,13,10,3,0,0,1,38
2,0,0,2,22.14,25.76,94,11.0014,2011,5,14,15,5,1,2,2,294
4,0,1,2,22.14,25.76,60,19.0012,2011,11,14,11,0,0,2,1,128
1,1,0,1,10.66,10.605,44,30.0026,2012,1,16,15,0,0,1,1,192
4,0,1,1,18.86,22.725,88,16.9979,2012,10,17,22,2,0,1,2,215
1,0,1,1,4.1,6.06,58,8.9981,2012,2,13,5,0,0,0,1,17
1,0,1,1,12.3,14.395,52,16.9979,2011,3,11,23,4,0,1,1,37
4,0,1,1,13.12,16.665,42,7.0015,2012,12,13,18,3,0,1,1,466
2,0,1,2,22.14,25.76,73,12.998,2012,5,7,11,0,0,2,2,213
1,0,0,3,14.76,18.18,93,6.0032,2012,3,3,0,5,1,1,2,22
4,0,1,1,15.58,19.695,76,0.0,2012,10,17,1,2,0,1,2,17
4,0,0,1,24.6,31.06,46,27.9993,2012,10,6,15,5,1,2,1,620
4,0,1,1,18.86,22.725,59,11.0014,2011,10,14,23,4,0,1,1,95
2,0,0,1,26.24,31.06,53,12.998,2012,6,17,18,6,1,2,1,513
4,0,1,1,24.6,31.06,40,15.0013,2012,10,10,16,2,0,2,0,566
1,0,1,2,13.94,14.395,36,32.9975,2012,3,9,10,4,0,1,0,159
2,0,1,1,21.32,25.0,77,8.9981,2012,6,7,0,3,0,2,2,59
3,0,1,1,28.7,33.335,84,12.998,2012,8,7,0,1,0,2,2,47
2,0,1,3,20.5,24.24,39,12.998,2012,4,18,8,2,0,2,0,576
4,0,0,1,9.02,12.88,75,6.0032,2011,11,12,5,5,1,0,2,4
1,0,1,1,13.94,17.425,57,7.0015,2012,3,12,6,0,0,1,1,88
3,0,0,1,32.8,37.12,49,19.9995,2012,8,11,14,5,1,3,1,538
1,0,0,1,10.66,12.88,44,11.0014,2012,3,10,22,5,1,1,1,100
2,0,0,1,26.24,30.305,73,8.9981,2012,6,10,1,6,1,2,2,116
3,0,1,1,33.62,36.365,36,11.0014,2011,8,17,14,2,0,3,0,192
3,0,1,1,36.08,39.395,35,15.0013,2012,7,6,19,4,0,3,0,418
3,0,0,2,18.86,22.725,77,16.9979,2011,9,17,8,5,1,1,2,108
2,0,1,2,18.86,22.725,82,22.0028,2011,5,2,7,0,0,1,2,209
1,0,1,1,8.2,9.09,32,23.9994,2011,2,15,7,1,0,0,0,105
2,0,1,3,24.6,28.03,83,16.9979,2011,6,16,23,3,0,2,2,16
1,0,1,1,17.22,21.21,44,15.0013,2012,3,2,13,4,0,1,1,222
1,0,0,1,4.92,6.06,54,15.0013,2012,1,15,8,6,1,0,1,36
3,0,0,1,33.62,35.605,30,8.9981,2011,7,2,12,5,1,3,0,374
1,0,1,1,22.96,26.515,37,15.0013,2012,3,1,12,3,0,2,0,220
2,0,0,2,20.5,24.24,59,15.0013,2012,4,1,20,6,1,2,1,232
3,0,1,1,30.34,34.09,58,19.0012,2011,8,2,8,1,0,3,1,435
3,0,1,1,28.7,32.575,58,6.0032,2011,8,10,7,2,0,2,1,305
2,0,1,1,15.58,19.695,66,16.9979,2011,4,4,2,0,0,1,1,2
4,0,1,2,29.52,34.09,62,11.0014,2012,10,3,15,2,0,2,1,319
2,0,1,1,22.96,26.515,37,19.0012,2011,4,18,21,0,0,2,0,151
2,0,1,2,24.6,28.79,78,16.9979,2012,5,9,1,2,0,2,2,14
2,0,1,1,24.6,31.06,46,8.9981,2012,5,18,10,4,0,2,1,255
4,0,1,3,18.04,21.97,100,6.0032,2011,12,7,11,2,0,1,2,50
1,0,1,1,16.4,20.455,50,11.0014,2012,2,1,5,2,0,1,1,18
3,0,1,1,33.62,36.365,38,19.9995,2011,8,10,12,2,0,3,0,240
2,0,0,1,18.86,22.725,88,23.9994,2011,4,10,23,6,1,1,2,32
2,0,1,1,17.22,21.21,67,16.9979,2011,5,4,18,2,0,1,1,396
2,0,0,1,27.06,31.06,36,12.998,2012,5,12,14,5,1,2,0,615
1,0,1,2,10.66,15.15,100,0.0,2012,2,17,9,4,0,1,2,283
3,0,0,1,27.88,31.82,65,19.9995,2011,9,11,18,6,1,2,1,339
4,0,1,2,14.76,18.18,57,7.0015,2011,12,14,13,2,0,1,1,133
4,0,0,1,16.4,20.455,40,15.0013,2012,11,17,16,5,1,1,0,469
1,0,1,2,13.12,16.665,93,6.0032,2011,3,11,3,4,0,1,2,2
4,0,0,1,12.3,14.395,61,12.998,2012,10,13,5,5,1,1,1,11
4,0,1,2,13.12,16.665,57,8.9981,2012,11,16,8,4,0,1,1,711
1,0,0,1,14.76,18.18,23,0.0,2012,3,10,16,5,1,1,0,390
3,0,0,1,26.24,28.79,83,11.0014,2011,7,3,23,6,1,2,2,147
2,0,1,1,23.78,27.275,40,22.0028,2011,5,6,13,4,0,2,0,253
4,0,1,1,16.4,20.455,82,6.0032,2011,11,3,23,3,0,1,2,95
2,0,0,1,27.88,31.82,74,16.9979,2011,6,11,20,5,1,2,2,275
4,0,1,1,15.58,19.695,94,6.0032,2011,11,10,4,3,0,1,2,3
2,0,1,2,24.6,28.79,78,8.9981,2012,6,19,4,1,0,2,2,10
1,0,1,2,25.42,31.06,38,36.9974,2012,3,8,18,3,0,2,0,590
4,0,0,1,12.3,15.91,89,6.0032,2012,11,11,7,6,1,1,2,68
1,0,1,2,8.2,9.09,37,19.0012,2011,1,7,13,4,0,0,0,73
3,0,1,1,27.88,31.82,74,6.0032,2012,7,17,5,1,0,2,2,38
4,0,1,2,22.14,25.76,77,7.0015,2012,10,2,1,1,0,2,2,11
1,0,1,1,13.94,16.665,34,8.9981,2012,2,9,17,3,0,1,0,399
4,0,1,1,20.5,24.24,31,7.0015,2012,10,11,13,3,0,2,0,291
4,0,0,1,11.48,12.88,45,23.9994,2011,12,17,14,5,1,1,1,237
2,0,1,1,22.96,26.515,28,36.9974,2012,4,9,14,0,0,2,0,218
3,0,0,1,31.16,35.605,62,8.9981,2011,8,14,17,6,1,3,1,329
1,0,0,1,16.4,20.455,50,19.9995,2011,3,13,8,6,1,1,1,34
2,0,1,1,27.06,31.06,61,12.998,2011,5,2,15,0,0,2,1,155
1,0,1,2,9.84,12.12,70,8.9981,2011,2,4,23,4,0,0,1,31
1,0,1,1,13.94,17.425,61,7.0015,2012,2,7,21,1,0,1,1,190
1,0,1,1,9.02,10.605,64,16.9979,2011,3,2,7,2,0,0,1,110
3,0,1,1,31.98,34.09,29,6.0032,2011,8,12,13,4,0,3,0,253
1,0,1,2,6.56,9.85,74,6.0032,2011,3,4,6,4,0,0,2,29
1,0,1,1,16.4,20.455,40,40.9973,2011,2,14,18,0,0,1,0,205
3,0,1,2,31.16,36.365,70,19.0012,2011,7,8,12,4,0,3,1,213
4,0,1,2,15.58,19.695,87,7.0015,2012,12,17,8,0,0,1,2,592
1,0,1,1,10.66,10.605,30,35.0008,2011,3,2,23,2,0,1,0,22
4,0,0,2,12.3,15.91,87,6.0032,2012,12,2,0,6,1,1,2,117
2,0,0,1,25.42,31.06,38,6.0032,2012,5,19,11,5,1,2,0,586
3,0,0,1,27.06,31.06,57,6.0032,2012,8,19,0,6,1,2,1,187
3,0,0,3,27.88,31.82,83,6.0032,2012,7,8,23,6,1,2,2,123
2,0,1,1,30.34,33.335,48,35.0008,2011,4,11,17,0,0,3,1,452
3,0,1,2,25.42,30.305,69,12.998,2012,9,17,12,0,0,2,1,295
3,0,1,1,28.7,33.335,74,8.9981,2011,7,6,1,2,0,2,2,15
4,0,0,1,18.04,21.97,67,8.9981,2012,12,2,15,6,1,1,1,417
3,0,0,2,29.52,34.85,79,23.9994,2012,7,14,16,5,1,2,2,566
1,0,0,1,5.74,7.575,63,8.9981,2011,1,15,8,5,1,0,1,23
2,0,1,1,16.4,20.455,82,22.0028,2011,5,4,11,2,0,1,2,72
1,0,0,2,13.12,15.15,39,15.0013,2011,1,15,21,5,1,1,0,57
1,0,0,1,16.4,20.455,37,19.9995,2012,3,11,12,6,1,1,0,410
4,1,0,1,19.68,23.485,88,0.0,2011,10,10,1,0,0,1,2,34
1,0,1,2,8.2,11.365,69,6.0032,2012,1,5,7,3,0,0,1,215
3,0,1,2,32.8,37.12,49,11.0014,2011,8,3,0,2,0,3,1,43
2,0,1,1,28.7,31.82,34,26.0027,2012,6,13,19,2,0,2,0,671
2,0,1,1,29.52,32.575,34,15.0013,2012,6,7,16,3,0,2,0,466
3,0,1,2,20.5,24.24,77,12.998,2011,9,19,5,0,0,2,2,28
3,0,1,1,27.06,29.545,89,7.0015,2012,8,10,10,4,0,2,2,193
1,0,1,1,7.38,9.85,59,8.9981,2012,3,5,6,0,0,0,1,91
2,0,1,1,25.42,31.06,50,19.9995,2011,5,11,18,2,0,2,1,274
1,0,0,1,9.02,10.605,55,19.0012,2011,1,16,8,6,1,0,1,18
3,0,1,1,30.34,34.85,70,15.0013,2011,7,6,19,2,0,3,1,394
3,0,1,1,32.8,37.12,49,7.0015,2012,8,1,12,2,0,3,1,284
1,0,1,1,9.02,9.85,41,30.0026,2011,1,13,13,3,0,0,1,83
3,0,0,1,25.42,30.305,65,12.998,2011,7,16,0,5,1,2,1,110
1,0,0,1,20.5,24.24,31,23.9994,2012,3,11,16,6,1,2,0,509
2,0,1,1,17.22,21.21,47,30.0026,2012,4,2,11,0,0,1,1,209
3,0,1,1,32.8,35.605,41,12.998,2011,8,17,13,2,0,3,1,176
1,0,1,2,13.12,17.425,66,0.0,2012,2,10,22,4,0,1,1,113
3,0,1,2,27.06,31.06,57,15.0013,2011,9,1,22,3,0,2,1,179
2,0,1,1,27.06,31.06,44,15.0013,2012,4,17,4,1,0,2,1,9
3,0,1,3,27.88,31.82,83,30.0026,2011,7,8,16,4,0,2,2,132
4,0,1,2,24.6,31.06,53,16.9979,2012,10,18,12,3,0,2,1,377
4,0,1,1,13.94,15.91,31,15.0013,2011,11,18,13,4,0,1,0,177
4,0,1,2,15.58,19.695,58,11.0014,2012,11,15,15,3,0,1,1,217
4,0,1,2,21.32,25.0,59,19.9995,2011,12,15,18,3,0,2,1,377
3,0,1,3,24.6,27.275,88,6.0032,2011,8,15,0,0,0,2,2,25
1,0,0,1,7.38,12.12,55,0.0,2011,1,15,0,5,1,0,1,28
3,0,1,2,21.32,25.0,48,11.0014,2011,9,16,16,4,0,2,1,358
3,1,0,1,27.88,31.82,74,0.0,2012,7,4,1,2,0,2,2,123
1,0,0,1,7.38,9.85,47,11.0014,2011,1,16,20,6,1,0,1,57
1,0,0,1,16.4,20.455,16,43.9989,2011,2,19,9,5,1,1,0,55
4,0,0,1,9.02,10.605,69,16.9979,2011,12,17,20,5,1,0,1,106
4,0,1,1,14.76,16.665,46,16.9979,2012,11,16,20,4,0,1,1,227
4,0,1,1,18.04,21.97,62,12.998,2011,11,2,17,2,0,1,1,553
4,0,1,1,10.66,12.88,60,12.998,2012,12,12,5,2,0,1,1,37
3,0,1,3,22.96,26.515,94,11.0014,2011,9,7,4,2,0,2,2,4
2,0,1,1,22.96,26.515,26,7.0015,2012,4,3,19,1,0,2,0,558
3,0,1,1,30.34,34.85,66,12.998,2012,9,6,15,3,0,3,1,270
2,0,0,2,21.32,25.0,100,8.9981,2011,5,15,2,6,1,2,2,50
1,0,1,1,5.74,7.575,69,11.0014,2011,1,4,8,1,0,0,1,179
3,0,1,1,32.8,39.395,63,11.0014,2012,9,5,13,2,0,3,1,234
3,1,0,1,28.7,32.575,61,7.0015,2012,7,4,8,2,0,2,1,153
4,0,1,1,21.32,25.0,77,19.0012,2012,12,10,19,0,0,2,2,427
3,0,0,1,27.06,31.06,54,15.0013,2012,8,12,8,6,1,2,1,119
1,0,0,1,10.66,13.635,93,7.0015,2012,1,1,9,6,1,1,2,40
2,0,0,1,20.5,24.24,42,12.998,2011,4,17,21,6,1,2,1,83
1,0,1,1,17.22,21.21,38,19.9995,2012,1,10,11,1,0,1,0,101
4,0,1,3,18.04,21.97,100,15.0013,2012,12,10,13,0,0,1,2,220
4,0,1,2,13.12,16.665,66,8.9981,2012,11,15,10,3,0,1,1,153
2,0,1,3,22.14,25.76,88,15.0013,2012,5,14,8,0,0,2,2,156
2,0,1,3,15.58,19.695,66,15.0013,2011,4,8,12,4,0,1,1,80
4,0,1,2,14.76,18.18,93,6.0032,2012,12,7,23,4,0,1,2,122
1,0,0,1,12.3,13.635,33,22.0028,2012,3,10,11,5,1,1,0,274
2,0,1,1,18.86,22.725,67,19.0012,2011,4,19,2,1,0,1,1,13
3,0,1,2,28.7,33.335,79,0.0,2011,7,12,3,1,0,2,2,8
4,0,1,1,14.76,17.425,57,15.0013,2012,12,19,20,2,0,1,1,241
2,0,1,1,15.58,19.695,76,15.0013,2011,4,14,1,3,0,1,2,10
3,0,0,1,27.06,30.305,78,15.0013,2011,8,6,2,5,1,2,2,53
4,0,1,2,24.6,31.06,49,7.0015,2011,10,18,11,1,0,2,1,147
2,0,0,3,16.4,20.455,100,19.9995,2011,4,16,9,5,1,1,2,29
3,0,1,1,28.7,33.335,84,11.0014,2012,9,4,8,1,0,2,2,632
2,0,0,1,22.14,25.76,49,12.998,2011,5,7,22,5,1,2,1,120
4,0,0,2,10.66,13.635,65,7.0015,2011,12,10,4,5,1,1,1,3
1,1,0,1,4.92,8.335,54,6.0032,2012,1,16,5,0,0,0,1,6
4,0,1,1,13.12,15.15,45,16.9979,2011,12,8,14,3,0,1,1,137
2,1,0,1,27.88,31.82,51,16.9979,2012,4,16,21,0,0,2,1,271
4,0,1,1,24.6,31.06,56,6.0032,2012,10,4,23,3,0,2,1,155
1,0,1,2,24.6,31.06,40,30.0026,2012,3,8,19,3,0,2,0,416
1,0,1,1,8.2,9.09,59,26.0027,2011,3,1,8,1,0,0,1,214
3,0,1,1,22.14,25.76,68,11.0014,2012,9,17,0,0,0,2,1,45
2,0,1,2,17.22,21.21,77,12.998,2012,4,18,17,2,0,1,2,488
2,0,1,1,18.04,21.97,33,0.0,2012,4,3,10,1,0,1,0,219
3,0,1,1,34.44,40.15,53,19.0012,2011,7,11,12,0,0,3,1,148
1,0,0,1,8.2,8.335,34,30.0026,2011,1,9,13,6,1,0,0,75
3,0,0,1,23.78,27.275,88,7.0015,2011,9,11,6,6,1,2,2,20
2,0,1,1,22.96,26.515,26,19.0012,2011,5,5,18,3,0,2,0,520
2,0,0,1,19.68,23.485,59,6.0032,2012,5,19,4,5,1,1,1,14
3,0,1,1,26.24,31.06,57,6.0032,2011,7,14,22,3,0,2,1,176
4,0,1,2,12.3,14.395,49,15.0013,2012,11,5,8,0,0,1,1,648
2,0,1,1,29.52,32.575,39,12.998,2012,6,15,14,4,0,2,0,376
1,0,1,2,8.2,10.605,75,8.9981,2012,1,5,6,3,0,0,2,78
1,0,1,2,22.96,26.515,49,23.9994,2011,3,18,12,4,0,2,1,195
3,0,1,1,32.8,34.85,33,15.0013,2012,7,12,13,3,0,3,0,277
3,0,1,1,20.5,24.24,59,0.0,2011,9,16,23,4,0,2,1,126
1,0,1,1,15.58,19.695,76,22.0028,2011,2,2,15,2,0,1,2,76
1,0,1,1,9.02,10.605,69,19.0012,2011,3,1,3,1,0,0,1,2
4,0,1,1,12.3,15.15,52,11.0014,2011,12,13,21,1,0,1,1,139
3,0,0,3,25.42,28.79,83,11.0014,2012,8,11,3,5,1,2,2,21
4,0,1,1,24.6,31.06,56,19.0012,2012,10,18,16,3,0,2,1,450
2,0,0,1,25.42,28.03,88,15.0013,2011,6,12,5,6,1,2,2,10
3,0,1,1,28.7,32.575,70,6.0032,2011,8,1,22,0,0,2,1,137
3,0,1,1,24.6,30.305,64,8.9981,2012,9,12,9,2,0,2,1,328
2,0,0,1,26.24,30.305,73,6.0032,2012,6,10,8,6,1,2,2,181
4,0,1,3,24.6,29.545,69,26.0027,2012,10,15,9,0,0,2,1,359
2,0,0,2,12.3,16.665,61,0.0,2011,4,2,0,5,1,1,1,32
1,0,1,1,12.3,14.395,52,15.0013,2012,2,3,2,4,0,1,1,6
1,0,0,2,12.3,16.665,52,0.0,2012,1,8,6,6,1,1,1,2
4,0,0,1,16.4,20.455,71,16.9979,2012,10,14,0,6,1,1,2,111
4,0,1,1,9.02,10.605,60,15.0013,2011,12,8,7,3,0,0,1,244
3,0,1,1,25.42,29.545,73,15.0013,2011,8,16,2,1,0,2,2,4
3,0,1,1,30.34,34.85,70,11.0014,2012,9,5,19,2,0,3,1,662
3,0,1,1,26.24,28.79,89,0.0,2012,7,11,5,2,0,2,2,41
3,0,0,1,30.34,34.09,62,7.0015,2012,9,1,0,5,1,3,1,168
4,0,0,1,13.12,17.425,81,0.0,2012,12,1,20,5,1,1,2,198
1,0,1,1,12.3,15.15,70,8.9981,2011,2,17,6,3,0,1,1,47
4,0,1,2,12.3,14.395,75,12.998,2012,12,7,8,4,0,1,2,441
2,0,1,2,20.5,24.24,94,0.0,2011,5,19,6,3,0,2,2,103
1,0,1,2,8.2,11.365,92,7.0015,2012,1,9,22,0,0,0,2,62
4,0,1,1,9.84,14.395,75,0.0,2011,12,2,1,4,0,0,2,15
1,0,1,2,13.12,17.425,81,0.0,2012,2,16,22,3,0,1,2,111
4,0,1,1,13.94,16.665,53,12.998,2012,11,16,10,4,0,1,1,198
1,0,1,1,8.2,9.85,44,16.9979,2012,3,6,1,1,0,0,1,6
3,0,1,1,34.44,37.12,36,12.998,2012,7,2,15,0,0,3,0,234
3,0,1,1,30.34,34.85,70,19.0012,2012,9,4,22,1,0,3,1,179
2,0,1,1,27.06,31.06,50,12.998,2012,6,15,11,4,0,2,1,286
2,0,1,2,23.78,27.275,68,22.0028,2012,5,14,3,0,0,2,1,2
3,0,1,1,26.24,29.545,78,8.9981,2011,8,5,6,4,0,2,2,101
2,0,0,1,28.7,32.575,58,0.0,2012,6,10,9,6,1,2,1,266
3,0,1,1,28.7,32.575,65,15.0013,2011,8,5,22,4,0,2,1,188
3,0,1,1,32.8,36.365,43,16.9979,2012,7,2,10,0,0,3,1,174
2,0,1,1,13.94,15.15,49,22.0028,2011,4,1,19,4,0,1,1,136
4,0,0,1,14.76,18.18,81,7.0015,2011,11,6,20,6,1,1,2,116
2,0,1,3,17.22,21.21,77,0.0,2012,4,19,0,3,0,1,2,25
4,0,1,2,18.86,22.725,88,6.0032,2012,10,10,5,2,0,1,2,40
4,0,0,2,16.4,20.455,62,22.0028,2012,11,18,16,6,1,1,1,372
2,0,0,1,33.62,34.85,24,12.998,2012,6,9,16,5,1,3,0,534
4,0,1,1,20.5,24.24,77,7.0015,2011,10,5,23,2,0,2,2,73
4,0,1,1,21.32,25.0,59,7.0015,2011,10,6,19,3,0,2,1,343
3,0,1,2,27.88,31.82,89,12.998,2012,8,14,5,1,0,2,2,36
3,0,1,2,20.5,24.24,77,8.9981,2011,9,19,3,0,0,2,2,5
2,0,0,1,22.96,26.515,43,8.9981,2011,5,7,20,5,1,2,1,219
3,0,0,1,27.06,29.545,89,16.9979,2012,9,8,0,5,1,2,2,150
4,0,1,2,12.3,13.635,56,19.9995,2012,11,7,19,2,0,1,1,319
1,0,1,2,14.76,17.425,34,12.998,2012,1,5,17,3,0,1,0,412
1,0,1,1,6.56,9.09,86,7.0015,2012,2,6,7,0,0,0,2,234
3,0,0,1,25.42,29.545,73,11.0014,2011,9,3,3,5,1,2,2,35
4,0,1,2,24.6,25.0,100,0.0,2012,10,3,4,2,0,2,2,11
3,0,1,2,27.06,31.06,65,15.0013,2011,9,14,21,2,0,2,1,213
2,0,1,1,20.5,24.24,94,0.0,2011,5,19,1,3,0,2,2,6
4,0,1,1,18.04,21.97,88,0.0,2011,10,7,0,4,0,1,2,67
1,0,1,2,13.94,15.15,76,19.9995,2011,3,9,17,2,0,1,2,194
1,0,1,1,4.1,6.82,54,6.0032,2011,2,11,1,4,0,0,1,7
1,0,1,1,9.84,11.365,44,12.998,2012,3,5,0,0,0,0,1,17
4,0,1,1,16.4,20.455,87,0.0,2011,10,7,3,4,0,1,2,10
1,0,1,1,13.94,16.665,53,11.0014,2012,2,15,21,2,0,1,1,178
1,0,1,1,12.3,15.15,56,11.0014,2011,3,11,20,4,0,1,1,76
1,0,1,1,10.66,15.15,56,0.0,2011,3,1,21,1,0,1,1,63
4,0,1,2,10.66,15.15,87,0.0,2011,12,14,8,2,0,1,2,467
1,0,1,1,8.2,9.85,40,16.9979,2011,3,3,19,3,0,0,0,106
1,0,0,1,6.56,6.82,40,22.0028,2011,1,9,18,6,1,0,0,48
1,0,1,1,8.2,12.88,47,0.0,2011,1,5,23,2,0,0,1,19
4,0,1,1,20.5,24.24,48,16.9979,2011,11,1,14,1,0,2,1,150
2,0,1,2,22.96,26.515,43,8.9981,2011,5,10,11,1,0,2,1,125
1,0,1,1,5.74,7.575,50,8.9981,2012,2,13,10,0,0,0,1,71
4,0,0,1,18.86,22.725,59,19.0012,2011,10,15,8,5,1,1,1,125
4,0,0,1,26.24,30.305,65,16.9979,2012,10,6,11,5,1,2,1,647
3,0,1,1,21.32,25.0,68,19.0012,2012,9,10,4,0,0,2,1,5
2,0,0,3,21.32,25.0,100,6.0032,2011,5,14,13,5,1,2,2,248
3,0,1,2,28.7,32.575,51,15.0013,2012,7,12,23,3,0,2,1,211
4,0,1,1,18.04,21.97,67,12.998,2012,10,16,1,1,0,1,1,13
4,0,0,1,9.84,10.605,60,22.0028,2011,11,19,6,5,1,0,1,12
4,0,1,1,15.58,19.695,94,6.0032,2011,11,10,3,3,0,1,2,11
2,0,1,1,21.32,25.0,48,27.9993,2012,5,10,12,3,0,2,1,272
3,0,1,2,26.24,28.79,89,8.9981,2011,7,7,6,3,0,2,2,118
4,0,1,1,25.42,31.06,50,0.0,2011,10,7,14,4,0,2,1,256
2,0,1,2,27.88,31.82,61,8.9981,2011,6,7,8,1,0,2,1,477
1,0,1,1,18.86,22.725,31,26.0027,2011,2,16,16,2,0,1,0,122
2,0,0,2,30.34,34.09,55,7.0015,2011,6,19,15,6,1,3,1,362
2,0,0,1,28.7,33.335,79,8.9981,2011,6,11,0,5,1,2,2,117
1,0,0,1,10.66,12.88,65,11.0014,2011,3,12,8,5,1,1,1,53
4,0,1,1,13.94,17.425,66,7.0015,2012,11,19,23,0,0,1,1,74
3,0,1,1,36.9,38.635,25,8.9981,2012,7,3,13,1,0,3,0,283
1,0,1,1,24.6,31.06,43,26.0027,2012,3,8,21,3,0,2,1,233
3,0,1,3,29.52,34.09,66,32.9975,2011,8,3,6,2,0,2,1,110
1,0,1,1,24.6,30.305,60,26.0027,2012,3,13,13,1,0,2,1,233
4,0,1,3,18.86,22.725,100,15.0013,2011,12,7,2,2,0,1,2,6
4,0,0,1,12.3,16.665,65,0.0,2012,11,4,2,6,1,1,1,37
1,0,1,2,4.1,5.305,46,12.998,2012,1,4,12,2,0,0,1,84
3,0,1,1,26.24,30.305,69,0.0,2011,9,12,9,0,0,2,1,176
1,0,1,1,13.94,14.395,29,31.0009,2011,3,2,21,2,0,1,0,71
3,0,0,1,25.42,30.305,61,0.0,2011,7,2,4,5,1,2,1,11
1,0,1,2,14.76,18.18,50,7.0015,2012,2,14,21,1,0,1,1,109
3,0,0,1,33.62,37.88,46,16.9979,2012,8,5,16,6,1,3,1,421
4,0,0,1,15.58,19.695,46,15.0013,2012,11,4,12,6,1,1,1,504
1,0,1,1,7.38,6.82,43,30.0026,2011,2,3,11,3,0,0,1,64
2,0,1,1,22.96,26.515,56,11.0014,2012,6,8,0,4,0,2,1,77
3,0,1,1,34.44,39.395,49,19.0012,2012,7,19,12,3,0,3,1,274
1,0,1,2,18.86,22.725,82,19.0012,2012,3,13,7,1,0,1,2,308
3,0,0,1,21.32,25.0,77,12.998,2012,9,9,5,6,1,2,2,55
4,0,1,1,14.76,16.665,43,23.9994,2011,12,13,12,1,0,1,1,167
3,0,1,2,32.8,37.88,55,0.0,2012,7,17,8,1,0,3,1,661
4,0,1,1,9.84,10.605,52,19.0012,2012,12,6,2,3,0,0,1,9
4,0,0,1,8.2,10.605,75,8.9981,2011,12,18,0,6,1,0,2,71
2,0,1,1,28.7,31.82,34,16.9979,2011,6,2,7,3,0,2,0,304
4,0,0,2,18.04,21.97,72,6.0032,2012,10,7,13,6,1,1,2,320
2,0,1,2,21.32,25.0,72,19.0012,2012,5,8,5,1,0,2,2,20
1,0,0,1,20.5,24.24,31,26.0027,2011,3,19,16,5,1,2,0,304
1,0,1,2,12.3,16.665,70,0.0,2012,2,16,1,3,0,1,1,5
1,0,0,2,9.02,9.85,100,27.9993,2011,3,6,23,6,1,0,2,9
3,0,1,2,21.32,25.0,63,16.9979,2012,9,19,3,2,0,2,1,5
1,0,0,1,10.66,13.635,70,7.0015,2012,2,4,0,5,1,1,1,86
4,0,1,1,9.02,12.88,87,6.0032,2011,12,2,7,4,0,0,2,205
1,0,0,2,18.04,21.97,67,16.9979,2011,3,5,12,5,1,1,1,167
4,0,1,2,13.94,15.15,42,19.9995,2011,12,16,11,4,0,1,1,144
4,0,0,1,17.22,21.21,50,16.9979,2011,11,12,19,5,1,1,1,171
2,0,1,3,28.7,32.575,65,15.0013,2011,6,10,0,4,0,2,1,69
4,0,1,3,15.58,19.695,76,7.0015,2012,12,7,20,4,0,1,2,241
4,0,1,2,18.86,22.725,94,12.998,2011,12,6,7,1,0,1,2,234
4,0,1,1,21.32,25.0,77,7.0015,2011,10,17,20,0,0,2,2,229
4,0,0,1,12.3,16.665,26,0.0,2011,12,11,16,6,1,1,0,206
3,0,0,3,29.52,34.85,79,19.0012,2011,8,6,20,5,1,2,2,137
3,0,1,2,26.24,30.305,65,27.9993,2011,9,15,14,3,0,2,1,170
4,0,1,1,10.66,11.365,56,19.9995,2012,11,13,23,1,0,1,1,84
2,0,0,2,20.5,24.24,77,12.998,2012,6,2,6,5,1,2,2,36
2,0,1,1,20.5,24.24,31,12.998,2012,4,5,16,3,0,2,0,402
3,0,1,1,31.16,35.605,58,23.9994,2011,7,7,20,3,0,3,1,285
1,0,0,2,18.86,22.725,63,19.9995,2011,3,5,15,5,1,1,1,205
4,1,0,2,16.4,20.455,76,15.0013,2012,10,8,21,0,0,1,2,151
2,0,1,1,18.86,22.725,72,15.0013,2011,5,6,22,4,0,1,2,151
3,0,0,1,26.24,31.06,41,11.0014,2012,9,16,13,6,1,2,1,694
4,0,1,1,19.68,23.485,63,12.998,2011,10,6,1,3,0,1,1,22
4,0,1,2,12.3,16.665,61,0.0,2011,12,14,9,2,0,1,1,239
3,0,0,2,23.78,27.275,88,6.0032,2012,9,8,20,5,1,2,2,194
3,0,1,1,29.52,34.09,62,19.9995,2011,8,8,7,0,0,2,1,267
3,0,0,3,32.8,37.12,49,56.9969,2011,7,3,17,6,1,3,1,358
4,0,1,1,18.86,22.725,59,0.0,2011,11,8,19,1,0,1,1,278
2,0,0,1,34.44,36.365,28,8.9981,2012,6,10,13,6,1,3,0,492
2,0,0,1,12.3,15.91,61,7.0015,2011,4,3,1,6,1,1,1,34
3,0,1,1,29.52,34.85,74,8.9981,2012,7,10,8,1,0,2,2,649
4,0,1,1,16.4,20.455,47,11.0014,2012,12,14,15,4,0,1,1,309
4,0,1,1,6.56,9.09,80,7.0015,2011,12,12,6,0,0,0,2,64
2,0,0,2,19.68,23.485,55,15.0013,2012,4,1,14,6,1,1,1,561
2,0,0,1,31.16,34.09,40,7.0015,2012,6,10,10,6,1,3,0,413
2,0,0,1,20.5,24.24,22,19.9995,2012,4,7,14,5,1,2,0,578
2,0,1,2,22.96,26.515,88,0.0,2012,5,2,9,2,0,2,2,315
3,0,1,1,31.98,34.85,43,7.0015,2011,8,17,11,2,0,3,1,128
3,0,1,3,32.8,36.365,46,19.9995,2011,8,18,17,3,0,3,1,409
4,0,0,1,19.68,23.485,36,16.9979,2011,11,13,21,6,1,1,0,95
2,0,1,1,28.7,31.82,37,23.9994,2011,6,13,18,0,0,2,0,586
1,0,0,1,18.04,21.97,30,8.9981,2012,3,3,20,5,1,1,0,149
4,1,0,1,16.4,20.455,87,0.0,2012,11,12,7,0,0,1,2,264
3,0,1,2,29.52,33.335,51,0.0,2012,7,13,9,4,0,2,1,414
4,0,1,1,20.5,24.24,51,12.998,2011,11,3,12,3,0,2,1,179
3,0,0,1,25.42,31.06,41,26.0027,2012,9,15,10,5,1,2,1,442
4,0,1,1,10.66,14.395,60,6.0032,2012,12,13,22,3,0,1,1,148
3,0,1,2,30.34,34.85,70,8.9981,2012,8,7,20,1,0,3,1,448
2,0,0,1,24.6,31.06,38,16.9979,2011,5,7,15,5,1,2,0,378
3,0,0,2,23.78,27.275,73,11.0014,2012,9,8,23,5,1,2,2,133
1,0,0,1,6.56,6.06,40,30.0026,2012,2,12,13,6,1,0,0,138
4,0,1,1,10.66,11.365,56,22.0028,2012,11,13,22,1,0,1,1,135
4,0,1,1,14.76,16.665,57,19.9995,2011,12,9,12,4,0,1,1,173
3,0,1,1,36.9,42.425,42,23.9994,2011,7,12,15,1,0,3,1,148
1,0,1,1,10.66,12.88,93,11.0014,2011,2,8,4,1,0,1,2,3
2,0,1,3,13.94,15.91,87,15.0013,2011,4,8,15,4,0,1,2,25
2,0,0,1,20.5,24.24,20,12.998,2012,4,7,21,5,1,2,0,234
3,0,1,2,27.06,30.305,83,7.0015,2012,7,11,7,2,0,2,2,497
3,0,1,1,32.8,34.85,33,16.9979,2012,8,16,15,3,0,3,0,260
2,0,1,2,29.52,33.335,58,12.998,2012,6,11,21,0,0,2,1,250
2,0,1,1,29.52,32.575,42,6.0032,2012,5,16,14,2,0,2,1,263
1,0,1,1,13.12,15.15,49,16.9979,2012,2,2,23,3,0,1,1,61
2,0,1,2,22.96,26.515,88,8.9981,2012,5,15,2,1,0,2,2,4
3,0,0,2,28.7,33.335,84,16.9979,2011,8,7,1,6,1,2,2,73
4,0,0,2,16.4,20.455,87,15.0013,2012,12,8,12,5,1,1,2,486
3,0,1,2,24.6,30.305,60,15.0013,2011,9,19,15,0,0,2,1,187
4,0,1,1,22.96,26.515,40,6.0032,2011,10,17,12,0,0,2,0,205
1,0,1,1,18.86,22.725,55,19.0012,2012,2,2,16,3,0,1,1,229
3,0,1,2,27.06,30.305,78,12.998,2012,8,1,8,2,0,2,2,681
3,0,1,1,23.78,27.275,78,6.0032,2011,9,1,3,3,0,2,2,14
4,0,1,1,13.12,15.15,53,15.0013,2012,12,11,18,1,0,1,1,546
2,0,1,1,26.24,30.305,65,27.9993,2012,6,14,10,3,0,2,1,179
4,1,0,1,13.94,16.665,81,12.998,2012,10,8,2,0,0,1,2,15
1,0,0,2,6.56,6.82,47,19.0012,2012,1,15,2,6,1,0,1,43
3,0,0,1,31.16,34.85,52,11.0014,2011,7,9,10,5,1,3,1,264
1,0,1,1,4.92,7.575,54,7.0015,2012,1,19,8,3,0,0,1,423
2,0,1,1,22.96,26.515,52,8.9981,2012,6,7,23,3,0,2,1,177
4,0,1,1,12.3,15.91,93,6.0032,2011,12,5,6,0,0,1,2,90
2,0,0,3,17.22,21.21,41,15.0013,2011,4,3,20,6,1,1,1,79
3,0,1,1,33.62,37.12,43,19.9995,2011,8,8,14,0,0,3,1,150
2,0,1,2,24.6,28.03,83,8.9981,2012,5,9,8,2,0,2,2,622
3,0,1,2,34.44,12.12,32,30.0026,2012,8,17,16,4,0,3,0,488
1,0,1,1,18.04,21.97,62,32.9975,2012,1,17,15,1,0,1,1,129
1,0,1,1,12.3,16.665,24,0.0,2011,2,11,17,4,0,1,0,211
3,0,1,1,35.26,40.15,47,15.0013,2011,7,12,13,1,0,3,1,136
2,0,0,2,30.34,32.575,27,27.9993,2011,6,4,15,5,1,3,0,404
1,0,1,1,7.38,9.09,55,15.0013,2012,1,3,1,1,0,0,1,6
3,0,0,2,30.34,34.85,66,6.0032,2012,7,14,12,5,1,3,1,499
3,0,1,1,28.7,32.575,65,8.9981,2011,8,19,9,4,0,2,1,218
3,0,1,1,30.34,34.09,58,8.9981,2011,7,5,9,1,0,3,1,227
2,0,1,1,28.7,32.575,61,6.0032,2012,5,15,18,1,0,2,1,733
4,0,1,1,19.68,23.485,48,11.0014,2011,11,2,13,2,0,1,1,161
1,0,0,1,5.74,7.575,50,8.9981,2012,1,14,5,5,1,0,1,4
2,0,1,1,18.86,22.725,59,7.0015,2011,4,14,23,3,0,1,1,47
3,1,0,1,35.26,39.395,41,15.0013,2012,7,4,12,2,0,3,1,494
2,0,0,1,25.42,28.79,83,7.0015,2011,6,18,6,5,1,2,2,27
3,0,1,1,36.9,42.425,42,12.998,2012,7,18,10,2,0,3,1,138
3,0,1,1,30.34,34.09,55,16.9979,2011,8,5,19,4,0,3,1,372
4,0,0,2,14.76,18.18,93,7.0015,2012,12,8,5,5,1,1,2,6
4,0,1,1,6.56,9.09,86,8.9981,2011,12,19,4,0,0,0,2,4
3,0,1,1,27.06,30.305,83,6.0032,2012,8,2,2,3,0,2,2,11
3,0,0,1,20.5,24.24,68,0.0,2012,9,16,3,6,1,2,1,48
1,0,0,1,18.86,22.725,33,27.9993,2011,3,19,12,5,1,1,0,267
1,0,0,1,5.74,6.06,43,19.9995,2012,2,12,21,6,1,0,1,36
1,0,1,1,12.3,14.395,33,15.0013,2011,3,7,19,0,0,1,0,145
3,0,1,1,32.8,36.365,46,23.9994,2011,8,18,16,3,0,3,1,245
1,0,1,2,5.74,9.09,69,6.0032,2011,1,6,5,3,0,0,1,4
1,0,1,1,13.94,15.91,42,15.0013,2011,3,4,13,4,0,1,1,87
2,0,1,1,21.32,25.0,63,15.0013,2011,6,15,2,2,0,2,1,9
4,1,0,1,19.68,23.485,77,11.0014,2012,11,12,10,0,0,1,2,266
1,0,0,1,8.2,9.09,44,22.0028,2011,1,8,13,5,1,0,1,102
2,0,0,1,18.86,22.725,59,8.9981,2012,5,12,2,5,1,1,1,56
4,0,1,2,15.58,19.695,54,11.0014,2012,11,15,14,3,0,1,1,201
4,0,1,1,18.86,22.725,59,7.0015,2011,11,7,18,0,0,1,1,425
1,0,0,2,18.04,21.97,77,22.0028,2011,3,5,20,5,1,1,2,70
4,0,1,2,13.94,16.665,100,8.9981,2011,11,7,9,0,0,1,2,174
1,0,1,1,19.68,23.485,77,6.0032,2012,3,15,9,3,0,1,2,315
3,0,0,1,26.24,29.545,78,6.0032,2011,9,10,21,5,1,2,2,230
2,0,1,1,22.96,26.515,68,15.0013,2011,6,14,23,1,0,2,1,110
4,0,1,1,11.48,15.91,81,0.0,2011,12,9,23,4,0,1,2,94
3,0,0,1,30.34,34.85,66,6.0032,2011,7,10,9,6,1,3,1,169
1,0,1,1,13.12,16.665,33,7.0015,2012,2,9,19,3,0,1,0,295
2,0,1,2,25.42,29.545,73,16.9979,2012,5,14,14,0,0,2,2,171
1,0,1,2,12.3,16.665,87,0.0,2012,2,17,0,4,0,1,2,34
3,0,0,2,24.6,29.545,73,8.9981,2012,8,19,5,6,1,2,2,11
4,0,1,1,13.12,15.91,81,12.998,2011,11,1,5,1,0,1,2,18
1,0,1,2,10.66,11.365,44,27.9993,2012,1,19,22,3,0,1,1,90
4,0,1,1,17.22,21.21,58,6.0032,2011,11,1,19,1,0,1,1,313
2,0,1,1,27.06,31.06,74,7.0015,2012,6,11,2,0,0,2,2,17
2,0,1,1,23.78,27.275,60,15.0013,2011,6,14,22,1,0,2,1,188
1,0,0,1,14.76,17.425,62,8.9981,2011,3,13,5,6,1,1,1,3
3,1,0,2,28.7,33.335,84,8.9981,2012,9,3,9,0,0,2,2,229
1,0,1,1,9.84,12.12,38,11.0014,2011,1,14,15,4,0,0,0,68
2,0,1,1,16.4,20.455,82,0.0,2011,4,18,6,0,0,1,2,54
3,0,1,1,25.42,31.06,53,11.0014,2011,8,12,3,4,0,2,1,9
3,0,1,1,32.8,37.12,49,11.0014,2011,7,5,14,1,0,3,1,178
1,0,0,1,9.84,10.605,41,19.9995,2012,1,14,14,5,1,0,1,231
4,0,0,1,17.22,21.21,71,12.998,2012,11,11,23,6,1,1,2,109
4,0,0,1,13.94,17.425,87,7.0015,2011,12,4,22,6,1,1,2,64
4,0,0,1,13.94,16.665,53,12.998,2012,10,13,2,5,1,1,1,67
2,0,1,2,22.14,25.76,77,15.0013,2012,5,14,4,0,0,2,2,6
2,0,1,1,25.42,30.305,21,11.0014,2012,4,3,16,1,0,2,0,485
4,0,0,1,18.86,22.725,59,12.998,2011,10,15,2,5,1,1,1,56
4,0,0,1,13.94,17.425,76,6.0032,2012,11,11,1,6,1,1,2,108
3,0,1,1,33.62,12.12,41,15.0013,2012,8,17,12,4,0,3,1,365
4,0,0,1,16.4,20.455,37,7.0015,2011,11,5,13,5,1,1,0,355
4,0,0,2,16.4,20.455,94,0.0,2012,12,8,23,5,1,1,2,162
2,0,0,1,24.6,28.03,83,0.0,2012,5,5,0,5,1,2,2,153
3,0,0,1,30.34,34.85,70,19.9995,2012,8,5,2,6,1,3,1,73
2,0,1,3,22.14,25.76,94,16.9979,2011,5,17,4,1,0,2,2,4
4,0,1,1,13.94,15.15,49,22.0028,2011,12,19,13,0,0,1,1,142
2,0,1,3,22.96,26.515,84,0.0,2012,5,2,6,2,0,2,2,120
2,0,0,1,26.24,31.06,53,6.0032,2012,6,9,1,5,1,2,1,123
3,0,0,1,35.26,39.395,41,15.0013,2012,7,15,16,6,1,3,1,495
2,0,1,1,16.4,20.455,62,11.0014,2011,5,6,1,4,0,1,1,32
3,0,1,1,30.34,34.85,70,15.0013,2012,8,6,10,0,0,3,1,213
3,0,0,1,26.24,30.305,65,0.0,2012,8,19,1,6,1,2,1,131
4,0,1,1,12.3,15.15,52,11.0014,2012,11,14,19,2,0,1,1,396
1,1,0,1,4.1,6.82,54,7.0015,2012,1,16,7,0,0,0,1,33
1,0,1,2,7.38,8.335,47,19.9995,2011,2,9,18,2,0,0,1,170
2,0,1,2,13.12,15.15,49,19.9995,2012,4,11,9,2,0,1,1,302
1,0,0,1,9.84,11.365,70,12.998,2011,3,12,7,5,1,0,1,23
4,0,1,1,14.76,18.18,40,7.0015,2012,11,6,14,1,0,1,0,240
2,0,0,2,24.6,30.305,64,0.0,2012,5,6,13,6,1,2,1,565
4,0,1,1,21.32,25.0,34,11.0014,2012,10,11,15,3,0,2,0,460
4,0,1,1,14.76,17.425,71,8.9981,2011,11,2,22,2,0,1,2,106
1,0,0,3,6.56,9.09,93,7.0015,2011,1,8,8,5,1,0,2,15
1,0,1,2,4.92,6.06,50,19.0012,2011,1,10,8,0,0,0,1,188
3,0,1,1,28.7,32.575,61,0.0,2012,7,3,5,1,0,2,1,35
2,0,1,1,24.6,28.03,83,0.0,2012,5,3,23,3,0,2,2,121
1,0,1,2,10.66,13.635,65,7.0015,2012,2,14,4,1,0,1,1,2
4,0,1,1,17.22,21.21,41,6.0032,2011,12,2,15,4,0,1,1,199
3,0,1,1,28.7,33.335,79,7.0015,2011,7,13,21,2,0,2,2,250
2,0,1,1,13.94,15.91,66,15.0013,2011,5,5,2,3,0,1,1,5
2,0,0,1,27.06,30.305,78,15.0013,2011,6,12,0,6,1,2,2,119
1,0,1,1,17.22,21.21,67,16.9979,2011,3,18,8,4,0,1,1,280
3,0,0,1,24.6,31.06,53,7.0015,2012,9,16,20,6,1,2,1,324
3,0,1,1,33.62,39.395,56,16.9979,2011,7,18,13,0,0,3,1,152
1,1,0,1,5.74,10.605,46,0.0,2012,1,16,2,0,0,0,1,17
4,0,1,1,21.32,25.0,59,15.0013,2012,12,4,17,1,0,2,1,743
1,0,1,1,18.04,21.97,72,6.0032,2012,3,15,6,3,0,1,2,117
4,0,1,3,14.76,18.94,100,0.0,2012,12,17,4,0,0,1,2,5
2,0,1,1,18.86,22.725,67,23.9994,2012,5,10,8,3,0,1,1,630
4,0,1,2,22.96,26.515,83,8.9981,2011,10,12,0,2,0,2,2,25
1,0,1,2,12.3,14.395,52,15.0013,2012,2,14,12,1,0,1,1,172
4,0,1,2,24.6,30.305,60,12.998,2012,10,18,15,3,0,2,1,353
3,0,1,1,31.98,34.85,46,16.9979,2011,8,9,21,1,0,3,1,230
4,0,0,1,14.76,18.18,81,6.0032,2011,10,2,23,6,1,1,2,25
3,0,1,1,27.06,31.06,69,11.0014,2011,7,5,4,1,0,2,1,5
4,0,1,1,27.06,30.305,78,12.998,2011,10,13,15,3,0,2,2,155
4,0,0,1,22.96,26.515,40,26.0027,2011,10,15,11,5,1,2,0,374
4,0,0,1,12.3,14.395,75,16.9979,2012,11,18,8,6,1,1,2,119
3,0,1,2,26.24,30.305,73,23.9994,2011,9,15,9,3,0,2,2,209
1,0,1,1,19.68,23.485,88,11.0014,2012,3,1,5,3,0,1,2,18
2,0,1,2,14.76,16.665,46,26.0027,2012,4,11,12,2,0,1,1,182
4,0,1,1,18.86,22.725,63,19.9995,2011,11,14,1,0,0,1,1,11
4,0,0,1,17.22,21.21,32,19.9995,2011,11,19,14,5,1,1,0,349
1,0,1,1,13.94,17.425,34,6.0032,2011,3,1,17,1,0,1,0,242
1,1,0,3,7.38,9.09,59,12.998,2011,1,17,19,0,0,0,1,60
3,0,0,2,29.52,34.85,79,0.0,2012,9,2,10,6,1,2,2,388
2,0,1,1,24.6,28.03,83,0.0,2011,6,17,7,4,0,2,2,250
3,0,1,1,22.96,26.515,83,0.0,2011,9,12,5,0,0,2,2,24
3,0,1,1,33.62,34.85,23,12.998,2011,7,1,14,4,0,3,0,303
1,0,1,1,14.76,16.665,34,19.0012,2012,1,5,15,3,0,1,0,119
1,0,1,2,13.94,14.395,42,35.0008,2012,3,9,8,4,0,1,1,501
4,0,1,1,13.94,16.665,81,8.9981,2011,11,3,1,3,0,1,2,15
2,0,1,1,31.16,35.605,58,11.0014,2011,6,8,8,2,0,3,1,481
1,0,1,1,12.3,14.395,28,12.998,2011,2,11,16,4,0,1,0,125
3,0,1,1,34.44,38.635,41,0.0,2011,7,7,12,3,0,3,1,171
1,0,0,1,16.4,20.455,54,12.998,2012,3,11,22,6,1,1,1,94
3,0,1,1,20.5,24.24,72,8.9981,2012,9,10,6,0,0,2,2,180
3,0,0,1,22.14,25.76,68,7.0015,2012,9,16,23,6,1,2,1,94
1,0,1,1,13.12,17.425,45,0.0,2012,2,7,7,1,0,1,1,299
2,0,0,1,22.96,26.515,56,0.0,2012,6,16,1,5,1,2,1,95
1,0,1,3,5.74,7.575,80,8.9981,2011,2,10,2,3,0,0,2,3
4,0,1,2,10.66,13.635,70,8.9981,2012,12,7,2,4,0,1,1,11
2,0,1,1,26.24,29.545,78,6.0032,2011,6,17,21,4,0,2,2,208
1,0,1,1,9.02,10.605,35,19.9995,2011,1,3,12,0,0,0,0,61
3,0,1,1,29.52,32.575,37,8.9981,2011,8,11,20,3,0,2,0,288
3,0,1,1,30.34,33.335,51,7.0015,2012,7,2,23,0,0,3,1,102
2,0,1,2,22.14,25.76,64,6.0032,2011,4,19,12,1,0,2,1,103
4,0,1,1,21.32,25.0,59,22.0028,2012,10,15,21,0,0,2,1,206
1,0,1,3,14.76,17.425,87,12.998,2012,3,2,19,4,0,1,2,174
2,0,0,2,17.22,21.21,88,8.9981,2011,4,10,12,6,1,1,2,230
1,0,0,1,9.84,12.88,87,7.0015,2012,2,4,10,5,1,0,2,224
4,0,1,1,16.4,20.455,87,6.0032,2012,12,18,9,1,0,1,2,326
2,0,1,2,20.5,24.24,42,15.0013,2012,4,18,3,2,0,2,1,6
1,0,1,2,18.04,21.97,72,15.0013,2011,2,18,10,4,0,1,2,95
4,0,0,1,13.12,16.665,57,6.0032,2011,12,3,11,5,1,1,1,275
2,0,0,1,22.14,25.76,64,6.0032,2012,6,17,4,6,1,2,1,18
3,0,1,1,31.98,34.85,46,8.9981,2012,7,6,7,4,0,3,1,353
1,0,1,1,13.12,15.15,31,15.0013,2011,3,7,18,0,0,1,0,233
3,0,1,1,26.24,28.79,89,7.0015,2011,7,7,5,3,0,2,2,32
3,0,1,1,36.08,39.395,35,16.9979,2012,7,17,19,1,0,3,0,547
2,0,1,1,20.5,24.24,42,7.0015,2012,5,10,22,3,0,2,1,232
3,0,1,3,26.24,28.79,89,0.0,2011,8,19,1,4,0,2,2,20
2,0,1,2,15.58,19.695,43,22.0028,2012,4,11,11,2,0,1,1,180
3,1,0,2,31.16,35.605,62,19.9995,2012,9,3,12,0,0,3,1,543
1,0,1,1,5.74,8.335,59,7.0015,2011,1,11,0,1,0,0,1,12
4,0,1,1,17.22,21.21,67,7.0015,2012,10,16,3,1,0,1,1,2
2,0,1,1,13.94,15.15,46,22.0028,2011,4,1,18,4,0,1,1,241
3,0,1,1,29.52,33.335,71,19.9995,2011,8,4,10,3,0,2,2,113
4,0,1,1,14.76,16.665,53,19.0012,2011,11,10,22,3,0,1,1,89
2,0,0,2,31.16,34.09,48,0.0,2011,6,19,16,6,1,3,1,378
3,0,0,1,26.24,28.79,83,11.0014,2011,9,4,4,6,1,2,2,4
1,0,0,1,9.02,11.365,47,11.0014,2011,1,2,23,6,1,0,1,8
3,0,0,1,30.34,34.85,70,19.0012,2012,8,5,0,6,1,3,1,153
2,0,1,1,29.52,32.575,42,0.0,2012,5,16,13,2,0,2,1,350
3,0,0,1,26.24,30.305,69,7.0015,2011,9,11,19,6,1,2,1,333
3,0,1,2,27.06,31.06,74,7.0015,2011,9,2,11,4,0,2,2,192
4,0,1,1,10.66,13.635,75,8.9981,2012,12,19,3,2,0,1,2,5
2,0,0,1,18.04,21.97,94,16.9979,2011,4,10,22,6,1,1,2,57
1,0,1,1,10.66,11.365,65,26.0027,2012,3,7,7,2,0,1,1,344
4,0,1,2,11.48,14.395,61,8.9981,2012,12,12,9,2,0,1,1,285
3,0,1,1,26.24,30.305,69,15.0013,2011,8,15,23,0,0,2,1,88
2,0,0,1,22.96,26.515,52,15.0013,2011,5,8,9,6,1,2,1,160
4,0,1,1,13.94,15.15,42,19.9995,2012,11,8,22,3,0,1,1,161
4,0,1,1,18.86,22.725,82,8.9981,2011,12,16,3,4,0,1,2,5
2,0,1,2,21.32,25.0,55,8.9981,2011,5,11,0,2,0,2,1,38
4,0,1,2,10.66,14.395,60,6.0032,2011,12,12,11,0,0,1,1,115
4,0,1,2,18.86,22.725,100,8.9981,2011,11,16,14,2,0,1,2,61
2,0,1,1,26.24,30.305,65,12.998,2012,5,3,14,3,0,2,1,204
2,0,1,1,19.68,23.485,88,22.0028,2011,4,11,0,0,0,1,2,23
1,0,0,1,13.94,15.91,31,19.0012,2011,2,12,14,5,1,1,0,120
4,1,0,3,16.4,20.455,71,15.0013,2012,10,8,20,0,0,1,2,227
3,0,1,1,29.52,33.335,58,7.0015,2012,7,12,9,3,0,2,1,327
1,0,1,1,9.02,12.88,25,6.0032,2011,3,3,13,3,0,0,0,80
3,0,1,1,32.8,35.605,41,11.0014,2012,7,6,8,4,0,3,1,585
3,0,0,1,36.08,37.12,22,15.0013,2011,7,2,16,5,1,3,0,398
3,0,1,1,32.8,37.12,49,16.9979,2011,8,5,16,4,0,3,1,330
3,0,1,1,28.7,33.335,79,6.0032,2011,7,12,1,1,0,2,2,14
1,0,1,2,12.3,16.665,56,0.0,2012,2,9,22,3,0,1,1,107
3,0,1,1,32.8,39.395,63,7.0015,2012,7,6,23,4,0,3,1,164
1,0,1,1,24.6,31.06,49,11.0014,2012,3,13,20,1,0,2,1,351
2,0,0,1,29.52,34.09,62,8.9981,2011,6,19,19,6,1,2,1,311
1,0,0,1,14.76,17.425,43,12.998,2012,2,18,12,5,1,1,1,369
2,0,1,1,13.94,15.91,39,19.0012,2012,4,11,1,2,0,1,0,12
2,0,1,1,24.6,31.06,38,27.9993,2012,4,17,10,1,0,2,0,217
2,0,0,1,18.86,22.725,23,26.0027,2012,4,7,12,5,1,1,0,590
1,0,1,1,22.96,26.515,46,11.0014,2012,2,1,18,2,0,2,1,526
1,0,0,1,9.02,13.635,80,0.0,2011,1,1,2,5,1,0,2,32
1,0,1,2,11.48,12.88,65,19.0012,2012,2,8,12,2,0,1,1,138
2,0,1,2,29.52,34.85,79,8.9981,2011,6,9,7,3,0,2,2,314
3,0,1,1,24.6,28.79,78,6.0032,2011,9,12,8,0,0,2,2,408
2,0,1,1,21.32,25.0,88,15.0013,2011,5,3,4,1,0,2,2,4
3,0,0,1,31.16,35.605,62,30.0026,2012,9,8,11,5,1,3,1,578
3,0,0,1,28.7,33.335,79,22.0028,2012,9,8,8,5,1,2,2,230
1,0,1,1,4.92,8.335,54,6.0032,2012,2,13,4,0,0,0,1,2
1,0,0,1,13.12,15.15,49,16.9979,2011,2,6,11,6,1,1,1,117
3,0,1,2,25.42,29.545,78,11.0014,2012,9,14,9,4,0,2,2,347
3,0,0,2,27.88,31.82,34,19.0012,2012,9,15,15,5,1,2,0,654
2,0,1,3,29.52,34.09,66,19.0012,2012,6,1,14,4,0,2,1,254
2,0,1,1,15.58,19.695,46,11.0014,2012,4,13,8,4,0,1,1,563
3,0,1,1,36.9,38.635,25,19.0012,2011,8,2,15,1,0,3,0,168
4,0,0,1,16.4,20.455,82,11.0014,2012,10,14,6,6,1,1,2,24
1,0,1,1,8.2,9.09,32,22.0028,2011,2,15,6,1,0,0,0,30
3,0,0,1,30.34,34.85,70,12.998,2011,8,14,14,6,1,3,1,370
2,0,1,1,27.06,29.545,89,8.9981,2011,6,8,0,2,0,2,2,41
1,0,1,1,9.02,10.605,51,15.0013,2012,2,9,10,3,0,0,1,97
2,0,0,1,18.04,21.97,24,15.0013,2012,4,8,1,6,1,1,0,64
2,0,1,1,13.94,15.15,66,26.0027,2012,4,2,7,0,0,1,1,306
2,0,1,1,27.88,31.82,69,16.9979,2011,6,17,11,4,0,2,1,181
2,0,0,1,24.6,27.275,88,6.0032,2011,6,18,3,5,1,2,2,20
3,0,1,1,26.24,30.305,69,7.0015,2012,8,13,2,0,0,2,1,9
2,0,1,1,25.42,31.06,41,6.0032,2012,6,6,13,2,0,2,1,303
3,0,0,1,29.52,34.85,74,6.0032,2012,7,1,2,6,1,2,2,90
1,0,0,1,20.5,24.24,27,19.9995,2012,3,3,16,5,1,2,0,467
2,0,0,1,22.14,25.76,24,16.9979,2012,4,8,12,6,1,2,0,457
4,0,1,1,14.76,18.18,76,6.0032,2012,10,12,3,4,0,1,2,6
1,0,0,1,17.22,21.21,44,31.0009,2011,3,19,9,5,1,1,1,76
2,0,1,3,21.32,25.0,94,16.9979,2011,5,17,5,1,0,2,2,22
2,0,1,1,29.52,32.575,37,16.9979,2012,6,7,14,3,0,2,0,265
2,0,1,2,22.14,25.76,56,15.0013,2012,6,5,12,1,0,2,1,247
2,0,1,1,30.34,33.335,45,12.998,2012,5,1,16,1,0,3,1,354
4,0,1,1,13.94,16.665,61,11.0014,2012,11,1,6,3,0,1,1,148
4,0,1,1,12.3,15.91,87,7.0015,2011,12,5,4,0,0,1,2,7
4,0,1,1,17.22,21.21,62,8.9981,2012,10,11,21,3,0,1,1,260
2,0,1,1,27.88,31.82,83,12.998,2012,6,12,18,1,0,2,2,653
4,0,1,3,13.94,14.395,87,43.0006,2011,12,7,20,2,0,1,2,26
2,0,1,1,26.24,30.305,73,6.0032,2012,6,19,9,1,0,2,2,328
4,0,1,3,22.96,26.515,94,11.0014,2011,10,19,17,2,0,2,2,181
3,0,1,1,30.34,34.09,58,16.9979,2011,8,17,20,2,0,3,1,280
4,0,1,1,15.58,19.695,43,15.0013,2012,11,16,11,4,0,1,1,218
4,0,0,1,10.66,13.635,52,8.9981,2011,12,18,19,6,1,1,1,135
3,0,1,1,27.06,31.06,65,0.0,2011,9,12,20,0,0,2,1,299
1,0,1,1,22.96,26.515,60,8.9981,2012,3,15,11,3,0,2,1,211
4,1,0,3,17.22,21.21,58,12.998,2012,10,8,16,0,0,1,1,377
2,0,1,3,27.06,31.06,69,12.998,2011,6,16,16,3,0,2,1,294
1,0,1,1,11.48,13.635,56,11.0014,2012,3,6,22,1,0,1,1,106
2,0,0,2,14.76,17.425,81,15.0013,2011,4,16,0,5,1,1,2,43
4,0,1,3,13.12,14.395,81,31.0009,2012,11,13,6,1,0,1,2,50
3,0,1,1,25.42,29.545,73,7.0015,2012,7,12,5,3,0,2,2,44
2,0,0,1,24.6,31.06,53,19.9995,2012,6,2,10,5,1,2,1,493
4,1,0,3,17.22,21.21,58,12.998,2012,10,8,15,0,0,1,1,370
1,0,0,1,13.12,15.15,66,15.0013,2011,3,12,10,5,1,1,1,99
2,0,1,1,20.5,24.24,77,19.9995,2012,5,8,6,1,0,2,2,165
4,0,0,2,14.76,15.91,46,30.0026,2012,11,3,15,5,1,1,1,448
4,0,1,2,13.12,15.91,61,11.0014,2012,11,15,23,3,0,1,1,125
2,0,0,1,31.16,34.09,45,6.0032,2012,6,10,11,6,1,3,1,499
2,0,1,1,22.96,26.515,64,19.9995,2011,6,13,4,0,0,2,1,4
4,0,1,1,29.52,32.575,39,16.9979,2012,10,5,15,4,0,2,0,470
3,0,1,3,25.42,27.275,94,11.0014,2011,9,7,22,2,0,2,2,29
2,0,1,2,22.96,26.515,68,22.0028,2011,5,3,23,1,0,2,1,62
1,0,1,1,8.2,7.575,47,39.0007,2011,1,12,12,2,0,0,1,55
3,0,0,2,26.24,29.545,78,6.0032,2012,7,14,6,5,1,2,2,35
2,0,1,2,17.22,21.21,77,0.0,2012,4,18,23,2,0,1,2,70
4,0,1,1,18.86,22.725,88,16.9979,2012,12,10,23,0,0,1,2,84
1,0,0,1,6.56,6.82,43,22.0028,2011,1,9,19,6,1,0,1,41
1,0,0,1,17.22,21.21,14,19.9995,2011,2,19,3,5,1,1,0,7
4,0,1,1,21.32,25.0,68,11.0014,2012,12,3,12,0,0,2,1,268
1,0,1,1,26.24,31.06,33,11.0014,2012,3,14,19,2,0,2,0,472
3,0,1,2,29.52,34.09,62,8.9981,2012,7,9,11,0,0,2,1,216
1,0,1,1,25.42,31.06,35,7.0015,2012,3,14,20,2,0,2,0,330
4,0,1,1,18.86,22.725,82,6.0032,2011,10,18,6,1,0,1,2,109
3,0,1,1,30.34,34.09,62,6.0032,2012,7,3,8,1,0,3,1,646
1,1,0,1,10.66,12.12,33,16.9979,2012,1,2,18,0,0,1,0,126
4,0,0,1,23.78,27.275,56,0.0,2011,10,8,11,5,1,2,1,397
1,0,0,2,18.04,21.97,88,8.9981,2012,3,18,3,6,1,1,2,18
4,0,0,1,10.66,13.635,70,7.0015,2011,12,3,9,5,1,1,1,124
3,0,0,1,33.62,39.395,56,16.9979,2011,7,3,14,6,1,3,1,375
4,0,1,1,22.14,25.76,68,7.0015,2011,10,17,19,0,0,2,1,333
3,0,0,1,27.06,31.06,47,0.0,2012,9,9,12,6,1,2,1,757
2,0,0,1,25.42,30.305,17,23.9994,2012,4,8,15,6,1,2,0,486
4,0,1,1,11.48,15.91,81,0.0,2011,12,2,9,4,0,1,2,246
2,0,1,1,30.34,32.575,30,0.0,2012,6,7,15,3,0,3,0,333
1,0,1,3,9.02,12.88,87,6.0032,2012,1,9,16,0,0,0,2,49
2,0,0,2,27.06,30.305,78,0.0,2011,6,19,5,6,1,2,2,19
3,0,1,2,28.7,33.335,74,12.998,2012,7,16,1,0,0,2,2,11
1,0,1,3,6.56,9.85,86,6.0032,2011,1,11,21,1,0,0,2,20
4,0,0,2,13.94,15.91,87,16.9979,2011,10,2,4,6,1,1,2,7
4,0,0,2,15.58,19.695,94,7.0015,2012,12,8,22,5,1,1,2,160
3,0,1,1,29.52,33.335,51,12.998,2011,7,15,16,4,0,2,1,361
1,0,1,1,29.52,31.82,25,12.998,2012,3,14,16,2,0,2,0,356
2,0,1,1,25.42,31.06,41,12.998,2012,5,17,13,3,0,2,1,327
2,0,0,1,15.58,19.695,66,8.9981,2012,4,14,2,5,1,1,1,56
1,0,1,1,9.84,12.12,70,11.0014,2012,1,6,9,4,0,0,1,241
1,0,0,2,19.68,23.485,59,19.9995,2011,3,5,16,5,1,1,1,204
2,0,1,1,22.14,25.76,37,23.9994,2012,5,10,19,3,0,2,0,553
3,0,1,1,27.88,31.82,79,7.0015,2012,8,2,1,3,0,2,2,42
4,0,1,1,15.58,19.695,50,12.998,2011,12,9,13,4,0,1,1,168
1,0,0,2,4.1,3.03,58,39.0007,2012,2,12,2,6,1,0,1,27
2,0,1,1,27.06,31.06,74,11.0014,2012,6,11,1,0,0,2,2,24
1,0,1,1,20.5,24.24,72,11.0014,2012,3,19,9,0,0,2,2,331
3,0,1,1,30.34,33.335,51,12.998,2011,9,1,16,3,0,3,1,308
4,0,1,1,18.86,22.725,44,32.9975,2012,12,18,15,1,0,1,1,246
3,0,1,1,33.62,35.605,28,0.0,2011,8,12,16,4,0,3,0,334
1,0,1,1,12.3,13.635,56,23.9994,2012,3,7,3,2,0,1,1,3
1,0,1,1,18.04,21.97,67,8.9981,2012,1,12,21,3,0,1,1,174
2,0,1,1,29.52,34.85,74,11.0014,2011,6,10,23,4,0,2,2,146
1,0,1,1,6.56,8.335,55,11.0014,2012,1,19,11,3,0,0,1,99
4,0,1,1,18.86,22.725,63,8.9981,2011,11,3,18,3,0,1,1,433
3,0,1,2,28.7,33.335,84,6.0032,2012,9,6,6,3,0,2,2,200
3,0,1,2,22.96,26.515,68,7.0015,2011,9,19,19,0,0,2,1,374
1,0,1,1,27.06,31.06,50,15.0013,2012,3,19,16,0,0,2,1,385
1,0,1,2,8.2,12.88,37,0.0,2011,1,7,17,4,0,0,0,187
2,0,0,1,25.42,31.06,43,15.0013,2012,6,3,10,6,1,2,1,404
2,0,1,1,23.78,27.275,88,0.0,2011,6,6,3,0,0,2,2,5
2,0,0,1,26.24,31.06,38,7.0015,2011,6,4,10,5,1,2,0,317
3,0,0,1,26.24,28.79,89,12.998,2011,9,4,3,6,1,2,2,43
1,0,0,1,10.66,13.635,93,8.9981,2012,1,1,6,6,1,1,2,2
2,0,0,2,18.86,22.725,84,7.0015,2011,5,1,19,6,1,1,2,178
3,0,1,1,29.52,33.335,54,0.0,2012,7,13,21,4,0,2,1,299
3,0,1,1,30.34,34.85,70,12.998,2012,8,2,22,3,0,3,1,262
1,0,1,2,5.74,8.335,63,7.0015,2011,1,6,6,3,0,0,1,36
4,0,0,1,19.68,23.485,55,16.9979,2012,10,6,20,5,1,1,1,247
1,0,1,1,11.48,15.91,75,0.0,2012,2,15,3,2,0,1,2,3
1,0,0,1,20.5,24.24,31,19.0012,2012,3,11,19,6,1,2,0,258
4,0,1,2,14.76,17.425,57,12.998,2012,11,15,16,3,0,1,1,342
1,0,0,2,9.84,12.12,70,11.0014,2011,2,5,0,5,1,0,1,39
4,0,0,1,13.94,16.665,61,11.0014,2011,11,13,5,6,1,1,1,5
1,0,1,1,18.86,22.725,33,40.9973,2011,2,14,17,0,0,1,0,243
4,0,1,1,22.96,26.515,46,6.0032,2011,10,17,13,0,0,2,1,205
4,0,0,1,22.96,26.515,83,16.9979,2012,10,6,1,5,1,2,2,141
2,0,1,1,27.06,31.06,39,19.9995,2012,6,4,15,0,0,2,0,292
2,0,0,1,25.42,31.06,57,16.9979,2012,4,15,21,6,1,2,1,229
3,0,1,1,32.8,36.365,43,12.998,2011,8,1,8,0,0,3,1,382
3,0,1,1,28.7,33.335,74,8.9981,2012,7,10,1,1,0,2,2,15
1,0,1,2,8.2,10.605,51,8.9981,2011,2,4,10,4,0,0,1,51
4,0,1,1,23.78,27.275,78,15.0013,2012,10,5,23,4,0,2,2,171
1,0,1,1,2.46,5.305,49,7.0015,2011,2,9,7,2,0,0,1,99
4,0,1,2,18.86,22.725,67,0.0,2012,10,17,10,2,0,1,1,228
2,0,0,1,14.76,18.18,66,7.0015,2012,4,14,5,5,1,1,1,7
2,0,1,1,14.76,16.665,57,23.9994,2012,4,12,9,3,0,1,1,287
4,0,1,2,6.56,9.09,80,7.0015,2011,12,12,8,0,0,0,2,385
4,0,0,1,10.66,15.15,81,0.0,2012,12,15,2,5,1,1,2,69
2,0,0,1,16.4,20.455,62,12.998,2011,4,17,2,6,1,1,1,29
4,0,1,1,13.12,15.15,65,12.998,2012,12,14,11,4,0,1,1,211
2,0,0,1,29.52,32.575,37,15.0013,2012,6,16,14,5,1,2,0,573
3,1,0,1,26.24,29.545,78,0.0,2011,7,4,3,0,0,2,2,26
3,0,0,2,27.88,31.82,89,8.9981,2012,7,15,1,6,1,2,2,168
2,0,1,2,21.32,25.0,55,0.0,2011,4,19,7,1,0,2,1,188
4,0,1,1,24.6,31.06,40,11.0014,2012,10,10,14,2,0,2,0,271
1,0,1,1,6.56,6.06,47,31.0009,2012,1,3,10,1,0,0,1,60
3,0,1,2,30.34,34.09,55,6.0032,2012,7,9,21,0,0,3,1,331
2,0,1,1,13.94,15.15,42,22.0028,2012,4,6,9,4,0,1,1,376
3,0,1,1,24.6,31.06,56,15.0013,2011,7,14,5,3,0,2,1,28
3,0,0,1,28.7,33.335,79,6.0032,2012,7,1,6,6,1,2,2,27
2,0,0,1,23.78,27.275,83,6.0032,2012,5,5,8,5,1,2,2,197
1,0,1,1,8.2,11.365,69,6.0032,2011,1,4,23,1,0,0,1,11
2,0,1,1,31.98,34.09,33,19.0012,2011,6,6,17,0,0,3,0,579
3,0,0,3,27.88,31.82,65,6.0032,2011,7,3,3,6,1,2,1,33
3,0,1,2,28.7,33.335,74,0.0,2012,8,14,9,1,0,2,2,402
3,0,1,2,31.16,34.09,40,0.0,2012,8,13,10,0,0,3,0,199
2,0,0,2,31.16,34.85,52,15.0013,2011,6,18,16,5,1,3,1,468
3,0,1,1,37.72,40.91,29,12.998,2012,7,6,15,4,0,3,0,285
1,0,1,2,12.3,14.395,75,16.9979,2011,3,9,10,2,0,1,2,57
1,0,1,1,8.2,10.605,69,8.9981,2011,1,7,7,4,0,0,1,84
2,0,1,2,25.42,28.03,88,15.0013,2012,6,12,8,1,0,2,2,613
1,0,1,2,18.86,22.725,94,19.0012,2012,3,1,2,3,0,1,2,6
2,1,0,1,25.42,30.305,69,15.0013,2012,4,16,9,0,0,2,1,297
3,0,0,1,32.8,36.365,46,19.9995,2011,7,10,13,6,1,3,1,367
4,0,1,1,25.42,31.06,50,12.998,2011,10,18,15,1,0,2,1,205
1,0,1,1,14.76,17.425,71,15.0013,2011,3,17,1,3,0,1,2,12
1,0,1,2,14.76,18.18,50,7.0015,2012,2,14,22,1,0,1,1,77
4,0,0,1,19.68,23.485,36,19.0012,2011,11,12,13,5,1,1,0,353
4,0,0,1,17.22,21.21,38,16.9979,2012,11,17,13,5,1,1,0,525
2,0,0,1,28.7,31.82,39,8.9981,2012,5,19,19,5,1,2,0,432
1,0,1,2,12.3,16.665,81,0.0,2011,2,7,23,0,0,1,2,25
3,0,1,2,26.24,28.79,89,7.0015,2012,7,10,23,1,0,2,2,103
1,0,1,1,13.94,16.665,46,11.0014,2012,2,6,20,0,0,1,1,201
1,0,1,2,5.74,6.06,46,16.9979,2012,1,4,14,2,0,0,1,75
1,0,0,1,9.84,12.88,70,6.0032,2012,2,4,2,5,1,0,1,44
1,0,0,2,16.4,20.455,87,0.0,2012,3,3,10,5,1,1,2,168
3,0,0,2,21.32,25.0,68,15.0013,2011,9,17,11,5,1,2,1,367
1,0,0,1,10.66,15.15,70,0.0,2012,2,18,4,5,1,1,1,7
2,0,1,1,17.22,21.21,47,19.9995,2012,4,12,11,3,0,1,1,224
3,0,0,1,31.16,35.605,58,15.0013,2012,8,11,12,5,1,3,1,546
2,0,1,3,21.32,25.0,77,39.0007,2012,5,9,18,2,0,2,2,372
2,0,1,1,25.42,31.06,41,11.0014,2012,5,18,20,4,0,2,1,337
3,0,0,1,30.34,35.605,79,11.0014,2012,8,4,0,5,1,3,2,161
4,0,1,1,18.04,21.97,82,12.998,2012,12,3,21,0,0,1,2,221
4,0,1,3,14.76,16.665,87,16.9979,2012,10,9,2,1,0,1,2,7
3,0,1,1,26.24,12.12,73,11.0014,2012,8,17,4,4,0,2,2,9
2,0,1,2,33.62,37.12,41,22.0028,2011,6,7,15,1,0,3,1,183
3,0,1,1,26.24,29.545,78,0.0,2011,8,19,3,4,0,2,2,3
2,0,1,1,35.26,40.15,47,19.9995,2011,6,1,16,2,0,3,1,266
1,0,0,1,5.74,6.06,46,19.9995,2011,1,9,22,6,1,0,1,15
3,0,1,3,26.24,28.79,89,7.0015,2012,7,10,21,1,0,2,2,90
1,0,1,2,22.14,25.76,32,16.9979,2012,3,12,13,0,0,2,0,250
4,0,1,3,9.84,9.85,93,30.0026,2011,12,7,22,2,0,0,2,13
1,0,1,2,17.22,21.21,77,12.998,2011,2,18,9,4,0,1,2,169
1,1,0,1,8.2,9.09,55,22.0028,2012,1,16,12,0,0,0,1,185
2,0,1,2,21.32,25.0,59,15.0013,2012,5,8,1,1,0,2,1,9
1,0,1,2,6.56,9.85,86,6.0032,2011,1,12,0,2,0,0,2,7
2,0,0,3,22.96,26.515,78,23.9994,2011,5,15,17,6,1,2,2,392
1,0,0,2,18.04,21.97,82,11.0014,2012,3,18,11,6,1,1,2,368
4,0,0,1,19.68,23.485,55,8.9981,2012,11,11,19,6,1,1,1,277
1,0,1,1,9.02,11.365,47,8.9981,2011,2,11,11,4,0,0,1,64
4,0,0,1,13.94,18.18,81,0.0,2012,11,11,3,6,1,1,2,48
4,0,1,1,13.94,18.18,61,0.0,2011,12,9,19,4,0,1,1,199
1,0,1,1,12.3,16.665,49,0.0,2012,1,5,20,3,0,1,1,177
2,0,0,3,20.5,24.24,88,31.0009,2011,4,16,16,5,1,2,2,33
1,0,1,1,10.66,14.395,35,0.0,2011,1,6,12,3,0,1,0,84
1,0,0,2,9.84,12.12,87,8.9981,2012,2,4,7,5,1,0,2,28
3,0,1,1,28.7,32.575,51,15.0013,2011,7,15,20,4,0,2,1,343
4,0,1,1,9.84,10.605,52,26.0027,2011,12,8,9,3,0,0,1,225
3,0,1,1,32.8,40.15,66,0.0,2011,7,19,17,1,0,3,1,513
4,0,1,2,20.5,24.24,72,11.0014,2012,10,9,20,1,0,2,2,360
3,0,1,1,29.52,33.335,64,0.0,2011,8,9,6,1,0,2,1,101
2,0,1,1,22.96,26.515,94,19.9995,2011,5,18,12,2,0,2,2,54
2,0,1,2,20.5,24.24,82,12.998,2012,5,7,8,0,0,2,2,639
4,0,0,1,10.66,15.15,87,0.0,2011,12,4,4,6,1,1,2,11
2,0,1,2,17.22,21.21,71,0.0,2012,4,19,4,3,0,1,2,4
1,0,1,3,9.02,13.635,55,0.0,2011,1,7,5,4,0,0,1,5
4,0,0,1,17.22,21.21,54,12.998,2011,10,16,4,6,1,1,1,12
4,0,1,1,7.38,10.605,80,6.0032,2011,12,19,1,0,0,0,2,11
4,0,1,1,17.22,21.21,88,6.0032,2012,12,4,2,1,0,1,2,8
2,0,1,1,24.6,31.06,43,16.9979,2012,4,17,7,1,0,2,1,461
2,0,1,1,22.14,25.76,100,0.0,2011,6,17,5,4,0,2,2,13
1,0,1,1,7.38,9.85,64,8.9981,2011,1,3,21,0,0,0,1,52
4,0,1,2,17.22,21.21,88,8.9981,2012,12,17,19,0,0,1,2,340
2,0,1,1,30.34,32.575,23,40.9973,2011,4,4,17,0,0,3,0,366
2,0,1,1,26.24,31.06,38,12.998,2012,5,17,14,3,0,2,0,270
2,0,1,1,25.42,30.305,25,12.998,2012,5,11,15,4,0,2,0,439
2,0,0,2,17.22,21.21,67,15.0013,2012,4,1,12,6,1,1,1,445
2,0,1,1,23.78,27.275,49,30.0026,2011,6,13,8,0,0,2,1,476
1,0,0,1,9.02,11.365,51,8.9981,2011,2,12,23,5,1,0,1,32
2,0,0,1,34.44,36.365,30,8.9981,2012,6,10,14,6,1,3,0,500
1,0,1,1,13.94,15.91,19,16.9979,2011,2,15,16,1,0,1,0,98
4,0,0,1,8.2,12.88,69,0.0,2011,12,18,8,6,1,0,1,32
1,0,1,1,13.12,17.425,61,0.0,2012,3,2,4,4,0,1,1,2
2,0,1,1,22.96,26.515,56,0.0,2012,6,8,2,4,0,2,1,19
3,1,0,3,27.88,31.82,74,11.0014,2011,9,5,9,0,0,2,2,152
1,0,1,1,13.94,16.665,93,11.0014,2011,2,2,13,2,0,1,2,75
4,0,1,2,12.3,14.395,56,12.998,2012,11,5,0,0,0,1,1,23
3,0,1,1,32.8,37.12,52,26.0027,2011,8,8,10,0,0,3,1,124
4,0,1,2,15.58,19.695,94,11.0014,2011,11,10,7,3,0,1,2,272
2,0,0,3,24.6,31.06,35,11.0014,2011,5,7,14,5,1,2,0,378
2,0,1,2,23.78,27.275,68,27.9993,2012,5,8,10,1,0,2,1,157
2,0,0,2,30.34,34.09,55,12.998,2011,6,18,18,5,1,3,1,381
2,0,0,1,17.22,21.21,67,6.0032,2011,5,1,0,6,1,1,1,96
3,0,1,1,31.98,35.605,52,0.0,2011,7,12,23,1,0,3,1,79
3,0,0,1,27.88,31.82,69,6.0032,2011,7,10,2,6,1,2,1,96
4,0,0,3,14.76,17.425,87,12.998,2011,10,2,16,6,1,1,2,206
1,0,0,1,14.76,17.425,50,11.0014,2012,1,7,0,5,1,1,1,79
3,0,1,1,25.42,28.79,83,12.998,2012,9,14,22,4,0,2,2,229
4,0,1,1,16.4,20.455,66,8.9981,2011,11,2,20,2,0,1,1,182
2,0,1,1,22.96,26.515,94,7.0015,2011,6,17,2,4,0,2,2,13
1,0,1,2,11.48,13.635,48,16.9979,2011,2,4,15,4,0,1,1,90
1,0,1,2,9.84,12.12,65,8.9981,2011,2,4,19,4,0,0,1,103
1,0,0,1,13.12,14.395,39,30.0026,2011,2,13,11,6,1,1,0,112
3,0,1,1,34.44,37.88,41,7.0015,2012,8,6,16,0,0,3,1,451
3,0,1,1,23.78,27.275,83,7.0015,2011,9,13,1,1,0,2,2,10
1,0,1,1,7.38,8.335,40,16.9979,2011,2,9,13,2,0,0,0,69
2,0,1,1,17.22,21.21,82,11.0014,2011,5,9,4,0,0,1,2,4
1,0,1,1,13.94,17.425,31,7.0015,2011,3,8,19,1,0,1,0,150
3,0,1,1,32.8,37.88,55,27.9993,2012,9,4,14,1,0,3,1,274
2,0,1,2,25.42,30.305,61,15.0013,2011,5,12,14,3,0,2,1,191
1,0,0,2,21.32,25.0,77,8.9981,2012,3,17,11,5,1,2,2,585
3,0,0,1,25.42,28.79,83,11.0014,2011,9,10,8,5,1,2,2,119
2,0,1,2,29.52,35.605,84,7.0015,2011,6,9,3,3,0,2,2,2
4,0,0,2,10.66,12.88,56,15.0013,2011,12,17,7,5,1,1,1,20
4,0,0,1,22.96,26.515,52,27.9993,2011,10,16,23,6,1,2,1,62
3,0,1,1,28.7,33.335,84,0.0,2012,8,8,0,2,0,2,2,58
3,0,0,1,36.08,38.635,32,23.9994,2012,7,1,18,6,1,3,0,370
2,0,1,2,28.7,31.82,24,36.9974,2011,4,4,20,0,0,2,0,173
3,0,1,1,34.44,39.395,49,8.9981,2012,7,16,12,0,0,3,1,237
2,0,1,3,23.78,27.275,60,0.0,2011,4,11,23,0,0,2,1,54
2,0,0,1,14.76,15.91,50,32.9975,2011,4,3,9,6,1,1,1,142
3,0,0,1,31.98,37.12,62,0.0,2012,7,8,5,6,1,3,1,6
4,0,0,2,16.4,20.455,87,8.9981,2012,12,8,10,5,1,1,2,287
2,0,1,3,16.4,20.455,100,19.9995,2011,4,13,2,2,0,1,2,2
4,0,0,1,26.24,31.06,41,19.9995,2012,10,14,16,6,1,2,1,581
4,0,1,1,9.02,11.365,55,12.998,2012,12,6,3,3,0,0,1,2
2,0,0,2,17.22,21.21,44,12.998,2011,4,3,19,6,1,1,1,144
3,0,1,1,18.86,22.725,55,16.9979,2011,9,16,9,4,0,1,1,210
3,0,0,1,26.24,30.305,69,12.998,2011,7,17,1,6,1,2,1,102
4,0,1,3,18.86,22.725,100,15.0013,2011,12,7,3,2,0,1,2,3
4,0,1,1,22.14,25.76,77,0.0,2012,10,5,4,4,0,2,2,11
2,0,0,1,22.96,26.515,56,0.0,2011,6,4,7,5,1,2,1,87
2,0,1,1,27.88,31.82,83,7.0015,2012,6,12,21,1,0,2,2,274
2,0,1,1,26.24,30.305,73,11.0014,2012,5,16,22,2,0,2,2,286
4,0,1,2,18.86,22.725,100,16.9979,2011,12,7,1,2,0,1,2,13
2,0,1,1,27.06,31.06,74,7.0015,2011,6,8,7,2,0,2,2,353
4,0,1,2,11.48,13.635,61,16.9979,2012,11,7,1,2,0,1,1,92
1,0,1,1,16.4,20.455,43,15.0013,2012,1,6,21,4,0,1,1,154
4,0,0,2,18.04,21.97,54,16.9979,2012,10,7,4,6,1,1,1,11
3,0,1,1,35.26,39.395,41,16.9979,2011,7,7,15,3,0,3,1,166
1,0,0,1,9.02,11.365,27,12.998,2012,1,15,15,6,1,0,0,206
4,0,0,1,13.12,14.395,53,27.9993,2011,12,10,11,5,1,1,1,236
4,0,1,2,9.02,12.12,69,7.0015,2011,12,12,10,0,0,0,1,105
1,0,1,3,8.2,11.365,93,6.0032,2012,1,9,19,0,0,0,2,190
1,0,1,2,13.94,15.91,87,16.9979,2012,1,11,16,2,0,1,2,118
2,0,1,1,23.78,27.275,49,16.9979,2012,6,4,21,0,0,2,1,265
1,0,1,1,7.38,9.85,47,8.9981,2011,1,7,21,4,0,0,1,39
3,0,1,2,30.34,35.605,74,16.9979,2011,7,8,11,4,0,3,2,165
2,0,1,1,24.6,29.545,20,12.998,2012,4,3,15,1,0,2,0,316
2,0,1,1,26.24,31.06,57,0.0,2011,5,16,11,0,0,2,1,185
3,0,0,2,24.6,25.0,97,7.0015,2011,9,10,2,5,1,2,2,64
1,0,1,3,13.94,17.425,93,6.0032,2012,1,12,5,3,0,1,2,16
2,0,0,2,29.52,32.575,30,8.9981,2011,6,4,16,5,1,2,0,440
4,0,0,1,13.12,15.91,81,11.0014,2011,10,2,6,6,1,1,2,15
2,0,0,2,22.14,25.76,56,12.998,2012,4,14,23,5,1,2,1,196
2,0,1,1,20.5,24.24,31,22.0028,2012,4,12,14,3,0,2,0,224
2,0,0,1,32.8,37.88,55,12.998,2011,6,11,13,5,1,3,1,387
4,0,1,1,17.22,21.21,94,0.0,2011,10,7,7,4,0,1,2,242
3,0,1,1,30.34,34.09,58,15.0013,2011,9,14,12,2,0,3,1,212
1,0,1,1,12.3,15.15,49,8.9981,2011,3,1,19,1,0,1,1,119
1,0,0,2,18.04,21.97,62,19.9995,2012,1,1,20,6,1,1,1,83
3,0,1,1,25.42,29.545,73,12.998,2011,7,15,1,4,0,2,2,20
3,0,1,1,31.98,35.605,49,8.9981,2012,8,14,12,1,0,3,1,300
3,0,1,1,32.8,35.605,36,12.998,2012,7,12,15,3,0,3,0,271
4,0,1,1,16.4,20.455,43,26.0027,2012,10,11,9,3,0,1,1,355
4,0,0,1,18.86,22.725,40,27.9993,2011,11,13,11,6,1,1,0,295
3,0,1,1,24.6,30.305,60,8.9981,2012,9,12,21,2,0,2,1,306
4,0,1,1,14.76,18.94,81,0.0,2011,11,1,21,1,0,1,2,127
1,0,0,1,16.4,20.455,37,19.9995,2012,1,8,16,6,1,1,0,314
2,0,1,2,26.24,31.06,47,15.0013,2011,4,4,23,0,0,2,1,48
2,0,1,2,28.7,32.575,58,35.0008,2011,5,3,14,1,0,2,1,158
2,0,1,1,19.68,23.485,23,0.0,2012,4,3,11,1,0,1,0,258
4,0,1,2,22.96,26.515,64,6.0032,2011,11,15,9,1,0,2,1,200
4,0,1,1,13.12,16.665,66,8.9981,2012,12,19,23,2,0,1,1,88
2,0,1,1,13.94,15.91,66,16.9979,2011,5,5,6,3,0,1,1,89
1,1,0,2,7.38,8.335,55,16.9979,2011,1,17,18,0,0,0,1,92
4,0,1,1,13.94,15.91,53,16.9979,2011,12,2,19,4,0,1,1,265
3,1,0,1,27.06,30.305,83,8.9981,2011,7,4,7,0,0,2,2,36
4,0,0,2,10.66,12.12,56,16.9979,2011,12,17,9,5,1,1,1,100
1,0,0,1,4.1,3.03,39,30.0026,2011,1,8,23,5,1,0,0,22
1,0,1,1,18.86,22.725,63,26.0027,2012,3,8,2,3,0,1,1,11
3,0,1,1,32.8,38.635,59,0.0,2012,7,16,10,0,0,3,1,186
2,0,1,3,23.78,27.275,83,12.998,2011,5,16,18,0,0,2,2,453
3,0,0,1,27.06,29.545,89,19.0012,2012,9,8,7,5,1,2,2,82
3,0,1,1,27.06,31.06,69,19.0012,2011,8,18,3,3,0,2,1,6
2,0,1,1,25.42,31.06,38,19.0012,2011,5,9,13,0,0,2,0,174
1,0,1,1,9.84,12.88,48,7.0015,2011,1,4,19,1,0,0,1,112
1,0,1,1,21.32,25.0,8,19.0012,2011,2,18,23,4,0,2,0,77
3,0,1,1,20.5,24.24,82,0.0,2012,9,13,6,3,0,2,2,195
1,0,0,1,9.02,11.365,69,12.998,2011,3,12,5,5,1,0,1,2
4,0,1,2,18.86,22.725,88,0.0,2011,10,18,1,1,0,1,2,11
2,0,0,1,23.78,27.275,64,7.0015,2012,6,9,7,5,1,2,1,87
1,0,1,2,7.38,9.85,93,11.0014,2012,1,10,9,1,0,0,2,195
1,0,1,1,5.74,6.06,46,19.9995,2011,1,13,21,3,0,0,1,40
1,0,1,1,13.94,18.18,53,0.0,2012,2,15,1,2,0,1,1,5
4,0,1,1,22.96,26.515,46,6.0032,2011,10,6,13,3,0,2,1,191
3,0,1,2,33.62,40.15,59,16.9979,2012,8,3,18,4,0,3,1,671
1,0,1,3,5.74,7.575,86,11.0014,2011,2,9,20,2,0,0,2,84
3,0,1,1,31.16,34.85,55,0.0,2011,7,13,2,2,0,3,1,5
2,0,1,1,13.94,16.665,71,12.998,2011,5,5,1,3,0,1,2,10
2,0,1,3,10.66,12.88,100,11.0014,2011,4,1,1,4,0,1,2,4
4,0,1,1,17.22,21.21,77,11.0014,2012,12,3,2,0,0,1,2,10
4,0,0,2,10.66,15.15,93,0.0,2012,12,2,3,6,1,1,2,25
3,0,0,1,28.7,32.575,54,15.0013,2011,7,16,9,5,1,2,1,222
3,0,1,1,36.9,39.395,27,7.0015,2012,7,6,13,4,0,3,0,293
2,0,0,1,21.32,25.0,72,7.0015,2012,6,17,6,6,1,2,2,23
1,0,1,1,17.22,21.21,77,16.9979,2012,3,8,6,3,0,1,2,109
1,0,1,2,10.66,13.635,65,7.0015,2012,2,14,5,1,0,1,1,22
3,0,0,1,31.16,33.335,37,15.0013,2012,8,18,15,5,1,3,0,596
3,0,1,1,33.62,34.85,17,0.0,2011,7,1,16,4,0,3,0,427
2,0,1,1,22.96,26.515,43,6.0032,2012,5,17,22,3,0,2,1,251
4,0,1,1,18.04,21.97,67,6.0032,2011,11,3,19,3,0,1,1,252
2,0,1,1,31.98,34.09,31,8.9981,2011,6,6,14,0,0,3,0,145
3,0,0,3,30.34,35.605,74,8.9981,2012,9,2,15,6,1,3,2,355
2,0,1,2,21.32,25.0,77,0.0,2012,5,3,10,3,0,2,2,168
4,0,0,1,27.06,31.06,50,8.9981,2011,10,9,16,6,1,2,1,470
1,0,1,2,9.02,11.365,87,11.0014,2012,1,10,2,1,0,0,2,4
4,0,1,1,13.12,14.395,39,27.9993,2011,11,17,16,3,0,1,0,195
4,0,1,1,15.58,19.695,87,0.0,2011,11,9,23,2,0,1,2,66
3,0,0,1,26.24,30.305,65,11.0014,2012,8,12,6,6,1,2,1,16
4,0,0,1,25.42,31.06,46,7.0015,2011,10,8,13,5,1,2,1,485
3,0,1,1,23.78,27.275,88,7.0015,2011,9,14,5,2,0,2,2,31
4,0,1,2,10.66,12.12,56,16.9979,2012,12,13,2,3,0,1,1,8
3,1,0,2,31.16,36.365,66,16.9979,2012,9,3,13,0,0,3,1,566
4,0,1,1,20.5,24.24,72,15.0013,2011,12,16,1,4,0,2,2,31
4,0,0,1,10.66,15.15,81,0.0,2012,12,1,0,5,1,1,2,108
1,0,0,1,11.48,13.635,56,15.0013,2012,1,8,21,6,1,1,1,91
2,0,0,1,27.88,31.82,83,6.0032,2011,6,11,3,5,1,2,2,28
3,0,1,1,29.52,33.335,54,15.0013,2011,9,1,18,3,0,2,1,531
4,1,0,1,13.94,14.395,42,32.9975,2011,11,11,11,4,0,1,1,170
4,0,1,2,14.76,17.425,81,12.998,2011,11,3,9,3,0,1,2,164
2,0,1,1,30.34,32.575,40,23.9994,2011,6,2,0,3,0,3,0,42
4,0,1,3,18.04,21.97,100,0.0,2011,12,7,8,2,0,1,2,86
2,0,0,2,29.52,34.09,62,8.9981,2011,6,18,22,5,1,2,1,161
1,0,1,3,13.94,16.665,87,8.9981,2012,2,16,18,3,0,1,2,353
1,0,1,1,13.94,15.15,42,22.0028,2012,3,6,18,1,0,1,1,457
2,0,1,1,30.34,33.335,48,35.0008,2011,4,11,15,0,0,3,1,141
4,0,1,1,22.96,26.515,56,19.9995,2011,11,14,12,0,0,2,1,202
4,0,1,1,25.42,31.06,43,19.0012,2011,10,14,15,4,0,2,1,230
3,0,1,1,27.88,31.82,51,0.0,2011,8,12,22,4,0,2,1,231
1,0,0,1,4.1,3.79,49,26.0027,2012,2,12,6,6,1,0,1,2
2,0,1,1,17.22,21.21,35,8.9981,2012,4,12,21,3,0,1,0,187
4,0,0,2,13.12,15.91,81,11.0014,2012,12,2,11,6,1,1,2,355
1,0,0,1,17.22,21.21,24,0.0,2012,3,3,23,5,1,1,0,106
3,0,1,1,27.06,31.06,54,7.0015,2011,7,1,7,4,0,2,1,243
3,0,0,1,28.7,32.575,70,0.0,2012,9,1,4,5,1,2,1,12
1,0,1,1,16.4,20.455,76,23.9994,2012,1,13,2,4,0,1,2,14
3,0,1,2,29.52,33.335,51,6.0032,2012,8,13,8,0,0,2,1,673
1,0,1,1,7.38,10.605,80,7.0015,2012,2,6,9,0,0,0,2,277
4,0,1,3,12.3,13.635,52,23.9994,2012,11,8,1,3,0,1,1,12
4,0,1,1,27.06,30.305,78,11.0014,2012,10,3,10,2,0,2,2,175
2,0,0,1,27.06,31.06,74,7.0015,2011,6,11,23,5,1,2,2,131
3,0,1,1,25.42,12.12,78,8.9981,2012,8,17,6,4,0,2,2,157
2,0,1,1,27.88,31.82,41,7.0015,2012,6,8,22,4,0,2,1,291
2,0,1,2,22.14,25.76,88,11.0014,2012,6,18,11,0,0,2,2,121
2,0,1,3,29.52,34.09,66,19.0012,2012,6,1,15,4,0,2,1,258
1,0,0,1,5.74,3.79,39,43.0006,2012,2,12,12,6,1,0,0,140
4,0,1,2,16.4,20.455,86,15.0013,2011,11,4,7,4,0,1,2,245
1,0,1,1,8.2,10.605,80,8.9981,2012,1,11,4,2,0,0,2,2
3,0,1,1,26.24,30.305,69,7.0015,2011,9,1,9,3,0,2,1,207
3,0,1,1,21.32,25.0,72,6.0032,2012,9,12,2,2,0,2,2,11
2,0,1,1,18.04,21.97,24,12.998,2012,4,9,5,0,0,1,0,32
4,0,1,3,26.24,28.79,89,7.0015,2012,10,4,5,3,0,2,2,39
1,0,0,1,13.12,15.91,49,12.998,2012,1,8,19,6,1,1,1,112
1,0,1,2,8.2,11.365,59,6.0032,2012,1,5,4,3,0,0,1,5
1,0,0,2,11.48,12.12,93,30.0026,2011,2,5,19,5,1,1,2,84
4,0,1,1,13.12,15.15,45,19.0012,2012,12,13,10,3,0,1,1,167
1,0,1,3,13.94,18.18,76,0.0,2012,2,16,15,3,0,1,2,53
3,0,1,3,24.6,25.76,94,31.0009,2012,9,18,14,1,0,2,2,143
4,0,1,1,16.4,20.455,71,0.0,2012,10,16,23,1,0,1,2,199
3,0,1,2,28.7,33.335,84,11.0014,2012,8,8,7,2,0,2,2,482
2,0,1,1,21.32,25.0,40,22.0028,2012,5,10,20,3,0,2,0,374
2,0,1,1,14.76,17.425,66,12.998,2011,4,7,3,3,0,1,1,3
4,0,1,2,16.4,20.455,94,6.0032,2011,11,10,8,3,0,1,2,436
4,0,1,1,20.5,24.24,45,8.9981,2011,11,1,15,1,0,2,1,186
3,0,1,1,31.16,36.365,70,16.9979,2011,7,6,16,2,0,3,1,275
1,0,0,1,9.02,11.365,69,8.9981,2012,3,11,8,6,1,0,1,72
1,0,0,1,11.48,14.395,56,7.0015,2012,2,5,21,6,1,1,1,66
1,0,1,1,19.68,23.485,67,6.0032,2012,3,14,4,2,0,1,1,5
4,0,1,1,9.02,11.365,44,11.0014,2011,11,18,7,4,0,0,1,216
4,0,0,1,19.68,23.485,55,15.0013,2012,10,6,19,5,1,1,1,341
1,0,1,1,9.02,12.88,55,6.0032,2011,1,6,19,3,0,0,1,112
3,0,1,1,31.16,34.09,43,6.0032,2011,8,17,10,2,0,3,1,118
1,0,1,1,8.2,9.85,44,15.0013,2012,3,6,2,1,0,0,1,4
3,0,1,1,28.7,33.335,84,0.0,2012,8,8,4,2,0,2,2,7
4,0,1,3,21.32,25.0,88,11.0014,2011,10,14,11,4,0,2,2,87
2,0,0,1,26.24,28.79,89,19.0012,2011,6,12,3,6,1,2,2,28
3,0,0,1,30.34,34.09,55,12.998,2011,9,10,16,5,1,3,1,431
2,0,1,1,27.06,31.06,57,16.9979,2012,6,14,11,3,0,2,1,228
2,0,1,2,26.24,31.06,44,19.0012,2012,4,4,16,2,0,2,1,390
1,0,1,2,16.4,20.455,50,23.9994,2012,3,9,6,4,0,1,1,85
3,0,1,1,26.24,30.305,73,7.0015,2012,7,12,4,3,0,2,2,5
2,0,1,2,20.5,24.24,63,8.9981,2012,5,1,1,1,0,2,1,21
4,0,0,3,14.76,17.425,93,8.9981,2012,12,9,17,6,1,1,2,229
2,0,0,2,15.58,19.695,82,0.0,2011,4,9,16,5,1,1,2,191
1,0,1,1,8.2,11.365,59,7.0015,2012,3,5,8,0,0,0,1,428
4,0,1,3,18.04,21.97,88,19.0012,2011,11,16,21,2,0,1,2,75
2,0,0,1,24.6,30.305,60,6.0032,2012,6,16,9,5,1,2,1,367
3,0,1,1,26.24,30.305,65,12.998,2011,9,2,0,4,0,2,1,64
3,0,0,1,22.14,25.76,64,8.9981,2011,9,18,12,6,1,2,1,364
1,0,1,1,5.74,6.06,50,19.0012,2011,1,3,8,0,0,0,1,154
1,0,1,2,8.2,12.88,44,0.0,2012,1,4,21,2,0,0,1,90
4,0,0,2,10.66,14.395,75,6.0032,2012,12,15,8,5,1,1,2,119
1,0,1,1,9.84,9.85,30,31.0009,2011,3,3,0,3,0,0,0,13
1,0,1,1,14.76,17.425,50,15.0013,2012,3,1,23,3,0,1,1,85
1,0,0,2,10.66,12.12,81,16.9979,2012,2,11,14,5,1,1,2,243
2,0,0,3,30.34,34.09,58,7.0015,2011,6,19,14,6,1,3,1,317
1,0,0,2,11.48,12.12,93,30.0026,2011,2,5,18,5,1,1,2,83
3,0,1,1,32.8,37.88,55,16.9979,2011,8,4,15,3,0,3,1,165
3,0,1,1,30.34,32.575,35,16.9979,2011,7,14,12,3,0,3,0,223
2,0,1,2,21.32,25.0,48,6.0032,2011,4,7,13,3,0,2,1,135
1,0,1,1,9.02,9.85,37,22.0028,2011,1,7,10,4,0,0,0,63
2,0,1,1,25.42,31.06,38,16.9979,2011,5,9,17,0,0,2,0,598
2,0,1,1,38.54,41.665,31,11.0014,2011,6,9,15,3,0,3,0,104
3,0,1,1,29.52,33.335,58,15.0013,2011,8,5,20,4,0,2,1,291
4,0,0,1,8.2,10.605,47,11.0014,2011,12,10,23,5,1,0,1,66
1,0,1,1,6.56,11.365,64,0.0,2011,1,6,2,3,0,0,1,2
4,0,0,1,12.3,16.665,65,0.0,2011,11,5,22,5,1,1,1,82
4,0,1,1,14.76,17.425,93,8.9981,2011,11,7,10,0,0,1,2,123
4,0,1,1,6.56,9.09,86,7.0015,2011,12,19,6,0,0,0,2,68
3,0,1,1,27.88,31.82,83,8.9981,2011,8,8,1,0,0,2,2,12
4,1,0,1,13.12,13.635,42,36.9974,2011,11,11,10,4,0,1,1,200
4,0,1,2,12.3,15.15,61,11.0014,2012,11,16,7,4,0,1,1,367
3,0,1,2,26.24,28.79,89,0.0,2011,9,7,19,2,0,2,2,226
4,0,0,1,12.3,13.635,56,19.9995,2011,11,5,9,5,1,1,1,141
2,0,1,2,32.8,36.365,43,12.998,2012,6,11,12,0,0,3,1,261
3,0,1,1,28.7,32.575,65,6.0032,2011,8,9,5,1,0,2,1,30
2,0,1,2,28.7,32.575,61,0.0,2012,5,4,11,4,0,2,1,258
2,0,0,1,30.34,32.575,33,6.0032,2012,5,19,18,5,1,3,0,645
4,0,1,1,18.86,22.725,67,16.9979,2011,10,4,9,1,0,1,1,187
4,0,1,2,25.42,31.06,41,11.0014,2011,10,18,14,1,0,2,1,169
2,1,0,1,32.8,34.85,31,26.0027,2012,4,16,18,0,0,3,0,676
3,0,1,1,27.88,31.82,36,8.9981,2012,9,12,12,2,0,2,0,352
3,0,0,2,28.7,32.575,54,7.0015,2012,7,14,2,5,1,2,1,101
3,0,0,2,28.7,33.335,84,22.0028,2011,8,6,21,5,1,2,2,114
3,0,1,2,27.88,31.82,83,12.998,2012,8,14,3,1,0,2,2,3
1,0,1,1,9.84,9.85,48,36.9974,2011,2,2,20,2,0,0,1,75
3,0,1,2,25.42,25.76,100,8.9981,2011,9,9,6,4,0,2,2,57
4,0,0,3,16.4,20.455,76,12.998,2012,12,2,17,6,1,1,2,303
4,0,0,1,14.76,17.425,76,8.9981,2011,12,4,20,6,1,1,2,124
3,0,1,2,22.14,25.76,81,27.9993,2011,9,6,9,1,0,2,2,185
3,0,1,1,31.16,35.605,62,12.998,2011,7,6,18,2,0,3,1,563
1,0,0,1,5.74,10.605,86,0.0,2011,2,12,1,5,1,0,2,24
1,0,1,3,13.12,15.15,93,15.0013,2012,1,11,19,2,0,1,2,93
2,0,1,1,21.32,25.0,48,7.0015,2011,5,6,20,4,0,2,1,190
4,0,1,1,21.32,25.0,52,8.9981,2011,11,8,12,1,0,2,1,203
1,0,1,1,9.02,13.635,64,0.0,2011,3,8,4,1,0,0,1,2
1,0,1,3,9.02,11.365,93,8.9981,2011,1,19,2,2,0,0,2,3
3,0,0,1,30.34,34.85,66,12.998,2011,8,14,15,6,1,3,1,331
1,0,1,2,22.96,26.515,49,30.0026,2012,3,8,23,3,0,2,1,94
2,0,0,2,15.58,19.695,82,8.9981,2011,4,9,19,5,1,1,2,130
2,0,1,1,26.24,31.06,29,7.0015,2011,6,3,21,4,0,2,0,247
2,0,1,2,30.34,34.85,57,11.0014,2011,6,9,23,3,0,3,1,97
4,0,1,1,22.14,25.76,88,11.0014,2012,10,19,19,4,0,2,2,232
1,0,1,1,12.3,15.15,33,11.0014,2011,3,7,20,0,0,1,0,92
4,0,1,1,13.12,17.425,90,0.0,2011,12,5,7,0,0,1,2,283
3,0,0,2,18.86,22.725,72,15.0013,2011,9,17,6,5,1,1,2,22
3,0,1,1,28.7,32.575,54,8.9981,2011,7,15,11,4,0,2,1,210
3,0,0,1,28.7,33.335,74,15.0013,2011,8,13,18,5,1,2,2,292
3,0,1,1,28.7,33.335,74,0.0,2012,8,2,0,3,0,2,2,63
4,0,1,2,13.12,14.395,53,23.9994,2012,11,7,14,2,0,1,1,161
2,0,1,2,22.14,25.76,83,15.0013,2012,6,18,9,0,0,2,2,250
4,0,1,1,25.42,31.06,46,16.9979,2011,11,14,17,0,0,2,1,519
2,0,1,1,12.3,15.91,61,6.0032,2011,4,1,23,4,0,1,1,53
2,0,1,1,21.32,25.0,34,23.9994,2011,5,5,12,3,0,2,0,196
3,0,1,1,30.34,34.85,66,19.0012,2011,7,11,8,0,0,3,1,420
4,0,0,1,24.6,31.06,46,7.0015,2011,10,8,18,5,1,2,1,359
2,0,1,1,24.6,30.305,64,12.998,2011,6,16,5,3,0,2,1,25
4,0,1,1,26.24,30.305,69,15.0013,2012,10,19,12,4,0,2,1,332
2,0,1,1,18.86,22.725,82,6.0032,2011,5,9,0,0,0,1,2,53
1,0,0,1,9.84,10.605,44,19.9995,2011,1,2,22,6,1,0,1,9
4,0,1,1,13.94,17.425,53,7.0015,2012,11,16,9,4,0,1,1,351
1,1,0,1,8.2,9.85,51,12.998,2011,1,17,17,0,0,0,1,71
1,0,0,3,9.84,11.365,87,15.0013,2012,2,11,4,5,1,0,2,4
1,0,1,1,13.94,16.665,46,8.9981,2011,3,14,21,0,0,1,1,63
2,0,1,1,18.04,21.97,62,26.0027,2011,4,13,18,2,0,1,1,321
2,0,1,2,21.32,25.0,63,19.9995,2012,5,8,2,1,0,2,1,16
2,0,1,1,17.22,21.21,35,19.0012,2012,4,5,10,3,0,1,0,246
2,0,1,3,27.06,30.305,83,16.9979,2012,6,12,12,1,0,2,2,95
3,0,1,2,36.9,40.91,35,0.0,2012,7,17,12,1,0,3,0,254
4,0,0,1,17.22,21.21,88,7.0015,2011,10,8,5,5,1,1,2,8
4,0,1,2,25.42,28.03,88,0.0,2011,10,13,12,3,0,2,2,105
2,0,1,1,26.24,31.06,31,22.0028,2011,6,3,11,4,0,2,0,192
2,0,1,1,26.24,31.06,38,0.0,2012,6,6,14,2,0,2,0,302
1,0,0,1,4.92,5.305,36,26.0027,2011,1,8,22,5,1,0,0,34
2,0,0,1,21.32,25.0,77,8.9981,2011,5,8,20,6,1,2,2,174
1,0,0,1,14.76,16.665,51,23.9994,2011,3,12,13,5,1,1,1,157
4,0,0,1,13.12,16.665,76,6.0032,2012,11,10,0,5,1,1,2,122
3,0,0,1,30.34,34.85,66,11.0014,2011,8,14,16,6,1,3,1,292
2,0,1,2,22.96,26.515,64,31.0009,2011,4,12,12,1,0,2,1,92
2,0,1,1,24.6,28.03,83,8.9981,2011,6,6,1,0,0,2,2,14
4,0,1,2,13.12,15.15,49,22.0028,2012,11,7,20,2,0,1,1,256
2,0,1,2,27.88,31.82,36,31.0009,2011,4,4,22,0,0,2,0,75
2,0,1,2,24.6,28.79,78,8.9981,2012,6,19,7,1,0,2,2,480
2,0,0,1,23.78,27.275,46,19.0012,2012,6,2,11,5,1,2,1,536
4,0,1,1,14.76,16.665,46,27.9993,2011,12,16,8,4,0,1,1,459
2,0,1,2,31.16,34.09,48,15.0013,2012,6,11,11,0,0,3,1,202
3,0,1,1,27.88,31.82,79,12.998,2012,7,3,22,1,0,2,2,177
1,0,0,1,8.2,11.365,64,7.0015,2011,2,13,0,6,1,0,1,39
4,0,1,1,18.04,21.97,18,27.9993,2012,11,8,14,3,0,1,0,182
3,0,1,2,26.24,28.79,83,8.9981,2012,8,1,7,2,0,2,2,487
3,0,1,3,22.14,25.76,83,23.9994,2011,9,6,10,1,0,2,2,106
4,0,0,1,18.86,22.725,44,8.9981,2012,10,13,18,5,1,1,1,473
2,0,0,1,22.14,25.76,30,23.9994,2011,4,17,16,6,1,2,0,343
1,0,0,3,8.2,10.605,100,8.9981,2011,2,5,10,5,1,0,2,34
1,0,0,1,8.2,8.335,32,32.9975,2011,1,8,14,5,1,0,0,95
1,0,0,1,9.02,11.365,80,8.9981,2012,1,7,9,5,1,0,2,130
3,0,0,1,24.6,28.03,83,15.0013,2012,8,18,6,5,1,2,2,27
1,0,1,2,14.76,17.425,25,11.0014,2011,3,8,11,1,0,1,0,78
3,0,0,2,32.8,37.88,55,15.0013,2012,9,1,11,5,1,3,1,492
2,0,1,1,19.68,23.485,63,16.9979,2011,5,9,7,0,0,1,1,237
3,0,1,2,26.24,29.545,78,16.9979,2011,8,18,6,3,0,2,2,103
4,0,1,1,20.5,24.24,68,6.0032,2012,12,3,18,0,0,2,1,692
4,0,0,1,16.4,20.455,87,7.0015,2012,12,8,18,5,1,1,2,304
2,0,0,1,17.22,21.21,67,8.9981,2012,5,12,5,5,1,1,1,13
4,0,1,1,13.12,16.665,87,6.0032,2011,12,5,0,0,0,1,2,24
2,0,1,3,23.78,27.275,73,11.0014,2011,6,16,6,3,0,2,2,112
1,0,0,1,17.22,21.21,54,11.0014,2011,3,12,18,5,1,1,1,145
3,0,1,2,25.42,29.545,78,12.998,2011,9,15,7,3,0,2,2,338
3,0,1,2,33.62,38.635,49,15.0013,2012,7,17,9,1,0,3,1,320
2,0,1,1,23.78,27.275,73,19.9995,2011,5,2,11,0,0,2,2,130
4,0,0,2,9.84,11.365,60,15.0013,2011,12,18,11,6,1,0,1,188
1,0,1,1,18.04,21.97,38,12.998,2012,2,7,15,1,0,1,0,146
4,0,0,3,17.22,21.21,67,8.9981,2012,10,7,8,6,1,1,1,62
3,0,1,1,30.34,34.09,58,12.998,2011,7,13,3,2,0,3,1,4
3,0,1,3,26.24,28.79,89,19.9995,2012,8,10,6,4,0,2,2,44
1,0,1,1,13.94,14.395,46,35.0008,2012,1,18,5,2,0,1,1,29
1,0,1,2,7.38,9.85,51,11.0014,2011,1,7,23,4,0,0,1,15
4,0,1,2,13.12,16.665,70,8.9981,2011,12,15,2,3,0,1,1,7
3,0,1,1,29.52,34.09,70,16.9979,2012,8,2,23,3,0,2,1,177
1,0,0,1,6.56,6.82,47,22.0028,2012,1,15,0,6,1,0,1,59
3,0,1,2,22.14,25.76,45,15.0013,2011,9,16,15,4,0,2,1,203
4,0,1,1,26.24,30.305,65,19.9995,2012,10,19,15,4,0,2,1,395
2,0,1,3,25.42,28.79,83,16.9979,2011,6,16,22,3,0,2,2,151
3,0,1,1,26.24,28.79,89,7.0015,2011,7,7,4,3,0,2,2,4
2,0,0,1,14.76,17.425,71,8.9981,2012,4,14,8,5,1,1,2,160
3,0,1,1,29.52,33.335,51,8.9981,2011,9,1,15,3,0,2,1,174
3,0,1,3,26.24,28.03,94,7.0015,2011,9,8,21,3,0,2,2,82
2,0,0,1,21.32,25.0,59,7.0015,2012,6,3,2,6,1,2,1,89
1,0,0,1,10.66,13.635,93,8.9981,2011,2,5,22,5,1,1,2,45
3,0,1,1,36.08,38.635,32,15.0013,2012,8,9,14,3,0,3,0,247
4,0,1,1,18.04,21.97,47,12.998,2012,10,11,1,3,0,1,1,11
4,0,0,1,13.12,15.15,45,19.9995,2011,11,5,1,5,1,1,1,62
1,0,1,2,10.66,15.15,100,0.0,2012,2,17,8,4,0,1,2,520
2,0,0,1,32.8,34.85,29,11.0014,2012,6,9,19,5,1,3,0,360
2,0,1,1,20.5,24.24,39,19.0012,2011,5,5,10,3,0,2,0,128
4,0,1,1,18.86,22.725,82,7.0015,2011,10,5,3,2,0,1,2,6
2,1,0,1,32.8,34.85,33,31.0009,2012,4,16,16,0,0,3,0,358
4,0,1,1,18.86,22.725,72,0.0,2012,10,1,2,0,0,1,2,12
2,0,1,1,23.78,27.275,60,15.0013,2011,5,12,12,3,0,2,1,207
4,0,1,2,25.42,27.275,94,0.0,2012,10,4,1,3,0,2,2,25
1,0,0,2,6.56,9.85,59,6.0032,2011,1,15,2,5,1,0,1,12
4,0,1,2,22.96,26.515,94,15.0013,2011,10,14,9,4,0,2,2,180
3,0,1,1,30.34,34.09,58,11.0014,2012,8,13,19,0,0,3,1,555
3,0,1,1,31.98,34.09,35,8.9981,2012,7,12,12,3,0,3,0,292
3,0,0,1,29.52,34.09,70,11.0014,2011,9,3,15,5,1,2,1,388
3,0,0,1,31.98,37.88,66,22.0028,2011,9,4,14,6,1,3,1,361
3,0,1,1,30.34,33.335,48,6.0032,2011,9,12,15,0,0,3,1,212
1,0,1,2,11.48,15.15,65,6.0032,2012,2,10,0,4,0,1,1,43
3,0,1,1,28.7,32.575,58,26.0027,2011,8,16,10,1,0,2,1,111
4,0,1,2,11.48,15.91,93,0.0,2011,11,7,6,0,0,1,2,99
1,0,1,2,5.74,6.06,50,19.9995,2011,1,10,10,0,0,0,1,31
4,0,1,2,12.3,14.395,56,15.0013,2012,12,12,19,2,0,1,1,402
1,0,1,1,9.84,12.12,70,8.9981,2011,3,14,5,0,0,0,1,8
1,0,1,1,25.42,30.305,61,15.0013,2012,3,19,19,0,0,2,1,549
4,0,0,1,22.14,25.76,45,7.0015,2012,11,11,13,6,1,2,1,686
3,0,1,2,27.88,31.82,83,6.0032,2011,7,6,4,2,0,2,2,6
3,0,0,1,26.24,28.79,83,8.9981,2011,9,4,5,6,1,2,2,6
1,0,1,2,6.56,11.365,69,0.0,2011,1,14,22,4,0,0,1,36
2,0,1,1,24.6,31.06,40,30.0026,2011,5,6,14,4,0,2,0,213
3,0,1,1,28.7,33.335,74,15.0013,2012,8,14,0,1,0,2,2,60
4,0,1,1,17.22,21.21,67,16.9979,2012,10,16,5,1,0,1,1,52
2,0,1,2,20.5,24.24,77,19.0012,2011,5,12,9,3,0,2,2,212
3,0,0,3,29.52,34.85,74,19.9995,2011,8,7,15,6,1,2,2,326
3,0,1,1,27.88,31.82,79,16.9979,2011,7,8,5,4,0,2,2,27
4,0,1,2,16.4,20.455,76,0.0,2011,11,4,2,4,0,1,2,10
1,0,1,1,16.4,20.455,76,22.0028,2012,1,12,23,3,0,1,2,67
3,0,1,1,31.16,36.365,66,15.0013,2012,8,2,21,3,0,3,1,342
3,0,1,1,27.06,31.06,74,7.0015,2011,8,2,4,1,0,2,2,10
4,0,1,1,13.94,16.665,49,12.998,2011,12,2,21,4,0,1,1,111
4,0,1,2,16.4,20.455,87,6.0032,2011,10,4,0,1,0,1,2,27
2,0,1,1,19.68,23.485,82,12.998,2011,5,12,8,3,0,1,2,421
1,0,1,1,13.12,15.91,57,11.0014,2012,2,6,21,0,0,1,1,154
4,0,0,2,17.22,21.21,67,12.998,2012,10,7,10,6,1,1,1,185
2,0,1,3,25.42,28.03,88,23.9994,2012,6,1,18,4,0,2,2,110
1,0,1,2,9.02,13.635,87,0.0,2011,1,18,20,1,0,0,2,83
1,0,1,1,14.76,16.665,87,16.9979,2012,1,13,3,4,0,1,2,7
4,0,1,2,22.96,26.515,90,11.0014,2011,10,14,8,4,0,2,2,209
3,0,0,2,27.88,31.82,83,15.0013,2011,8,13,20,5,1,2,2,183
3,0,1,3,27.06,29.545,94,6.0032,2011,8,4,3,3,0,2,2,3
1,0,0,3,4.1,3.79,68,26.0027,2012,2,12,0,6,1,0,1,21
4,0,1,1,15.58,19.695,50,26.0027,2012,12,19,19,2,0,1,1,336
1,0,1,1,28.7,31.82,39,15.0013,2012,3,13,15,1,0,2,0,264
3,0,1,1,27.06,31.06,74,6.0032,2011,7,5,6,1,0,2,2,94
2,0,0,1,21.32,25.0,72,7.0015,2012,6,2,7,5,1,2,2,86
2,0,1,1,24.6,28.79,78,0.0,2012,5,4,9,4,0,2,2,294
3,0,1,1,21.32,25.0,77,0.0,2012,9,17,7,0,0,2,2,492
3,0,0,1,27.06,31.06,65,19.0012,2012,8,18,9,5,1,2,1,292
4,0,1,1,13.94,15.15,46,26.0027,2012,12,5,20,2,0,1,1,293
2,0,1,3,15.58,19.695,46,15.0013,2012,4,11,15,2,0,1,1,202
3,0,1,1,29.52,33.335,58,15.0013,2011,9,13,12,1,0,2,1,187
3,0,1,2,26.24,28.79,89,22.0028,2012,9,18,6,1,0,2,2,167
4,0,1,1,22.96,26.515,64,23.9994,2011,11,15,0,1,0,2,1,22
4,0,1,2,22.14,25.76,94,0.0,2011,10,13,1,3,0,2,2,12
1,0,1,1,8.2,8.335,47,27.9993,2011,1,12,15,2,0,0,1,49
2,0,1,1,22.14,25.76,32,15.0013,2012,4,17,23,1,0,2,0,82
4,0,0,2,12.3,16.665,87,0.0,2012,12,1,21,5,1,1,2,158
3,0,1,1,34.44,37.12,39,11.0014,2011,7,13,11,2,0,3,0,165
1,0,1,1,9.84,10.605,38,23.9994,2011,1,13,16,3,0,0,0,78
2,0,1,1,27.06,31.06,41,16.9979,2012,4,4,18,2,0,2,1,759
3,0,1,1,27.06,29.545,89,7.0015,2011,8,8,4,0,0,2,2,10
2,0,1,1,21.32,25.0,77,15.0013,2012,5,2,21,2,0,2,2,239
2,0,1,1,26.24,31.06,41,16.9979,2011,6,13,21,0,0,2,1,218
1,0,1,1,4.1,9.09,54,0.0,2011,1,14,6,4,0,0,1,17
2,0,1,1,22.14,25.76,24,11.0014,2012,4,13,19,4,0,2,0,427
3,0,1,1,32.8,40.15,66,8.9981,2011,7,19,18,1,0,3,1,530
4,0,1,1,23.78,27.275,53,16.9979,2011,10,4,14,1,0,2,1,183
2,0,0,1,25.42,28.79,83,0.0,2011,6,18,5,5,1,2,2,7
2,0,1,1,18.86,22.725,88,15.0013,2012,5,10,3,3,0,1,2,3
1,0,1,2,10.66,14.395,56,6.0032,2012,2,14,9,1,0,1,1,262
4,0,1,1,9.02,13.635,80,0.0,2011,12,9,5,4,0,0,2,20
1,0,0,1,10.66,12.12,41,16.9979,2012,3,4,22,6,1,1,1,62
4,0,0,1,12.3,15.15,56,8.9981,2012,11,4,8,6,1,1,1,149
3,0,1,2,31.16,35.605,58,8.9981,2012,7,11,11,2,0,3,1,229
4,0,1,2,12.3,15.15,81,8.9981,2012,12,7,9,4,0,1,2,301
3,1,0,1,30.34,34.85,70,19.9995,2012,9,3,14,0,0,3,1,512
2,0,0,1,17.22,21.21,26,8.9981,2012,4,8,3,6,1,1,0,26
4,0,1,1,14.76,17.425,50,11.0014,2012,10,11,6,3,0,1,1,159
2,0,0,1,21.32,25.0,59,0.0,2012,4,15,8,6,1,2,1,97
4,0,1,1,17.22,21.21,82,19.0012,2011,10,4,7,1,0,1,2,309
1,0,1,1,5.74,6.82,50,12.998,2011,1,13,8,3,0,0,1,202
1,0,1,1,10.66,14.395,56,6.0032,2012,2,10,4,4,0,1,1,2
4,0,0,2,12.3,15.91,75,6.0032,2011,11,6,9,6,1,1,2,170
3,0,1,2,28.7,32.575,61,8.9981,2011,9,2,16,4,0,2,1,381
3,0,1,2,24.6,28.03,83,8.9981,2011,9,2,5,4,0,2,2,20
3,0,1,2,27.06,31.06,61,11.0014,2011,7,15,10,4,0,2,1,166
2,0,1,3,17.22,21.21,77,7.0015,2012,4,19,1,3,0,1,2,13
4,0,1,3,23.78,27.275,88,8.9981,2012,10,2,9,1,0,2,2,86
4,1,0,1,18.86,22.725,94,0.0,2011,10,10,4,0,0,1,2,6
3,0,0,3,30.34,35.605,79,11.0014,2011,8,6,17,5,1,3,2,149
2,0,1,1,9.84,12.12,70,8.9981,2011,4,6,2,2,0,0,1,5
2,0,0,2,16.4,20.455,71,12.998,2012,4,1,11,6,1,1,2,451
3,0,1,2,23.78,27.275,60,6.0032,2011,9,19,12,0,0,2,1,189
4,0,1,1,23.78,27.275,46,27.9993,2011,10,14,17,4,0,2,1,481
2,0,1,1,24.6,31.06,43,12.998,2012,6,5,16,1,0,2,1,473
3,0,0,2,28.7,32.575,61,11.0014,2011,7,3,1,6,1,2,1,78
2,0,1,1,14.76,17.425,71,8.9981,2012,4,10,2,1,0,1,2,2
2,0,1,2,18.86,22.725,55,0.0,2011,4,7,11,3,0,1,1,122
1,0,1,1,9.84,12.88,48,7.0015,2011,1,4,20,1,0,0,1,54
1,0,1,1,13.12,15.15,49,19.0012,2011,3,2,10,2,0,1,1,76
4,0,0,1,16.4,20.455,71,15.0013,2012,12,2,13,6,1,1,2,431
3,0,1,1,34.44,37.88,44,16.9979,2012,7,19,19,3,0,3,1,533
4,0,0,1,13.12,17.425,66,0.0,2011,11,5,20,5,1,1,1,165
4,0,1,1,18.04,21.97,67,12.998,2011,11,3,11,3,0,1,1,120
4,0,1,1,21.32,25.0,45,15.0013,2011,11,9,15,2,0,2,1,151
3,0,1,1,22.14,25.76,88,0.0,2012,9,14,6,4,0,2,2,152
1,0,0,1,13.12,16.665,33,8.9981,2012,3,10,20,5,1,1,0,121
2,0,0,2,21.32,25.0,94,8.9981,2011,5,14,11,5,1,2,2,279
3,0,0,1,31.16,36.365,66,8.9981,2012,7,15,10,6,1,3,1,382
4,0,1,1,9.84,11.365,52,12.998,2012,12,6,10,3,0,0,1,145
3,0,0,1,35.26,39.395,41,7.0015,2012,7,15,13,6,1,3,1,480
2,0,0,1,32.8,38.635,59,19.9995,2011,6,12,15,6,1,3,1,360
3,0,0,2,23.78,27.275,60,8.9981,2011,9,18,15,6,1,2,1,365
2,0,1,2,32.8,36.365,43,19.0012,2011,6,7,14,1,0,3,1,146
4,0,1,2,22.96,26.515,83,0.0,2012,10,19,3,4,0,2,2,5
1,0,1,1,19.68,23.485,88,12.998,2012,3,1,4,3,0,1,2,5
3,0,1,1,32.8,37.12,49,11.0014,2012,7,3,9,1,0,3,1,272
4,0,1,3,18.86,22.725,100,11.0014,2011,12,7,5,2,0,1,2,3
4,0,0,1,20.5,24.24,45,12.998,2012,11,10,17,5,1,2,1,501
4,0,0,1,21.32,25.0,27,22.0028,2011,11,13,18,6,1,2,0,190
4,0,1,1,15.58,19.695,46,22.0028,2012,12,18,18,1,0,1,1,525
3,0,1,1,25.42,29.545,78,6.0032,2012,9,14,23,4,0,2,2,195
4,0,0,1,10.66,13.635,75,7.0015,2012,12,15,9,5,1,1,2,220
2,0,0,1,22.96,26.515,52,7.0015,2012,6,2,23,5,1,2,1,238
2,0,1,1,22.14,25.76,52,27.9993,2012,5,17,9,3,0,2,1,346
2,0,1,1,35.26,38.635,39,0.0,2011,6,10,14,4,0,3,0,165
1,0,0,1,12.3,15.15,52,8.9981,2012,1,8,8,6,1,1,1,57
1,0,1,1,20.5,24.24,42,12.998,2011,3,17,17,3,0,2,1,313
3,0,1,2,25.42,29.545,73,8.9981,2012,9,17,20,0,0,2,2,340
1,0,1,2,13.12,16.665,45,8.9981,2012,2,10,15,4,0,1,1,191
2,0,1,1,24.6,31.06,53,19.9995,2012,6,14,0,3,0,2,1,48
1,0,1,2,13.94,17.425,100,6.0032,2011,3,11,0,4,0,1,2,6
3,0,0,1,30.34,34.09,58,7.0015,2011,9,11,13,6,1,3,1,350
4,0,1,1,25.42,31.06,57,16.9979,2011,10,18,16,1,0,2,1,304
2,0,1,1,29.52,32.575,32,30.0026,2012,6,13,18,2,0,2,0,744
2,0,0,1,26.24,31.06,53,7.0015,2012,6,9,0,5,1,2,1,206
1,0,0,1,14.76,17.425,46,15.0013,2012,1,8,11,6,1,1,1,256
1,0,1,1,13.12,15.15,36,19.9995,2012,2,9,15,3,0,1,0,134
4,0,1,1,28.7,32.575,48,0.0,2012,10,5,13,4,0,2,1,424
1,0,0,2,9.84,12.88,87,6.0032,2012,2,4,22,5,1,0,2,95
2,0,1,3,22.14,25.76,73,12.998,2011,5,19,14,3,0,2,2,180
3,0,0,1,27.88,31.82,61,15.0013,2011,7,16,23,5,1,2,1,168
3,0,1,1,22.96,26.515,52,12.998,2012,9,19,10,2,0,2,1,192
1,0,0,1,17.22,21.21,54,6.0032,2011,3,12,19,5,1,1,1,112
2,0,0,1,28.7,31.82,34,19.9995,2012,6,3,16,6,1,2,0,662
1,0,0,1,15.58,19.695,29,23.9994,2011,2,13,13,6,1,1,0,154
2,0,1,2,21.32,25.0,83,11.0014,2011,5,13,0,4,0,2,2,52
4,0,0,1,14.76,18.94,46,0.0,2011,12,3,14,5,1,1,1,343
2,0,1,1,27.06,31.06,50,16.9979,2012,6,1,0,4,0,2,1,86
3,0,1,1,25.42,28.03,88,0.0,2012,9,7,5,4,0,2,2,40
4,0,0,1,22.96,26.515,49,27.9993,2011,10,16,22,6,1,2,1,130
3,0,1,1,29.52,34.85,74,16.9979,2011,7,6,20,2,0,2,2,312
3,0,0,2,21.32,25.0,68,12.998,2011,9,17,13,5,1,2,1,349
3,0,0,2,39.36,43.18,30,8.9981,2012,7,7,14,5,1,3,0,308
4,0,0,1,22.96,26.515,83,12.998,2012,10,6,8,5,1,2,2,206
4,0,1,1,11.48,13.635,56,11.0014,2012,12,12,2,2,0,1,1,9
2,0,1,3,20.5,24.24,82,11.0014,2012,5,9,21,2,0,2,2,34
1,0,1,1,7.38,9.09,26,12.998,2011,2,10,17,3,0,0,0,165
2,0,0,3,27.88,31.82,83,19.0012,2011,6,12,16,6,1,2,2,350
4,0,0,2,13.12,16.665,57,7.0015,2012,11,17,21,5,1,1,1,139
2,0,0,1,20.5,24.24,51,7.0015,2012,5,19,2,5,1,2,1,69
3,0,1,1,22.96,26.515,88,0.0,2011,9,13,4,1,0,2,2,8
4,0,1,1,13.94,17.425,81,6.0032,2012,10,12,6,4,0,1,2,143
3,0,0,1,26.24,31.06,53,0.0,2011,7,2,2,5,1,2,1,52
4,0,1,1,18.04,21.97,82,15.0013,2012,10,18,5,3,0,1,2,42
3,0,1,1,28.7,33.335,79,12.998,2011,9,9,18,4,0,2,2,410
2,0,1,2,27.06,29.545,89,6.0032,2011,6,1,5,2,0,2,2,21
4,0,0,1,15.58,19.695,58,11.0014,2012,12,15,18,5,1,1,1,272
2,0,0,2,13.94,17.425,81,6.0032,2012,4,1,4,6,1,1,2,12
4,0,1,1,9.02,11.365,69,8.9981,2012,11,6,6,1,0,0,1,149
3,0,1,1,30.34,32.575,37,0.0,2011,8,10,22,2,0,3,0,139
4,0,1,1,10.66,15.15,60,0.0,2012,12,12,4,2,0,1,1,4
3,0,1,1,34.44,37.88,44,19.9995,2011,7,7,18,3,0,3,1,562
4,0,1,1,21.32,25.0,72,0.0,2011,10,5,22,2,0,2,2,154
2,0,1,2,22.14,25.76,45,12.998,2012,5,7,23,0,0,2,1,113
2,0,1,1,18.86,22.725,63,0.0,2011,4,18,7,0,0,1,1,168
3,0,0,1,18.86,22.725,72,16.9979,2011,9,18,8,6,1,1,2,69
4,0,1,2,14.76,17.425,81,8.9981,2011,11,1,3,1,0,1,2,6
3,0,1,1,27.06,30.305,83,16.9979,2011,7,13,23,2,0,2,2,116
4,0,1,2,15.58,19.695,50,15.0013,2012,12,11,13,1,0,1,1,254
3,0,0,1,31.16,35.605,58,15.0013,2011,7,9,20,5,1,3,1,314
1,1,0,1,10.66,12.12,56,19.0012,2012,1,16,19,0,0,1,1,144
4,0,1,2,20.5,24.24,72,11.0014,2012,10,9,19,1,0,2,2,514
2,0,1,1,24.6,31.06,56,11.0014,2011,6,14,20,1,0,2,1,297
3,0,1,1,27.06,30.305,83,7.0015,2012,9,7,8,4,0,2,2,719
2,0,1,2,29.52,35.605,84,6.0032,2011,6,9,6,3,0,2,2,118
4,0,0,1,12.3,15.91,75,6.0032,2011,12,4,1,6,1,1,2,74
1,0,0,3,12.3,14.395,70,12.998,2012,2,4,17,5,1,1,1,67
2,0,1,1,26.24,31.06,33,16.9979,2011,6,2,22,3,0,2,0,155
1,0,1,1,10.66,12.88,60,15.0013,2012,2,3,5,4,0,1,1,17
2,0,1,1,25.42,31.06,35,15.0013,2011,6,2,23,3,0,2,0,112
3,0,1,1,25.42,30.305,65,11.0014,2011,8,11,6,3,0,2,1,106
4,0,1,2,13.12,15.15,53,19.0012,2012,11,7,12,2,0,1,1,212
3,0,1,2,26.24,30.305,73,11.0014,2011,9,2,23,4,0,2,2,98
4,0,1,1,10.66,13.635,60,8.9981,2012,12,12,3,2,0,1,1,10
3,0,0,1,30.34,34.85,70,11.0014,2011,9,4,11,6,1,3,1,337
1,0,0,2,12.3,14.395,36,15.0013,2012,2,19,3,6,1,1,0,15
2,0,1,1,25.42,31.06,46,23.9994,2011,6,13,9,0,0,2,1,224
2,0,1,1,25.42,30.305,23,15.0013,2012,5,11,14,4,0,2,0,334
3,0,1,1,33.62,36.365,36,19.9995,2011,8,2,10,1,0,3,0,140
1,0,1,1,9.02,12.88,64,6.0032,2011,1,4,22,1,0,0,1,35
3,0,1,1,30.34,35.605,74,6.0032,2012,9,6,14,3,0,3,2,216
1,0,1,3,12.3,15.91,61,7.0015,2012,2,8,15,2,0,1,1,54
3,0,1,2,29.52,34.85,74,16.9979,2011,7,8,8,4,0,2,2,457
3,0,1,2,22.14,25.76,88,26.0027,2011,9,6,17,1,0,2,2,291
3,0,1,3,22.14,25.76,88,19.9995,2011,9,6,13,1,0,2,2,29
4,0,1,2,18.86,22.725,88,19.0012,2012,12,10,18,0,0,1,2,564
4,0,0,1,16.4,20.455,50,15.0013,2012,12,15,17,5,1,1,1,309
4,0,1,1,8.2,12.88,69,0.0,2011,12,12,2,0,0,0,1,4
2,0,1,1,18.86,22.725,36,8.9981,2012,4,13,11,4,0,1,0,233
1,1,0,2,12.3,13.635,49,23.9994,2012,1,16,22,0,0,1,1,43
4,0,1,1,12.3,16.665,93,0.0,2011,11,7,5,0,0,1,2,26
2,0,1,2,21.32,25.0,88,8.9981,2011,5,13,16,4,0,2,2,300
3,0,1,1,24.6,27.275,88,16.9979,2011,8,15,7,0,0,2,2,258
2,0,1,1,28.7,31.82,37,19.0012,2011,6,15,19,2,0,2,0,416
4,0,1,1,9.84,10.605,65,19.0012,2012,11,14,7,2,0,0,1,415
2,0,1,1,24.6,28.79,78,0.0,2012,5,1,23,1,0,2,2,95
3,0,0,1,31.98,37.12,62,15.0013,2011,8,6,11,5,1,3,1,349
1,0,0,1,10.66,12.88,100,12.998,2011,2,5,21,5,1,1,2,56
1,0,0,3,17.22,21.21,67,26.0027,2012,1,1,19,6,1,1,1,105
2,0,0,1,26.24,31.06,50,15.0013,2012,6,9,2,5,1,2,1,89
1,0,1,2,16.4,20.455,87,19.0012,2012,3,16,3,4,0,1,2,3
3,0,1,1,30.34,34.09,58,15.0013,2011,7,12,6,1,0,3,1,115
1,0,1,1,4.92,7.575,93,8.9981,2011,1,12,6,2,0,0,2,16
1,0,1,1,16.4,20.455,43,16.9979,2012,2,6,17,0,0,1,1,430
4,0,0,1,13.94,15.91,61,19.0012,2011,11,12,10,5,1,1,1,232
4,0,0,1,13.12,16.665,57,7.0015,2012,11,3,22,5,1,1,1,146
3,0,1,1,26.24,29.545,78,22.0028,2011,8,15,9,0,0,2,2,222
4,0,1,3,19.68,23.485,48,16.9979,2012,12,18,12,1,0,1,1,313
3,0,1,1,25.42,30.305,65,7.0015,2012,9,13,21,3,0,2,1,317
4,0,1,1,24.6,29.545,69,15.0013,2012,10,5,21,4,0,2,1,267
2,0,0,1,26.24,31.06,36,11.0014,2012,6,2,19,5,1,2,0,554
2,0,1,2,20.5,24.24,39,19.0012,2012,4,18,6,2,0,2,0,134
3,0,1,3,24.6,25.76,94,16.9979,2012,9,18,0,1,0,2,2,13
1,0,0,1,18.04,21.97,44,15.0013,2012,1,7,21,5,1,1,1,140
1,0,0,2,16.4,20.455,87,6.0032,2012,3,3,11,5,1,1,2,214
2,0,1,1,22.14,25.76,83,12.998,2011,5,12,22,3,0,2,2,172
1,0,1,1,12.3,12.88,26,36.9974,2011,3,2,22,2,0,1,0,48
1,0,1,1,9.02,10.605,55,16.9979,2011,3,2,6,2,0,0,1,40
1,0,0,1,9.84,10.605,41,23.9994,2012,3,10,4,5,1,0,1,4
4,0,1,1,9.02,10.605,55,19.9995,2012,12,6,4,3,0,0,1,9
2,0,1,2,24.6,31.06,53,26.0027,2012,5,7,16,0,0,2,1,388
1,1,0,1,10.66,11.365,48,22.0028,2012,1,16,17,0,0,1,1,193
1,1,0,2,7.38,9.85,43,8.9981,2011,1,17,4,0,0,0,1,3
4,0,0,1,14.76,17.425,62,8.9981,2012,12,15,19,5,1,1,1,257
1,0,1,1,12.3,16.665,49,0.0,2012,1,5,11,3,0,1,1,84
3,0,1,1,25.42,29.545,73,6.0032,2012,8,13,6,0,0,2,2,159
2,0,1,1,24.6,30.305,28,7.0015,2012,5,11,21,4,0,2,0,270
3,0,1,1,31.16,36.365,66,15.0013,2011,7,5,22,1,0,3,1,155
2,0,0,1,34.44,37.12,36,19.0012,2012,6,10,16,6,1,3,0,508
2,0,1,3,9.84,11.365,93,15.0013,2011,4,1,5,4,0,0,2,12
2,0,0,2,18.86,22.725,82,0.0,2011,5,8,7,6,1,1,2,23
4,0,1,1,12.3,15.91,61,0.0,2012,12,19,0,2,0,1,1,41
1,0,1,2,22.96,26.515,60,30.0026,2012,3,8,12,3,0,2,1,251
4,0,1,2,21.32,25.0,68,15.0013,2012,10,18,10,3,0,2,1,218
4,0,1,2,15.58,19.695,43,22.0028,2012,11,2,18,4,0,1,1,522
3,0,1,2,24.6,28.03,83,11.0014,2011,9,2,3,4,0,2,2,8
1,0,1,1,10.66,11.365,44,19.9995,2012,1,19,15,3,0,1,1,127
4,0,0,1,15.58,19.695,46,0.0,2011,12,3,16,5,1,1,1,305
2,0,1,2,17.22,21.21,82,19.0012,2011,4,12,20,1,0,1,2,103
1,0,0,1,12.3,14.395,61,16.9979,2012,2,18,2,5,1,1,1,45
2,0,1,1,36.9,40.91,37,16.9979,2011,6,9,17,3,0,3,0,409
1,0,0,1,10.66,14.395,44,6.0032,2012,3,11,0,6,1,1,1,69
3,0,1,1,23.78,27.275,83,0.0,2011,9,13,3,1,0,2,2,4
3,0,0,1,28.7,33.335,84,12.998,2011,8,7,7,6,1,2,2,39
4,0,1,1,13.94,15.15,66,27.9993,2012,12,11,7,1,0,1,1,380
3,0,1,1,32.8,36.365,43,15.0013,2011,8,10,10,2,0,3,1,113
1,0,1,2,9.84,12.88,60,7.0015,2011,2,4,18,4,0,0,1,155
3,0,1,1,31.16,35.605,58,16.9979,2011,8,18,11,3,0,3,1,141
2,0,1,1,22.96,26.515,60,15.0013,2012,6,4,2,0,0,2,1,11
1,0,0,1,14.76,17.425,62,12.998,2011,3,13,7,6,1,1,1,10
1,0,1,2,10.66,12.88,75,15.0013,2012,1,13,6,4,0,1,2,73
4,0,1,3,25.42,28.03,88,8.9981,2012,10,2,16,1,0,2,2,374
1,0,1,2,12.3,15.15,70,8.9981,2012,2,16,0,3,0,1,1,23
4,0,1,1,9.02,13.635,69,0.0,2012,12,14,2,4,0,0,1,9
4,0,1,3,25.42,28.03,88,7.0015,2012,10,2,17,1,0,2,2,715
2,0,1,1,19.68,23.485,77,0.0,2012,6,6,5,2,0,1,2,38
3,0,1,1,30.34,34.09,62,15.0013,2012,8,14,21,1,0,3,1,308
2,0,0,1,20.5,24.24,25,15.0013,2012,4,8,10,6,1,2,0,299
3,0,1,1,26.24,30.305,65,8.9981,2012,9,13,19,3,0,2,1,674
1,0,1,1,19.68,23.485,72,12.998,2012,3,15,23,3,0,1,2,97
4,0,1,1,19.68,23.485,55,16.9979,2012,10,16,9,1,0,1,1,355
3,1,0,2,30.34,34.85,70,8.9981,2011,9,5,13,0,0,3,1,389
2,0,1,3,26.24,31.06,50,19.0012,2011,6,14,17,1,0,2,1,569
1,0,0,1,6.56,6.82,47,23.9994,2012,1,14,22,5,1,0,1,66
3,0,0,1,29.52,34.85,74,16.9979,2012,8,5,3,6,1,2,2,41
4,0,1,2,20.5,24.24,55,23.9994,2011,12,15,13,3,0,2,1,164
3,0,1,1,22.14,25.76,77,0.0,2012,9,14,3,4,0,2,2,14
3,0,1,1,35.26,39.395,41,16.9979,2011,7,7,14,3,0,3,1,160
1,0,1,3,13.94,15.91,71,16.9979,2012,2,16,13,3,0,1,2,64
3,0,1,1,29.52,33.335,54,7.0015,2011,9,12,13,0,0,2,1,163
2,0,0,2,22.96,26.515,83,7.0015,2012,6,2,1,5,1,2,2,76
3,0,0,1,27.06,31.06,36,23.9994,2012,9,15,12,5,1,2,0,706
3,0,0,1,27.06,31.06,65,11.0014,2011,7,16,8,5,1,2,1,127
2,0,1,1,19.68,23.485,63,15.0013,2011,4,19,3,1,0,1,1,3
1,0,0,2,5.74,6.06,50,19.0012,2012,1,15,6,6,1,0,1,8
2,0,1,1,22.96,26.515,94,7.0015,2011,6,6,4,0,0,2,2,8
3,0,1,1,18.86,22.725,72,6.0032,2012,9,11,5,1,0,1,2,44
1,0,1,1,13.94,17.425,53,7.0015,2012,3,12,7,0,0,1,1,268
1,0,1,1,12.3,16.665,61,0.0,2012,2,7,2,1,0,1,1,4
2,0,0,2,21.32,25.0,100,7.0015,2011,5,15,1,6,1,2,2,47
2,0,1,2,27.06,31.06,65,22.0028,2011,5,3,11,1,0,2,1,140
2,0,1,1,18.86,22.725,77,7.0015,2012,5,18,5,4,0,1,2,34
3,0,1,1,34.44,35.605,26,19.9995,2011,8,10,17,2,0,3,0,584
4,0,1,1,22.14,25.76,68,19.0012,2011,11,15,5,1,0,2,1,28
1,0,0,1,25.42,31.06,57,19.9995,2012,3,17,18,5,1,2,1,560
3,0,1,3,27.06,29.545,94,8.9981,2012,9,6,10,3,0,2,2,49
2,0,0,1,28.7,32.575,58,11.0014,2012,6,9,22,5,1,2,1,214
2,0,1,1,22.14,25.76,32,0.0,2011,4,14,19,3,0,2,0,259
2,0,0,2,16.4,20.455,82,6.0032,2011,5,1,6,6,1,1,2,13
1,0,1,1,6.56,8.335,50,11.0014,2011,1,10,20,0,0,0,1,74
2,0,0,2,24.6,30.305,64,6.0032,2012,5,6,12,6,1,2,1,558
2,0,0,3,20.5,24.24,63,7.0015,2012,4,1,22,6,1,2,1,68
3,0,1,1,24.6,28.79,78,11.0014,2012,8,16,6,3,0,2,2,165
1,0,1,2,12.3,14.395,42,15.0013,2011,2,4,16,4,0,1,1,99
4,0,1,1,25.42,29.545,73,15.0013,2012,10,19,13,4,0,2,2,375
3,0,1,1,31.16,34.85,55,15.0013,2011,8,17,19,2,0,3,1,347
2,0,0,2,25.42,31.06,33,16.9979,2012,4,14,17,5,1,2,0,560
4,0,1,1,13.94,18.18,61,0.0,2011,12,9,18,4,0,1,1,318
4,0,1,1,6.56,8.335,80,11.0014,2011,12,13,7,1,0,0,2,223
3,0,1,3,30.34,34.09,55,19.9995,2011,8,15,15,0,0,3,1,182
1,0,1,2,17.22,21.21,82,0.0,2012,3,16,9,4,0,1,2,312
3,0,1,1,27.88,31.82,65,7.0015,2012,8,15,23,2,0,2,1,138
1,0,1,1,5.74,6.06,50,22.0028,2011,2,3,7,3,0,0,1,87
1,0,1,1,17.22,21.21,77,23.9994,2012,3,8,7,3,0,1,2,334
1,0,0,2,18.04,21.97,88,8.9981,2012,3,18,12,6,1,1,2,503
1,0,0,1,13.94,16.665,42,12.998,2012,1,8,1,6,1,1,1,72
1,0,0,2,18.86,22.725,94,12.998,2011,1,2,3,6,1,1,2,6
3,0,1,3,27.88,31.82,69,12.998,2011,8,19,0,4,0,2,1,62
2,0,1,1,29.52,34.85,74,16.9979,2011,6,10,22,4,0,2,2,185
3,0,1,1,31.16,35.605,58,7.0015,2011,8,8,22,0,0,3,1,147
4,0,1,2,10.66,15.15,81,0.0,2011,12,14,5,2,0,1,2,26
3,0,1,2,28.7,33.335,74,39.0007,2012,9,18,13,1,0,2,2,114
2,0,1,3,16.4,20.455,94,22.0028,2011,4,13,3,2,0,1,2,2
4,0,0,2,14.76,16.665,46,26.0027,2012,11,3,11,5,1,1,1,340
3,0,1,2,22.96,26.515,88,0.0,2012,9,14,7,4,0,2,2,454
3,0,0,1,33.62,39.395,56,0.0,2012,7,1,9,6,1,3,1,219
3,0,1,1,25.42,29.545,73,6.0032,2011,9,15,3,3,0,2,2,8
3,0,0,1,28.7,33.335,79,15.0013,2011,8,14,10,6,1,2,2,183
4,0,1,1,18.86,22.725,36,26.0027,2011,11,4,16,4,0,1,0,290
1,0,1,1,8.2,8.335,75,27.9993,2011,3,7,7,0,0,0,2,91
3,0,0,1,23.78,27.275,73,7.0015,2011,7,2,5,5,1,2,2,14
2,0,1,1,22.96,26.515,49,23.9994,2011,5,6,12,4,0,2,1,246
3,0,1,1,28.7,33.335,84,0.0,2012,8,8,2,2,0,2,2,6
3,0,1,1,30.34,34.09,55,15.0013,2012,8,15,12,2,0,3,1,307
3,0,0,2,26.24,30.305,69,7.0015,2012,8,19,8,6,1,2,1,124
3,0,1,1,29.52,33.335,58,16.9979,2012,7,11,22,2,0,2,1,244
1,1,0,1,10.66,11.365,52,22.0028,2012,1,16,18,0,0,1,1,181
1,0,0,2,9.84,10.605,100,19.0012,2011,2,5,17,5,1,0,2,78
3,0,1,1,31.16,36.365,66,12.998,2012,8,14,19,1,0,3,1,627
4,0,1,2,18.04,21.97,88,11.0014,2012,12,4,8,1,0,1,2,721
3,0,0,1,25.42,29.545,73,15.0013,2012,8,18,4,5,1,2,2,13
1,0,0,1,18.86,22.725,41,30.0026,2011,3,12,16,5,1,1,1,244
3,0,1,1,28.7,33.335,74,0.0,2011,8,9,4,1,0,2,2,7
2,0,0,1,29.52,32.575,42,16.9979,2012,5,13,16,6,1,2,1,564
4,0,1,2,14.76,17.425,57,11.0014,2011,12,19,22,0,0,1,1,107
3,0,0,1,26.24,30.305,65,0.0,2011,7,2,7,5,1,2,1,45
4,0,1,1,22.14,25.76,41,22.0028,2012,10,16,15,1,0,2,1,346
3,0,0,2,26.24,30.305,73,12.998,2012,8,19,20,6,1,2,2,274
4,0,0,3,16.4,20.455,82,23.9994,2011,10,1,9,5,1,1,2,129
1,0,0,1,5.74,5.305,46,27.9993,2011,1,9,21,6,1,0,1,20
4,0,0,1,9.02,11.365,75,12.998,2011,11,12,7,5,1,0,2,27
1,0,1,1,5.74,6.82,69,12.998,2011,2,11,10,4,0,0,1,44
3,1,0,2,27.88,31.82,89,11.0014,2012,9,3,1,0,0,2,2,55
3,0,1,1,34.44,39.395,49,11.0014,2011,8,9,13,1,0,3,1,175
3,0,1,1,34.44,36.365,32,27.9993,2011,8,2,11,1,0,3,0,128
2,0,1,2,24.6,31.06,56,16.9979,2012,5,14,0,0,0,2,1,35
3,0,1,2,28.7,32.575,61,16.9979,2011,9,2,15,4,0,2,1,346
2,0,1,1,18.86,22.725,41,8.9981,2012,4,9,1,0,0,1,1,16
4,0,0,1,17.22,21.21,82,15.0013,2012,10,14,7,6,1,1,2,51
4,0,1,1,20.5,24.24,45,12.998,2011,10,14,21,4,0,2,1,178
4,0,1,1,9.02,11.365,69,12.998,2012,11,14,4,2,0,0,1,6
4,0,1,1,17.22,21.21,50,23.9994,2012,12,19,16,2,0,1,1,334
2,0,1,1,31.16,33.335,25,31.0009,2011,6,2,12,3,0,3,0,232
4,0,0,1,16.4,20.455,37,12.998,2011,11,5,15,5,1,1,0,343
4,0,1,1,20.5,24.24,77,6.0032,2011,10,18,8,1,0,2,2,499
4,0,0,1,22.14,25.76,77,15.0013,2012,10,6,3,5,1,2,2,56
3,0,1,3,26.24,28.03,94,19.0012,2011,9,8,17,3,0,2,2,113
1,0,0,3,11.48,12.12,100,27.9993,2011,3,6,20,6,1,1,2,11
4,0,0,1,17.22,21.21,71,7.0015,2011,11,6,18,6,1,1,2,185
1,0,1,2,22.96,26.515,49,15.0013,2012,3,12,19,0,0,2,1,446
2,0,0,2,18.04,21.97,62,12.998,2012,4,1,13,6,1,1,1,464
1,0,1,1,21.32,25.0,27,31.0009,2011,2,14,16,0,0,2,0,118
2,0,1,2,23.78,27.275,88,0.0,2012,5,16,0,2,0,2,2,39
1,0,1,3,13.12,16.665,70,8.9981,2012,2,16,10,3,0,1,1,44
4,0,1,1,15.58,19.695,46,26.0027,2012,11,13,14,1,0,1,1,203
3,0,1,1,16.4,20.455,71,19.0012,2011,9,16,4,4,0,1,2,4
3,0,1,2,30.34,34.85,70,23.9994,2011,7,8,10,4,0,3,1,138
2,0,1,1,28.7,32.575,65,16.9979,2011,6,17,12,4,0,2,1,243
4,0,0,3,14.76,17.425,81,11.0014,2011,10,2,14,6,1,1,2,256
1,0,0,1,9.02,13.635,87,0.0,2012,2,18,8,5,1,0,2,102
1,0,0,2,14.76,16.665,66,19.9995,2011,1,2,12,6,1,1,1,93
4,0,1,1,14.76,16.665,37,26.0027,2012,11,8,21,3,0,1,0,233
4,0,1,1,28.7,32.575,48,12.998,2012,10,5,11,4,0,2,1,304
4,0,1,1,13.12,15.15,53,15.0013,2012,12,11,20,1,0,1,1,257
4,0,1,1,16.4,20.455,82,6.0032,2011,10,4,4,1,0,1,2,7
4,0,1,1,20.5,24.24,51,23.9994,2012,10,10,21,2,0,2,1,269
1,0,1,1,9.02,12.12,64,7.0015,2012,1,9,4,0,0,0,1,4
2,0,1,1,18.86,22.725,67,6.0032,2011,4,19,4,1,0,1,1,5
3,0,1,1,29.52,34.09,66,0.0,2011,7,7,23,3,0,2,1,129
2,0,1,1,22.14,25.76,49,15.0013,2011,6,3,3,4,0,2,1,5
1,0,1,1,18.86,22.725,63,6.0032,2012,2,1,23,2,0,1,1,97
4,0,1,1,21.32,25.0,55,22.0028,2012,12,5,1,2,0,2,1,11
3,0,0,1,30.34,34.09,55,15.0013,2011,9,10,15,5,1,3,1,480
3,0,1,2,27.06,31.06,65,8.9981,2011,9,14,22,2,0,2,1,160
2,0,1,1,18.86,22.725,51,8.9981,2012,5,11,1,4,0,1,1,46
3,0,0,1,20.5,24.24,72,0.0,2012,9,16,5,6,1,2,2,13
4,0,1,1,22.14,25.76,60,19.0012,2012,10,10,9,2,0,2,1,366
2,0,1,1,26.24,31.06,41,31.0009,2012,6,4,10,0,0,2,1,187
3,0,1,1,29.52,34.09,62,0.0,2012,7,5,5,3,0,2,1,29
3,0,0,1,26.24,29.545,78,19.9995,2011,9,10,9,5,1,2,2,207
3,0,0,1,34.44,37.12,36,8.9981,2011,7,9,14,5,1,3,0,373
3,0,0,2,28.7,33.335,84,15.0013,2011,8,7,2,6,1,2,2,66
4,1,0,1,25.42,30.305,69,6.0032,2011,10,10,11,0,0,2,1,322
3,0,0,2,18.86,22.725,77,12.998,2011,9,17,7,5,1,1,2,37
3,0,1,2,21.32,25.0,45,0.0,2011,9,16,12,4,0,2,1,251
2,0,0,2,25.42,29.545,73,6.0032,2011,6,5,10,6,1,2,2,251
2,0,0,1,23.78,27.275,35,16.9979,2012,4,14,12,5,1,2,0,678
2,0,1,1,25.42,28.79,83,7.0015,2012,6,11,6,0,0,2,2,144
2,0,1,1,18.86,22.725,38,32.9975,2011,4,6,13,2,0,1,0,112
1,0,1,1,13.94,15.91,19,15.0013,2011,2,15,14,1,0,1,0,79
1,0,1,1,21.32,25.0,68,0.0,2012,3,14,9,2,0,2,1,351
4,0,1,3,22.14,25.76,94,16.9979,2011,10,12,15,2,0,2,2,45
4,0,1,1,12.3,16.665,45,0.0,2012,12,13,20,3,0,1,1,241
4,0,0,1,16.4,20.455,66,15.0013,2011,12,4,13,6,1,1,1,357
3,0,1,1,28.7,33.335,79,6.0032,2011,8,8,5,0,0,2,2,15
3,0,1,1,24.6,28.03,83,7.0015,2011,9,14,7,2,0,2,2,370
3,0,1,1,27.88,31.82,57,11.0014,2012,9,14,19,4,0,2,1,579
3,0,0,1,32.8,35.605,36,6.0032,2011,7,2,11,5,1,3,0,357
2,0,1,1,26.24,30.305,73,12.998,2012,5,15,12,1,0,2,2,264
2,0,1,2,27.06,29.545,94,12.998,2012,6,13,0,2,0,2,2,34
1,0,0,1,11.48,12.88,38,22.0028,2011,2,12,18,5,1,1,0,64
3,0,1,1,36.9,40.91,35,23.9994,2012,7,5,12,3,0,3,0,276
2,0,0,2,22.14,25.76,52,11.0014,2012,4,14,22,5,1,2,1,212
2,0,1,2,21.32,25.0,68,22.0028,2012,5,8,4,1,0,2,1,5
3,0,1,1,26.24,29.545,78,11.0014,2011,9,13,21,1,0,2,2,245
2,0,1,1,13.94,15.91,66,16.9979,2011,5,5,3,3,0,1,1,4
3,0,0,2,26.24,29.545,78,7.0015,2012,8,19,18,6,1,2,2,377
4,0,1,2,13.12,15.15,53,15.0013,2012,12,12,17,2,0,1,1,561
4,0,0,1,9.84,12.12,87,8.9981,2012,12,1,6,5,1,0,2,27
4,0,1,1,16.4,20.455,87,0.0,2011,11,9,21,2,0,1,2,161
3,0,1,3,22.14,25.76,94,16.9979,2011,9,6,2,1,0,2,2,2
2,0,1,3,22.96,26.515,88,0.0,2011,5,17,1,1,0,2,2,13
4,0,1,1,5.74,7.575,86,8.9981,2011,12,12,7,0,0,0,2,235
2,0,0,3,18.86,22.725,72,0.0,2012,4,1,23,6,1,1,2,63
2,0,1,1,16.4,20.455,87,11.0014,2011,4,18,4,0,0,1,2,6
2,0,1,3,22.96,26.515,88,0.0,2011,5,17,2,1,0,2,2,8
4,1,0,1,22.96,26.515,73,11.0014,2011,10,10,10,0,0,2,2,265
3,0,1,1,29.52,34.09,66,12.998,2012,8,13,21,0,0,2,1,290
2,0,1,2,16.4,20.455,94,19.9995,2011,4,12,22,1,0,1,2,54
3,0,0,1,36.9,43.18,45,0.0,2012,7,8,10,6,1,3,1,319
3,0,0,3,29.52,34.85,74,6.0032,2012,9,2,13,6,1,2,2,493
3,0,1,1,26.24,31.06,57,8.9981,2011,8,11,3,3,0,2,1,9
3,0,1,3,28.7,33.335,74,15.0013,2012,7,10,19,1,0,2,2,414
1,1,0,2,7.38,9.09,43,12.998,2011,1,17,3,0,0,0,1,2
4,0,1,1,8.2,12.88,80,0.0,2011,12,13,4,1,0,0,2,4
2,0,0,3,12.3,13.635,100,16.9979,2011,4,9,4,5,1,1,2,3
3,0,1,1,31.16,35.605,58,23.9994,2012,8,10,14,4,0,3,1,307
1,0,0,1,26.24,31.06,50,8.9981,2012,3,17,17,5,1,2,1,648
4,0,0,1,24.6,31.06,33,11.0014,2012,11,11,14,6,1,2,0,654
3,0,0,3,29.52,35.605,84,16.9979,2011,8,6,19,5,1,2,2,171
1,0,0,2,13.94,16.665,93,12.998,2011,3,5,10,5,1,1,2,103
4,0,1,3,16.4,20.455,50,15.0013,2012,11,1,17,3,0,1,1,689
4,0,0,1,12.3,16.665,26,0.0,2011,12,11,15,6,1,1,0,266
2,0,1,1,26.24,30.305,65,11.0014,2012,5,2,16,2,0,2,1,367
1,0,1,2,25.42,31.06,43,43.0006,2012,3,8,14,3,0,2,1,203
1,0,1,1,9.02,12.12,75,7.0015,2012,2,6,10,0,0,0,2,116
3,0,0,1,29.52,34.85,79,6.0032,2012,8,5,22,6,1,2,2,157
2,0,1,2,22.14,25.76,77,15.0013,2011,5,2,10,0,0,2,2,108
3,0,1,2,24.6,30.305,60,0.0,2011,9,19,13,0,0,2,1,177
3,0,1,1,31.16,35.605,62,0.0,2012,7,18,21,2,0,3,1,319
2,0,1,2,22.14,25.76,88,15.0013,2011,5,3,7,1,0,2,2,265
1,0,1,2,17.22,21.21,58,19.0012,2011,3,16,21,2,0,1,1,78
2,0,0,1,22.96,26.515,43,12.998,2011,5,7,19,5,1,2,1,267
3,0,0,1,33.62,35.605,30,19.0012,2011,7,2,18,5,1,3,0,383
3,0,1,1,28.7,33.335,74,19.9995,2011,8,4,18,3,0,2,2,523
2,0,1,2,21.32,25.0,88,26.0027,2011,5,13,13,4,0,2,2,226
2,0,1,2,20.5,24.24,88,8.9981,2011,5,13,2,4,0,2,2,11
3,0,1,1,27.88,12.12,57,11.0014,2012,8,17,0,4,0,2,1,88
3,0,1,1,17.22,21.21,67,12.998,2011,9,16,1,4,0,1,1,26
4,0,1,1,17.22,21.21,50,19.0012,2012,12,19,15,2,0,1,1,237
3,0,0,1,36.9,42.425,42,19.9995,2011,8,7,12,6,1,3,1,370
4,0,1,3,21.32,25.0,77,16.9979,2011,10,19,7,2,0,2,2,68
4,0,0,2,22.14,25.76,28,26.0027,2011,11,13,16,6,1,2,0,319
4,0,1,2,14.76,16.665,66,16.9979,2012,11,19,6,0,0,1,1,131
2,0,1,1,20.5,24.24,94,11.0014,2011,5,16,3,0,0,2,2,4
4,0,1,2,15.58,19.695,54,7.0015,2011,12,14,15,2,0,1,1,167
1,0,1,2,10.66,13.635,93,8.9981,2011,1,19,10,2,0,1,2,47
3,0,1,1,33.62,38.635,52,19.0012,2011,7,7,19,3,0,3,1,365
3,0,0,1,34.44,41.665,59,12.998,2012,7,7,22,5,1,3,1,220
2,0,1,2,26.24,30.305,73,12.998,2012,5,15,14,1,0,2,2,184
4,0,1,1,22.96,26.515,56,19.9995,2011,10,4,13,1,0,2,1,173
1,0,1,1,17.22,21.21,38,19.9995,2012,1,10,15,1,0,1,0,136
3,0,0,1,27.06,29.545,89,0.0,2012,9,2,4,6,1,2,2,22
4,0,1,2,16.4,20.455,87,0.0,2012,12,17,12,0,0,1,2,232
1,0,0,1,10.66,13.635,87,7.0015,2012,1,1,8,6,1,1,2,14
3,0,1,1,27.88,31.82,79,0.0,2012,7,10,3,1,0,2,2,3
1,0,1,1,13.94,15.91,25,16.9979,2012,2,13,18,0,0,1,0,405
2,0,1,1,30.34,33.335,48,19.9995,2012,6,14,15,3,0,3,1,324
2,0,1,1,30.34,33.335,48,35.0008,2011,4,11,16,0,0,3,1,235
3,0,1,2,30.34,33.335,45,0.0,2012,8,13,9,0,0,3,1,305
2,0,1,2,14.76,16.665,63,27.9993,2011,4,5,13,1,0,1,1,56
1,0,0,1,9.84,11.365,41,16.9979,2012,1,14,17,5,1,0,1,144
1,0,1,1,9.84,12.88,75,7.0015,2011,3,9,4,2,0,0,2,2
2,0,0,1,28.7,32.575,61,15.0013,2011,6,18,9,5,1,2,1,218
3,0,0,2,24.6,28.03,83,11.0014,2012,9,8,21,5,1,2,2,181
3,0,1,1,22.96,26.515,73,6.0032,2012,9,14,0,4,0,2,2,87
1,0,1,1,17.22,21.21,77,11.0014,2012,1,12,14,3,0,1,2,156
3,0,1,3,27.06,29.545,89,16.9979,2012,7,19,21,3,0,2,2,332
4,0,1,1,18.04,21.97,77,0.0,2011,12,5,18,0,0,1,2,399
3,0,0,1,34.44,37.88,41,19.0012,2011,7,10,16,6,1,3,1,372
3,0,1,1,25.42,29.545,73,15.0013,2012,8,16,4,3,0,2,2,5
1,0,1,1,7.38,8.335,47,16.9979,2012,1,18,22,2,0,0,1,78
1,0,1,1,13.12,14.395,53,26.0027,2012,2,3,0,4,0,1,1,38
2,0,1,1,24.6,31.06,43,0.0,2012,4,19,15,3,0,2,1,262
3,0,0,1,37.72,44.695,42,19.9995,2012,7,8,11,6,1,3,1,389
1,0,1,1,16.4,20.455,76,7.0015,2012,2,2,14,3,0,1,2,141
2,0,0,3,16.4,20.455,87,23.9994,2011,4,16,8,5,1,1,2,45
4,0,0,1,17.22,21.21,38,19.9995,2011,11,19,16,5,1,1,0,287
4,0,1,1,18.04,21.97,51,27.9993,2011,11,4,13,4,0,1,1,194
3,0,1,2,29.52,34.09,66,6.0032,2011,8,19,11,4,0,2,1,165
1,0,0,1,12.3,15.15,61,11.0014,2012,2,5,14,6,1,1,1,243
1,0,0,1,10.66,12.88,70,12.998,2011,2,6,0,6,1,1,1,39
3,0,0,1,27.06,31.06,85,8.9981,2011,9,3,23,5,1,2,2,123
4,0,1,3,18.04,21.97,88,43.0006,2012,11,13,1,1,0,1,2,5
4,0,1,2,15.58,19.695,54,7.0015,2011,12,14,16,2,0,1,1,245
2,0,1,2,18.86,22.725,88,0.0,2012,5,3,3,3,0,1,2,6
1,0,1,2,6.56,7.575,86,15.0013,2011,1,11,17,1,0,0,2,136
4,0,0,1,19.68,23.485,67,22.0028,2011,10,1,1,5,1,1,1,58
3,0,0,3,23.78,27.275,78,6.0032,2011,9,11,23,6,1,2,2,45
4,0,1,1,22.14,25.76,49,0.0,2011,10,6,11,3,0,2,1,144
1,0,0,1,12.3,13.635,52,22.0028,2012,3,4,8,6,1,1,1,66
4,0,1,2,14.76,18.18,87,6.0032,2011,12,5,11,0,0,1,2,123
2,0,1,3,18.86,22.725,47,16.9979,2012,4,18,11,2,0,1,1,119
2,0,1,1,22.96,26.515,22,11.0014,2012,4,4,22,2,0,2,0,181
3,0,1,1,22.14,25.76,94,7.0015,2011,9,12,4,0,0,2,2,4
3,0,1,1,31.16,36.365,66,11.0014,2012,7,18,0,2,0,3,1,53
3,0,1,1,16.4,20.455,71,19.0012,2011,9,16,7,4,0,1,2,299
4,0,1,3,18.86,22.725,94,19.0012,2011,12,6,10,1,0,1,2,50
2,0,1,1,26.24,31.06,33,0.0,2011,5,10,17,1,0,2,0,611
1,0,1,1,7.38,10.605,51,7.0015,2012,3,6,6,1,0,0,1,102
1,0,1,1,8.2,9.85,40,12.998,2011,2,3,17,3,0,0,0,175
2,0,0,1,31.98,37.12,59,19.0012,2011,6,12,13,6,1,3,1,373
3,0,1,1,26.24,30.305,73,15.0013,2011,8,18,4,3,0,2,2,9
2,0,0,1,18.04,21.97,24,19.9995,2012,4,7,11,5,1,1,0,495
1,0,1,1,14.76,17.425,23,12.998,2012,2,13,16,0,0,1,0,211
3,0,0,1,30.34,33.335,48,12.998,2011,7,2,21,5,1,3,1,232
4,0,1,3,18.86,22.725,77,31.0009,2012,12,11,0,1,0,1,2,31
2,0,1,1,21.32,25.0,48,23.9994,2011,6,3,5,4,0,2,1,28
1,0,0,1,16.4,20.455,58,7.0015,2011,3,12,20,5,1,1,1,86
2,0,1,1,35.26,40.15,47,19.9995,2011,6,1,17,2,0,3,1,486
1,0,0,1,18.86,22.725,14,27.9993,2011,2,19,1,5,1,1,0,31
2,1,0,1,32.8,34.85,33,26.0027,2012,4,16,17,0,0,3,0,712
2,0,1,1,18.86,22.725,59,0.0,2012,4,4,1,2,0,1,1,11
1,0,1,1,17.22,21.21,38,19.9995,2012,1,10,12,1,0,1,0,140
4,0,1,2,17.22,21.21,71,22.0028,2011,11,4,10,4,0,1,2,134
1,0,1,1,10.66,11.365,44,23.9994,2012,1,19,21,3,0,1,1,121
4,0,0,1,16.4,20.455,69,7.0015,2012,11,11,10,6,1,1,1,405
4,0,1,2,25.42,27.275,94,0.0,2012,10,2,23,1,0,2,2,98
1,0,1,2,13.12,15.15,87,19.0012,2012,1,17,12,1,0,1,2,86
2,0,0,1,27.06,30.305,78,15.0013,2011,6,19,22,6,1,2,2,152
3,0,1,1,37.72,42.425,35,11.0014,2012,7,5,17,3,0,3,0,689
4,0,0,1,18.04,21.97,67,15.0013,2012,11,11,21,6,1,1,1,171
4,0,0,2,13.94,18.18,87,0.0,2012,12,16,4,6,1,1,2,11
4,0,1,2,22.14,25.76,83,12.998,2012,10,18,22,3,0,2,2,229
1,0,1,1,8.2,8.335,27,31.0009,2011,3,3,2,3,0,0,0,3
3,0,0,1,36.08,40.91,44,31.0009,2012,8,5,13,6,1,3,1,523
2,0,0,1,25.42,31.06,57,0.0,2012,6,9,4,5,1,2,1,8
2,0,0,1,26.24,28.79,89,16.9979,2011,6,12,2,6,1,2,2,66
1,0,0,2,4.1,2.275,46,46.0022,2012,2,12,3,6,1,0,1,14
3,0,0,2,27.88,31.82,83,6.0032,2012,7,14,23,5,1,2,2,211
1,0,0,1,19.68,23.485,12,32.9975,2011,2,19,0,5,1,1,0,29
4,0,1,2,18.86,22.725,88,7.0015,2012,10,10,4,2,0,1,2,6
3,0,0,3,24.6,27.275,88,32.9975,2011,8,14,22,6,1,2,2,39
1,0,1,1,10.66,11.365,37,31.0009,2012,3,5,20,0,0,1,0,179
2,0,1,1,26.24,28.79,89,6.0032,2011,6,8,2,2,0,2,2,7
4,0,0,1,27.06,31.06,39,27.9993,2012,10,14,14,6,1,2,0,617
3,0,1,1,32.8,37.88,55,11.0014,2011,8,4,14,3,0,3,1,167
2,0,1,1,16.4,20.455,62,11.0014,2011,5,4,21,2,0,1,1,150
3,0,0,3,30.34,34.85,66,23.9994,2012,8,11,17,5,1,3,1,512
3,0,1,1,36.08,38.635,32,15.0013,2012,8,9,15,3,0,3,0,267
2,0,1,2,22.14,25.76,88,12.998,2012,5,2,7,2,0,2,2,358
1,0,0,1,18.86,22.725,31,22.0028,2011,3,19,18,5,1,1,0,217
4,0,1,1,9.84,14.395,70,0.0,2011,12,9,2,4,0,0,1,12
3,0,0,1,32.8,38.635,59,32.9975,2012,7,15,17,6,1,3,1,436
1,0,1,1,17.22,21.21,54,32.9975,2012,2,2,17,3,0,1,1,450
2,0,0,2,21.32,25.0,59,8.9981,2012,4,15,3,6,1,2,1,45
4,0,1,1,16.4,20.455,37,16.9979,2011,12,13,14,1,0,1,0,134
4,0,1,1,14.76,16.665,71,16.9979,2011,11,1,8,1,0,1,2,419
4,0,0,1,9.84,12.12,70,8.9981,2011,12,3,3,5,1,0,1,9
4,0,1,2,16.4,20.455,66,7.0015,2011,10,3,10,0,0,1,1,101
2,0,1,1,26.24,29.545,78,12.998,2012,5,15,11,1,0,2,2,224
3,0,1,3,24.6,25.0,100,12.998,2011,9,8,0,3,0,2,2,14
1,0,1,2,13.94,15.15,76,22.0028,2011,3,9,16,2,0,1,2,112
4,0,1,1,10.66,13.635,60,8.9981,2012,11,5,23,0,0,1,1,53
2,0,1,1,13.94,15.15,36,27.9993,2012,4,11,0,2,0,1,0,30
1,0,1,1,8.2,10.605,80,8.9981,2012,1,11,7,2,0,0,2,256
2,0,0,1,24.6,28.03,83,0.0,2012,5,5,1,5,1,2,2,107
1,0,1,1,16.4,20.455,66,12.998,2011,3,18,6,4,0,1,1,36
3,0,1,1,26.24,28.79,89,8.9981,2012,7,11,3,2,0,2,2,5
3,0,1,2,22.96,26.515,83,15.0013,2012,9,18,23,1,0,2,2,78
2,0,1,1,26.24,29.545,78,7.0015,2012,6,11,7,0,0,2,2,503
4,0,0,1,8.2,12.88,59,0.0,2011,12,11,9,6,1,0,1,107
2,0,0,1,28.7,32.575,65,11.0014,2012,6,10,22,6,1,2,1,159
1,0,1,1,18.04,21.97,82,0.0,2012,3,14,8,2,0,1,2,662
1,0,1,1,8.2,9.09,40,22.0028,2011,1,3,11,0,0,0,0,51
1,0,1,1,15.58,19.695,27,11.0014,2011,3,8,16,1,0,1,0,108
1,0,1,2,26.24,31.06,29,0.0,2012,3,14,12,2,0,2,0,267
3,0,0,1,29.52,34.85,79,8.9981,2012,7,14,18,5,1,2,2,351
2,0,1,2,18.86,22.725,88,16.9979,2012,5,3,4,3,0,1,2,2
4,0,1,1,22.96,26.515,52,12.998,2012,10,17,16,2,0,2,1,466
1,0,0,2,6.56,9.09,74,7.0015,2011,1,8,7,5,1,0,2,9
3,0,1,1,31.16,36.365,66,7.0015,2012,7,18,1,2,0,3,1,16
2,0,1,1,22.96,26.515,35,6.0032,2011,4,14,14,3,0,2,0,137
2,0,1,1,24.6,30.305,26,7.0015,2011,4,14,16,3,0,2,0,202
4,0,1,1,12.3,14.395,52,19.0012,2012,12,12,20,2,0,1,1,268
3,0,1,2,29.52,34.85,74,8.9981,2012,8,6,4,0,0,2,2,11
4,0,1,2,12.3,14.395,65,16.9979,2012,11,15,6,3,0,1,1,147
4,0,1,1,13.12,14.395,53,23.9994,2012,11,9,4,4,0,1,1,14
2,0,0,2,14.76,17.425,76,11.0014,2012,4,1,2,6,1,1,2,81
4,0,1,1,18.86,22.725,38,11.0014,2012,11,9,16,4,0,1,0,434
2,0,0,1,22.96,26.515,60,11.0014,2012,6,17,1,6,1,2,1,88
4,0,1,3,14.76,16.665,87,23.9994,2012,11,13,3,1,0,1,2,5
1,0,1,2,11.48,14.395,93,7.0015,2012,2,17,7,4,0,1,2,226
4,0,0,1,17.22,21.21,35,8.9981,2012,10,13,11,5,1,1,0,527
4,1,0,1,13.12,16.665,87,8.9981,2012,10,8,4,0,0,1,2,7
3,0,1,1,31.98,35.605,52,15.0013,2011,9,14,14,2,0,3,1,124
4,0,1,2,15.58,19.695,50,15.0013,2012,12,11,16,1,0,1,1,358
2,0,1,2,21.32,25.0,72,16.9979,2012,6,5,9,1,0,2,2,335
3,0,0,1,31.98,34.85,46,19.9995,2011,7,9,11,5,1,3,1,290
1,0,1,3,9.02,12.12,93,7.0015,2011,2,2,5,2,0,0,2,3
1,0,1,2,10.66,11.365,44,22.0028,2012,1,19,17,3,0,1,1,385
4,0,1,1,14.76,17.425,46,12.998,2012,11,16,17,4,0,1,1,580
4,0,1,2,10.66,14.395,70,6.0032,2012,11,15,3,3,0,1,1,2
3,0,0,1,32.8,34.85,33,0.0,2012,8,12,17,6,1,3,0,505
3,0,1,2,27.06,31.06,69,16.9979,2011,9,15,10,3,0,2,1,121
2,0,1,1,24.6,31.06,31,6.0032,2011,4,14,15,3,0,2,0,142
2,0,0,1,17.22,21.21,71,8.9981,2012,5,12,7,5,1,1,2,67
3,0,1,1,33.62,38.635,52,8.9981,2011,7,7,11,3,0,3,1,142
4,0,1,1,21.32,25.0,36,19.9995,2012,10,12,10,4,0,2,0,275
3,0,1,1,19.68,23.485,72,7.0015,2012,9,11,4,1,0,1,2,9
1,0,0,1,4.92,6.06,54,19.0012,2012,1,15,7,6,1,0,1,17
3,0,1,2,21.32,25.0,72,8.9981,2011,9,19,2,0,0,2,2,13
4,0,0,1,16.4,20.455,58,11.0014,2011,11,12,23,5,1,1,1,101
1,0,0,3,9.84,9.09,93,40.9973,2011,3,6,21,6,1,0,2,7
1,0,1,1,27.88,31.82,39,19.0012,2011,3,18,16,4,0,2,0,204
3,0,1,1,30.34,32.575,35,19.0012,2011,7,14,14,3,0,3,0,178
2,0,1,1,26.24,28.79,89,6.0032,2011,6,8,3,2,0,2,2,3
2,0,1,1,22.14,25.76,94,6.0032,2012,5,16,6,2,0,2,2,158
3,0,1,1,27.88,31.82,65,8.9981,2012,7,12,8,3,0,2,1,702
1,0,0,3,9.02,9.09,69,31.0009,2012,2,11,17,5,1,0,1,144
2,0,1,3,22.14,25.76,88,11.0014,2011,5,19,11,3,0,2,2,164
4,0,1,1,13.12,16.665,42,7.0015,2012,12,13,17,3,0,1,1,550
2,0,0,1,28.7,31.82,37,8.9981,2012,5,19,13,5,1,2,0,704
2,0,0,2,21.32,25.0,72,11.0014,2011,4,10,16,6,1,2,2,288
4,0,0,1,11.48,12.88,56,22.0028,2011,11,5,8,5,1,1,1,84
1,0,0,1,13.94,18.18,25,0.0,2012,3,10,15,5,1,1,0,406
2,0,1,1,21.32,25.0,48,35.0008,2012,5,10,11,3,0,2,1,256
4,0,1,2,22.14,25.76,88,16.9979,2011,10,12,6,2,0,2,2,112
2,0,0,1,31.16,35.605,62,8.9981,2011,6,11,11,5,1,3,1,325
3,0,1,1,24.6,31.06,49,0.0,2012,9,11,9,1,0,2,1,358
4,1,0,1,16.4,20.455,76,8.9981,2012,11,12,3,0,0,1,2,4
4,0,1,1,7.38,12.12,86,0.0,2011,12,13,5,1,0,0,2,20
1,0,1,1,11.48,12.12,30,31.0009,2012,1,13,16,4,0,1,0,233
1,1,0,2,7.38,9.09,43,12.998,2011,1,17,6,0,0,0,1,5
4,0,1,2,21.32,25.0,52,22.0028,2011,12,15,14,3,0,2,1,132
2,0,1,1,22.14,25.76,88,12.998,2011,5,18,7,2,0,2,2,274
4,0,1,2,12.3,14.395,49,16.9979,2012,11,5,7,0,0,1,1,461
2,0,1,1,23.78,27.275,88,15.0013,2011,5,16,17,0,0,2,2,274
1,0,1,1,6.56,6.06,37,27.9993,2012,1,3,15,1,0,0,0,77
2,0,1,2,21.32,25.0,88,12.998,2011,5,13,12,4,0,2,2,223
4,0,1,2,21.32,25.0,72,26.0027,2012,10,15,20,0,0,2,2,256
4,0,1,2,16.4,20.455,66,6.0032,2011,10,3,9,0,0,1,1,153
1,0,0,1,9.02,9.09,32,31.0009,2011,1,9,14,6,1,0,0,72
2,0,1,1,29.52,32.575,30,32.9975,2012,6,13,16,2,0,2,0,392
3,1,0,3,22.96,26.515,88,26.0027,2011,9,5,23,0,0,2,2,20
3,0,1,1,27.88,31.82,69,19.0012,2011,8,15,10,0,0,2,1,141
4,0,0,2,14.76,17.425,87,8.9981,2012,12,16,11,6,1,1,2,295
2,0,1,1,15.58,19.695,46,27.9993,2011,4,5,16,1,0,1,1,130
3,0,1,1,27.88,31.82,79,6.0032,2012,7,16,3,0,0,2,2,6
1,0,1,2,6.56,11.365,69,0.0,2011,2,1,3,1,0,0,1,2
2,0,0,1,26.24,31.06,57,15.0013,2012,5,13,12,6,1,2,1,531
4,0,1,3,18.86,22.725,100,11.0014,2011,12,6,23,1,0,1,2,53
4,0,1,1,10.66,12.12,60,19.0012,2011,12,1,1,3,0,1,1,10
3,0,1,1,32.8,34.85,27,12.998,2011,8,11,16,3,0,3,0,298
3,0,0,1,27.88,31.82,83,7.0015,2011,9,3,22,5,1,2,2,162
3,0,1,1,27.88,31.82,74,12.998,2011,8,4,22,3,0,2,2,174
2,0,0,1,18.86,22.725,23,15.0013,2012,4,7,23,5,1,1,0,118
2,0,1,1,25.42,31.06,35,0.0,2011,6,3,22,4,0,2,0,171
4,0,1,1,9.84,12.88,70,7.0015,2012,12,7,0,4,0,0,1,48
3,0,0,1,31.98,37.88,65,15.0013,2012,8,4,9,5,1,3,1,278
1,0,1,1,8.2,7.575,47,35.0008,2011,1,12,18,2,0,0,1,137
3,1,0,1,27.06,30.305,83,8.9981,2012,7,4,2,2,0,2,2,93
1,0,1,1,4.1,5.305,54,16.9979,2011,1,10,5,0,0,0,1,3
3,0,1,1,31.16,36.365,66,7.0015,2012,8,2,9,3,0,3,1,343
2,0,1,1,29.52,31.82,26,22.0028,2011,6,3,16,4,0,2,0,349
4,0,0,2,20.5,24.24,42,22.0028,2011,11,13,15,6,1,2,1,310
2,0,1,2,22.96,26.515,78,16.9979,2011,5,3,2,1,0,2,2,5
4,0,1,2,24.6,29.545,69,0.0,2011,10,11,9,1,0,2,1,235
2,0,1,1,23.78,27.275,68,0.0,2012,6,7,9,3,0,2,1,337
3,0,1,1,31.16,36.365,70,16.9979,2012,9,5,16,2,0,3,1,430
3,0,0,1,31.98,37.12,62,11.0014,2012,7,8,19,6,1,3,1,250
2,0,1,1,16.4,20.455,71,8.9981,2011,4,13,23,2,0,1,2,62
1,0,0,2,17.22,21.21,100,19.0012,2011,1,2,2,6,1,1,2,9
3,0,1,1,30.34,33.335,42,15.0013,2011,8,12,19,4,0,3,1,385
1,0,0,1,9.84,11.365,65,12.998,2011,3,12,1,5,1,0,1,18
4,0,1,2,14.76,17.425,81,11.0014,2011,11,10,18,3,0,1,2,273
3,0,0,2,27.06,30.305,83,11.0014,2011,7,3,21,6,1,2,2,167
3,0,1,3,37.72,42.425,35,23.9994,2012,7,18,15,2,0,3,0,194
3,0,0,2,26.24,28.03,94,7.0015,2011,8,14,6,6,1,2,2,6
3,0,1,1,26.24,30.305,65,16.9979,2011,9,1,23,3,0,2,1,126
4,0,1,2,16.4,20.455,58,11.0014,2012,11,1,13,3,0,1,1,248
3,0,0,1,28.7,32.575,61,11.0014,2011,7,10,0,6,1,2,1,154
2,0,1,1,27.88,31.82,61,8.9981,2011,6,6,20,0,0,2,1,336
2,0,1,1,18.04,21.97,77,8.9981,2012,5,18,6,4,0,1,2,182
3,0,0,2,27.06,31.06,65,0.0,2012,8,19,16,6,1,2,1,356
3,0,0,1,31.16,37.12,75,7.0015,2011,8,7,9,6,1,3,2,184
2,0,1,3,22.96,26.515,94,8.9981,2012,5,15,7,1,0,2,2,92
4,0,1,1,20.5,24.24,68,0.0,2011,10,7,21,4,0,2,1,166
2,0,0,3,13.94,15.15,76,26.0027,2011,4,2,15,5,1,1,2,136
1,0,0,2,17.22,21.21,28,22.0028,2011,2,13,16,6,1,1,0,134
3,0,1,2,25.42,29.545,73,7.0015,2012,9,17,19,0,0,2,2,486
3,0,0,1,23.78,27.275,100,8.9981,2011,9,10,3,5,1,2,2,37
1,0,1,1,8.2,11.365,55,6.0032,2012,3,5,5,0,0,0,1,18
1,0,1,1,15.58,19.695,66,11.0014,2011,3,18,5,4,0,1,1,10
2,0,1,1,24.6,30.305,64,12.998,2011,5,12,20,3,0,2,1,276
1,0,1,1,9.02,9.85,41,26.0027,2011,1,13,14,3,0,0,1,42
2,0,0,1,28.7,32.575,51,7.0015,2012,6,9,10,5,1,2,1,466
3,0,1,1,30.34,33.335,51,0.0,2012,7,5,2,3,0,3,1,18
1,0,1,1,16.4,20.455,43,16.9979,2012,2,6,16,0,0,1,1,228
3,0,1,1,31.16,33.335,33,8.9981,2011,7,14,16,3,0,3,0,274
3,1,0,2,27.06,31.06,74,11.0014,2011,9,5,5,0,0,2,2,6
3,0,1,2,22.14,25.76,45,11.0014,2011,9,16,14,4,0,2,1,225
4,0,1,1,22.96,26.515,64,16.9979,2011,11,15,2,1,0,2,1,15
1,0,1,1,11.48,12.88,56,19.9995,2012,2,3,3,4,0,1,1,4
4,0,1,1,12.3,15.91,42,6.0032,2012,12,6,14,3,0,1,1,212
4,0,1,1,21.32,25.0,52,0.0,2011,10,6,10,3,0,2,1,129
4,0,1,1,16.4,20.455,66,6.0032,2012,10,12,2,4,0,1,1,16
1,0,1,2,11.48,15.91,61,0.0,2011,3,14,7,0,0,1,1,88
3,0,1,1,28.7,33.335,79,12.998,2011,7,6,22,2,0,2,2,186
2,0,1,1,31.16,34.09,48,16.9979,2011,6,7,19,1,0,3,1,424
4,0,1,2,24.6,31.06,43,11.0014,2012,10,1,13,0,0,2,1,305
1,0,0,2,18.86,22.725,67,19.0012,2011,3,5,13,5,1,1,1,190
3,0,1,1,27.88,31.82,44,7.0015,2012,9,13,12,3,0,2,1,297
2,0,1,1,30.34,32.575,37,16.9979,2012,6,8,13,4,0,3,0,416
2,0,1,1,22.96,26.515,52,27.9993,2011,6,14,7,1,0,2,1,365
4,0,1,1,17.22,21.21,35,30.0026,2012,12,5,18,2,0,1,0,609
1,0,0,2,14.76,17.425,93,12.998,2012,3,3,4,5,1,1,2,2
4,0,1,1,17.22,21.21,38,0.0,2011,12,2,17,4,0,1,0,411
3,0,0,1,21.32,25.0,68,8.9981,2011,9,17,19,5,1,2,1,256
2,0,1,1,18.86,22.725,31,23.9994,2012,4,9,9,0,0,1,0,286
2,0,1,3,21.32,25.0,83,8.9981,2012,6,18,5,0,0,2,2,23
2,0,1,3,31.16,34.85,52,0.0,2011,6,9,21,3,0,3,1,171
2,0,1,1,21.32,25.0,34,12.998,2012,4,18,1,2,0,2,0,14
1,0,1,2,6.56,11.365,59,0.0,2011,1,6,7,3,0,0,1,95
2,0,0,1,16.4,20.455,82,7.0015,2011,5,7,4,5,1,1,2,5
2,0,1,2,24.6,28.79,78,8.9981,2012,5,16,9,2,0,2,2,347
4,0,1,1,13.94,17.425,49,6.0032,2012,12,18,23,1,0,1,1,81
3,0,1,1,36.9,38.635,25,19.0012,2011,8,2,14,1,0,3,0,159
4,0,1,2,22.14,25.76,88,26.0027,2011,10,12,7,2,0,2,2,259
3,0,1,2,32.8,37.12,52,12.998,2012,8,3,10,4,0,3,1,249
1,0,1,1,9.84,10.605,35,22.0028,2011,3,3,18,3,0,0,0,167
3,0,0,1,26.24,28.79,89,11.0014,2011,7,9,2,5,1,2,2,55
3,0,1,1,24.6,28.79,78,0.0,2011,9,13,2,1,0,2,2,2
3,0,0,1,31.16,36.365,70,11.0014,2012,7,7,1,5,1,3,1,71
3,0,1,1,26.24,30.305,65,16.9979,2012,9,17,13,0,0,2,1,343
4,0,1,1,14.76,18.18,81,7.0015,2012,10,17,7,2,0,1,2,464
4,1,0,1,13.12,15.91,39,11.0014,2011,11,11,19,4,0,1,0,199
4,0,1,1,15.58,19.695,83,16.9979,2012,10,9,7,1,0,1,2,362
3,0,1,1,22.96,26.515,83,0.0,2011,9,12,6,0,0,2,2,109
3,0,0,1,28.7,31.82,45,7.0015,2012,8,18,20,5,1,2,1,341
1,0,0,1,8.2,8.335,34,31.0009,2012,2,12,16,6,1,0,0,164
1,0,1,1,24.6,31.06,35,19.0012,2012,2,1,15,2,0,2,0,194
3,0,1,1,24.6,28.79,78,7.0015,2011,9,1,0,3,0,2,2,51
3,0,1,1,22.96,26.515,88,0.0,2011,9,13,5,1,0,2,2,20
1,0,0,2,17.22,21.21,94,11.0014,2012,3,18,4,6,1,1,2,14
3,0,0,1,22.14,25.76,52,19.0012,2012,9,15,7,5,1,2,1,73
3,0,1,1,29.52,32.575,39,8.9981,2012,9,13,14,3,0,2,0,274
4,0,1,3,18.86,22.725,94,0.0,2011,11,16,10,2,0,1,2,36
2,0,1,2,26.24,31.06,33,6.0032,2011,5,10,15,1,0,2,0,180
3,0,1,2,22.14,25.76,68,16.9979,2012,9,19,1,2,0,2,1,12
3,0,0,1,41.0,43.18,19,11.0014,2012,7,7,16,5,1,3,0,294
4,0,1,1,12.3,13.635,61,22.0028,2011,12,19,12,0,0,1,1,141
3,0,1,1,27.88,31.82,65,8.9981,2011,8,18,0,3,0,2,1,56
2,1,0,1,22.14,25.76,52,16.9979,2011,4,15,13,4,0,2,1,180
2,0,0,1,24.6,30.305,64,12.998,2012,5,6,20,6,1,2,1,276
3,0,0,1,29.52,34.85,74,7.0015,2012,7,15,22,6,1,2,2,130
3,1,0,1,27.88,31.82,79,6.0032,2012,7,4,0,2,0,2,2,159
2,0,1,2,23.78,27.275,83,15.0013,2012,5,2,12,2,0,2,2,245
4,0,1,1,14.76,16.665,57,16.9979,2011,11,10,21,3,0,1,1,136
4,0,0,1,14.76,18.94,62,0.0,2011,12,3,17,5,1,1,1,232
3,1,0,2,31.98,34.85,43,6.0032,2012,7,4,23,2,0,3,1,183
1,0,0,1,10.66,13.635,70,7.0015,2012,2,4,1,5,1,1,1,43
4,0,1,2,22.96,26.515,83,6.0032,2012,10,2,4,1,0,2,2,10
2,0,1,2,23.78,27.275,88,6.0032,2012,5,15,8,1,0,2,2,409
4,0,1,2,19.68,23.485,67,22.0028,2011,11,14,9,0,0,1,1,233
2,0,1,1,30.34,33.335,51,11.0014,2011,6,1,23,2,0,3,1,69
1,0,1,1,16.4,20.455,28,35.0008,2011,3,2,19,2,0,1,0,150
1,0,0,1,7.38,10.605,37,6.0032,2012,1,15,22,6,1,0,0,60
4,0,0,1,10.66,12.88,60,11.0014,2011,12,10,5,5,1,1,1,6
1,0,1,2,14.76,18.18,57,6.0032,2011,2,7,14,0,0,1,1,60
3,0,1,3,27.88,31.82,79,8.9981,2012,8,10,11,4,0,2,2,251
4,0,0,1,7.38,12.12,55,0.0,2011,12,11,7,6,1,0,1,31
1,0,1,1,14.76,17.425,66,8.9981,2011,3,17,8,3,0,1,1,299
3,0,1,1,31.98,34.85,43,8.9981,2012,7,2,19,0,0,3,1,581
3,0,1,1,26.24,30.305,73,8.9981,2012,7,12,7,3,0,2,2,512
2,0,1,2,20.5,24.24,88,15.0013,2011,4,11,7,0,0,2,2,176
2,0,0,1,26.24,31.06,57,11.0014,2012,6,9,9,5,1,2,1,340
3,0,1,1,26.24,30.305,69,6.0032,2011,9,13,9,1,0,2,1,214
3,0,1,3,25.42,25.76,100,16.9979,2011,9,9,7,4,0,2,2,108
3,0,1,1,29.52,34.85,74,7.0015,2012,8,7,22,1,0,2,2,224
3,0,0,2,30.34,34.85,70,19.0012,2011,8,6,10,5,1,3,1,290
3,0,0,2,29.52,34.85,74,19.0012,2011,9,4,22,6,1,2,2,155
2,0,1,2,22.14,25.76,65,11.0014,2011,4,19,15,1,0,2,1,127
2,0,1,2,22.14,25.76,49,22.0028,2011,5,6,10,4,0,2,1,127
1,0,1,1,5.74,6.06,50,16.9979,2011,1,13,4,3,0,0,1,4
1,0,1,1,9.02,10.605,80,19.0012,2012,2,9,3,3,0,0,2,4
1,0,1,1,13.94,15.91,42,16.9979,2011,3,14,10,0,0,1,1,84
3,0,1,1,29.52,34.85,74,22.0028,2011,8,4,9,3,0,2,2,187
1,0,0,1,19.68,23.485,36,19.0012,2012,2,18,17,5,1,1,0,364
2,0,0,3,22.14,25.76,94,8.9981,2011,5,14,19,5,1,2,2,248
3,0,1,2,25.42,27.275,94,8.9981,2011,9,9,5,4,0,2,2,14
2,0,1,1,18.04,21.97,94,0.0,2011,5,9,2,0,0,1,2,8
2,0,1,1,32.8,34.09,22,32.9975,2011,6,2,16,3,0,3,0,318
3,0,0,1,32.8,35.605,36,0.0,2011,7,2,10,5,1,3,0,271
1,0,1,1,7.38,12.12,69,0.0,2011,2,11,23,4,0,0,1,53
1,0,0,1,20.5,24.24,77,7.0015,2012,3,18,22,6,1,2,2,100
2,0,0,1,13.94,16.665,81,8.9981,2011,4,2,13,5,1,1,2,137
2,0,1,1,30.34,34.09,62,19.0012,2011,6,17,13,4,0,3,1,204
1,0,1,1,9.84,12.88,52,6.0032,2011,3,8,3,1,0,0,1,7
3,0,0,2,27.88,31.82,89,7.0015,2012,7,15,4,6,1,2,2,19
3,0,0,1,34.44,36.365,32,0.0,2011,7,9,17,5,1,3,0,401
4,0,1,1,13.94,17.425,66,7.0015,2012,11,19,22,0,0,1,1,113
4,0,1,1,16.4,20.455,43,23.9994,2012,11,2,13,4,0,1,1,294
1,0,0,2,13.12,15.15,66,15.0013,2012,2,4,14,5,1,1,1,276
1,0,1,2,27.88,31.82,39,23.9994,2011,3,18,15,4,0,2,0,173
2,0,1,1,19.68,23.485,94,0.0,2011,5,19,4,3,0,1,2,5
3,0,1,1,30.34,33.335,51,19.9995,2011,9,13,15,1,0,3,1,180
4,0,1,1,10.66,12.88,48,11.0014,2012,12,6,11,3,0,1,1,178
3,0,1,3,27.06,30.305,83,15.0013,2012,7,9,7,0,0,2,2,230
3,0,1,1,26.24,29.545,78,7.0015,2012,8,15,6,2,0,2,2,172
1,0,1,2,25.42,31.06,50,8.9981,2012,3,15,12,3,0,2,1,265
4,0,1,1,9.02,12.88,75,6.0032,2011,12,9,7,4,0,0,2,199
2,0,1,1,36.9,41.665,39,19.9995,2011,6,1,15,2,0,3,0,152
3,0,1,2,29.52,33.335,51,0.0,2012,9,14,16,4,0,2,1,563
1,0,1,1,10.66,13.635,65,8.9981,2011,3,14,3,0,0,1,1,3
4,0,1,2,18.86,22.725,67,0.0,2011,12,5,14,0,0,1,1,133
1,0,0,1,22.96,26.515,68,11.0014,2012,3,17,12,5,1,2,1,651
2,0,0,2,13.94,17.425,66,7.0015,2011,4,2,9,5,1,1,1,87
3,0,1,2,29.52,34.85,79,7.0015,2012,9,6,13,3,0,2,2,191
2,0,0,3,16.4,20.455,82,22.0028,2011,4,16,6,5,1,1,2,10
3,0,0,1,32.8,38.635,59,23.9994,2012,8,5,9,6,1,3,1,229
2,0,1,1,29.52,33.335,51,30.0026,2011,4,11,19,0,0,2,1,284
4,0,1,2,14.76,16.665,53,23.9994,2012,12,11,11,1,0,1,1,173
1,1,0,2,6.56,9.09,50,8.9981,2011,1,17,7,0,0,0,1,13
1,0,1,1,8.2,9.09,47,19.9995,2011,1,7,9,4,0,0,1,134
1,0,1,1,9.02,12.12,41,7.0015,2011,1,14,16,4,0,0,1,90
2,0,1,3,14.76,17.425,100,15.0013,2011,4,13,7,2,0,1,2,70
4,0,1,1,15.58,19.695,46,19.0012,2011,12,9,15,4,0,1,1,189
1,0,1,2,9.02,11.365,80,8.9981,2011,1,18,19,1,0,0,2,99
3,0,0,1,28.7,31.82,45,11.0014,2012,8,18,19,5,1,2,1,488
2,0,0,1,25.42,31.06,57,12.998,2012,6,17,20,6,1,2,1,302
2,0,1,1,25.42,31.06,41,32.9975,2012,6,4,14,0,0,2,1,270
4,0,1,1,10.66,12.88,41,12.998,2011,11,18,9,4,0,1,1,213
3,0,1,1,26.24,29.545,78,6.0032,2011,8,5,3,4,0,2,2,6
2,0,1,2,13.94,18.18,87,0.0,2011,4,8,6,4,0,1,2,35
4,0,1,1,13.94,18.18,76,0.0,2012,11,9,21,4,0,1,2,199
1,0,0,1,9.02,11.365,41,12.998,2012,1,14,18,5,1,0,1,143
2,1,0,1,22.14,25.76,77,15.0013,2012,4,16,5,0,0,2,2,38
1,0,0,2,19.68,23.485,59,23.9994,2011,3,5,17,5,1,1,1,164
2,0,1,1,27.88,31.82,69,11.0014,2011,6,10,3,4,0,2,1,6
1,0,0,1,11.48,15.15,75,6.0032,2012,1,7,10,5,1,1,2,203
3,1,0,1,35.26,40.15,47,15.0013,2012,7,4,19,2,0,3,1,432
4,0,0,1,12.3,13.635,52,19.9995,2012,11,4,21,6,1,1,1,87
3,0,1,2,28.7,32.575,65,11.0014,2011,7,5,0,1,0,2,1,55
2,0,1,1,18.86,22.725,59,6.0032,2011,5,10,1,1,0,1,1,15
2,0,1,1,36.9,42.425,42,0.0,2011,6,8,13,2,0,3,1,136
2,0,1,1,21.32,25.0,68,0.0,2012,6,4,6,0,0,2,1,139
3,0,0,1,33.62,41.665,63,0.0,2011,8,7,11,6,1,3,1,269
3,0,1,2,30.34,34.09,58,7.0015,2011,8,3,11,2,0,3,1,122
4,0,0,1,18.86,22.725,82,0.0,2011,10,8,8,5,1,1,2,103
4,1,0,1,13.94,16.665,87,11.0014,2012,10,8,1,0,0,1,2,37
3,0,1,2,29.52,12.12,58,15.0013,2012,8,17,20,4,0,2,1,359
3,0,1,1,28.7,32.575,58,12.998,2011,9,12,11,0,0,2,1,165
4,0,1,2,13.12,16.665,66,7.0015,2012,11,15,21,3,0,1,1,224
4,0,0,3,13.94,17.425,76,7.0015,2012,12,16,1,6,1,1,2,96
4,1,0,2,17.22,21.21,66,16.9979,2012,10,8,17,0,0,1,1,497
2,0,1,1,15.58,19.695,43,19.0012,2012,4,5,5,3,0,1,1,29
3,0,1,1,32.8,37.88,55,7.0015,2012,7,19,11,3,0,3,1,216
4,0,1,1,20.5,24.24,63,0.0,2011,10,7,23,4,0,2,1,136
4,0,0,1,25.42,31.06,50,8.9981,2011,10,8,17,5,1,2,1,393
1,0,1,1,18.04,21.97,72,19.0012,2011,2,18,2,4,0,1,2,7
2,0,0,1,27.88,31.82,74,8.9981,2011,6,11,5,5,1,2,2,16
3,0,0,1,31.16,36.365,70,8.9981,2012,7,8,21,6,1,3,1,207
1,0,1,1,17.22,21.21,38,12.998,2012,2,15,17,2,0,1,0,487
1,0,1,1,24.6,30.305,28,16.9979,2011,2,17,15,3,0,2,0,106
3,0,1,1,30.34,33.335,48,8.9981,2012,7,13,20,4,0,3,1,389
2,0,1,1,18.86,22.725,31,0.0,2012,4,5,13,3,0,1,0,291
3,0,1,2,27.88,31.82,89,0.0,2011,8,4,5,3,0,2,2,20
2,0,1,1,24.6,28.79,78,7.0015,2012,5,4,1,4,0,2,2,48
1,0,1,1,11.48,13.635,36,0.0,2011,1,6,15,3,0,1,0,62
4,0,1,1,9.84,12.12,70,8.9981,2012,11,14,23,2,0,0,1,87
2,0,0,1,22.96,26.515,68,11.0014,2012,6,17,9,6,1,2,1,274
2,0,1,1,28.7,33.335,84,16.9979,2011,6,1,1,2,0,2,2,17
2,0,1,3,20.5,24.24,82,19.9995,2011,5,19,22,3,0,2,2,79
2,0,1,1,29.52,33.335,51,19.0012,2012,6,14,16,3,0,2,1,438
4,0,0,2,14.76,17.425,93,15.0013,2011,10,1,22,5,1,1,2,70
4,0,1,2,13.12,15.15,53,19.9995,2012,11,7,15,2,0,1,1,198
4,0,0,1,23.78,27.275,32,19.0012,2011,10,15,17,5,1,2,0,441
1,0,1,2,7.38,9.09,64,12.998,2011,3,4,2,4,0,0,1,2
1,0,1,1,12.3,16.665,70,0.0,2012,3,2,6,4,0,1,1,92
3,0,1,1,31.16,36.365,70,16.9979,2012,8,3,22,4,0,3,1,202
2,0,1,1,31.16,33.335,31,8.9981,2011,6,6,18,0,0,3,0,556
4,0,1,2,20.5,24.24,63,16.9979,2012,12,4,21,1,0,2,1,280
3,1,0,2,27.88,31.82,79,11.0014,2011,9,5,2,0,0,2,2,39
1,0,0,1,18.86,22.725,36,30.0026,2011,3,19,11,5,1,1,0,196
1,0,1,2,17.22,21.21,82,22.0028,2012,3,16,1,4,0,1,2,26
4,0,1,1,18.04,21.97,54,11.0014,2011,11,1,17,1,0,1,1,506
1,0,1,1,14.76,16.665,53,19.0012,2012,2,15,11,2,0,1,1,138
2,0,1,3,25.42,28.03,88,23.9994,2012,6,1,19,4,0,2,2,45
1,0,1,3,12.3,13.635,100,19.9995,2011,3,16,1,2,0,1,2,3
4,0,1,1,18.04,21.97,77,0.0,2011,11,9,20,2,0,1,2,219
1,0,0,2,11.48,12.88,41,26.0027,2012,2,19,4,6,1,1,1,3
3,1,0,1,27.06,29.545,89,6.0032,2011,9,5,18,0,0,2,2,123
1,0,1,2,9.84,11.365,93,12.998,2011,2,2,11,2,0,0,2,52
3,0,0,3,24.6,28.03,83,0.0,2011,8,14,23,6,1,2,2,27
2,0,1,1,17.22,21.21,38,26.0027,2011,4,6,11,2,0,1,0,93
4,0,1,1,9.02,10.605,51,19.9995,2012,12,6,8,3,0,0,1,659
3,0,1,3,26.24,28.79,89,16.9979,2012,7,9,6,0,0,2,2,92
2,0,0,2,12.3,14.395,87,15.0013,2011,4,9,0,5,1,1,2,31
3,0,1,2,34.44,39.395,49,12.998,2012,7,17,10,1,0,3,1,159
1,0,1,1,18.86,22.725,63,30.0026,2012,1,17,18,1,0,1,1,463
4,0,1,2,16.4,20.455,87,0.0,2012,12,17,9,0,0,1,2,282
1,0,1,3,18.04,21.97,0,19.9995,2011,3,10,14,3,0,1,0,12
2,0,0,1,27.06,31.06,69,7.0015,2012,6,10,0,6,1,2,1,158
2,0,1,2,22.96,26.515,60,11.0014,2012,6,4,3,0,0,2,1,5
3,0,1,1,29.52,34.09,62,0.0,2011,8,9,3,1,0,2,1,3
2,0,0,2,12.3,14.395,93,12.998,2011,4,9,6,5,1,1,2,13
3,0,1,3,26.24,28.79,89,6.0032,2011,9,7,21,2,0,2,2,38
3,0,0,1,28.7,32.575,65,16.9979,2011,9,10,10,5,1,2,1,318
1,0,1,2,12.3,15.15,75,11.0014,2011,3,4,23,4,0,1,2,46
1,0,0,1,17.22,21.21,38,15.0013,2012,1,7,23,5,1,1,0,119
1,0,0,1,14.76,18.18,21,6.0032,2012,3,10,18,5,1,1,0,297
3,0,1,2,28.7,33.335,84,16.9979,2012,9,4,0,1,0,2,2,29
2,0,1,1,22.96,26.515,26,26.0027,2011,5,5,17,3,0,2,0,533
3,0,1,3,26.24,28.03,94,8.9981,2011,7,13,15,2,0,2,2,46
4,0,1,1,9.84,12.12,60,11.0014,2012,11,6,1,1,0,0,1,8
1,0,1,1,26.24,31.06,47,15.0013,2012,3,13,19,1,0,2,1,479
4,1,0,2,26.24,31.06,53,0.0,2011,10,10,18,0,0,2,1,473
3,0,1,1,27.88,31.82,61,8.9981,2011,9,1,10,3,0,2,1,138
1,0,1,2,13.94,17.425,87,6.0032,2012,1,11,15,2,0,1,2,79
4,0,1,1,18.86,22.725,82,7.0015,2012,10,10,7,2,0,1,2,507
3,0,1,1,31.98,34.09,33,15.0013,2012,7,12,14,3,0,3,0,209
3,0,0,1,32.8,36.365,46,19.9995,2012,8,11,16,5,1,3,1,531
2,0,1,2,20.5,24.24,88,12.998,2011,5,13,8,4,0,2,2,387
1,0,1,1,6.56,9.09,80,8.9981,2011,3,4,7,4,0,0,2,83
2,0,0,1,22.96,26.515,60,16.9979,2012,6,2,9,5,1,2,1,332
3,0,1,1,28.7,32.575,61,11.0014,2012,8,15,22,2,0,2,1,226
3,0,1,2,27.06,30.305,83,8.9981,2012,7,11,0,2,0,2,2,44
3,0,0,2,29.52,34.85,79,30.0026,2011,8,6,18,5,1,2,2,211
2,0,0,2,27.06,31.06,74,8.9981,2011,6,19,4,6,1,2,2,17
3,0,1,1,35.26,38.635,39,19.0012,2011,8,8,16,0,0,3,0,282
4,0,1,1,12.3,14.395,75,15.0013,2011,12,2,10,4,0,1,2,105
3,0,0,1,20.5,24.24,72,0.0,2012,9,16,4,6,1,2,2,8
1,0,1,1,21.32,25.0,55,8.9981,2012,3,14,22,2,0,2,1,202
3,0,1,1,18.86,22.725,77,7.0015,2012,9,11,6,1,0,1,2,211
1,0,0,1,9.84,14.395,75,0.0,2011,1,1,8,5,1,0,2,8
3,0,1,1,28.7,31.82,45,15.0013,2011,7,15,19,4,0,2,1,394
1,0,1,1,28.7,31.82,39,16.9979,2012,3,15,17,3,0,2,0,713
3,0,1,1,33.62,35.605,26,0.0,2011,8,12,17,4,0,3,0,516
4,0,1,1,23.78,27.275,56,23.9994,2011,11,14,22,0,0,2,1,113
2,0,1,2,24.6,31.06,38,0.0,2011,5,10,12,1,0,2,0,217
3,0,0,1,35.26,40.15,47,8.9981,2012,7,15,15,6,1,3,1,489
1,0,0,1,13.94,15.91,57,15.0013,2012,1,7,11,5,1,1,1,324
2,0,0,3,21.32,25.0,83,39.0007,2011,4,16,14,5,1,2,2,63
1,0,1,1,14.76,16.665,40,16.9979,2011,3,14,11,0,0,1,0,71
2,0,0,2,22.14,25.76,94,8.9981,2011,5,14,14,5,1,2,2,216
2,0,1,1,20.5,24.24,22,27.9993,2012,4,6,16,4,0,2,0,536
2,0,0,1,21.32,25.0,52,19.9995,2012,4,1,18,6,1,2,1,432
2,0,0,2,27.88,31.82,65,19.9995,2012,5,5,17,5,1,2,1,502
1,1,0,2,6.56,7.575,47,15.0013,2011,1,17,8,0,0,0,1,33
2,0,0,1,22.96,26.515,83,7.0015,2011,5,15,19,6,1,2,2,231
3,0,1,2,31.16,34.85,55,6.0032,2011,8,3,5,2,0,3,1,24
4,0,1,1,7.38,12.12,74,0.0,2011,12,12,4,0,0,0,2,3
2,0,0,1,16.4,20.455,58,8.9981,2012,4,14,1,5,1,1,1,70
3,0,0,1,29.52,34.85,74,6.0032,2011,8,7,18,6,1,2,2,229
4,0,1,2,12.3,15.15,49,8.9981,2011,12,16,23,4,0,1,1,75
2,0,1,1,23.78,27.275,46,7.0015,2011,6,3,23,4,0,2,1,171
2,0,0,2,15.58,19.695,82,6.0032,2011,4,9,17,5,1,1,2,257
3,0,1,1,28.7,31.82,37,11.0014,2012,9,12,14,2,0,2,0,278
2,0,0,2,18.04,21.97,82,0.0,2011,5,8,6,6,1,1,2,6
3,0,1,1,28.7,32.575,65,0.0,2011,8,15,19,0,0,2,1,397
3,0,1,1,33.62,37.12,48,23.9994,2011,8,8,11,0,0,3,1,179
4,0,0,1,11.48,15.91,30,0.0,2011,12,11,17,6,1,1,0,163
3,0,1,2,25.42,27.275,94,6.0032,2011,9,8,4,3,0,2,2,3
2,0,1,3,21.32,25.0,88,11.0014,2011,5,13,18,4,0,2,2,398
4,0,0,1,14.76,16.665,76,23.9994,2011,10,2,9,6,1,1,2,115
4,0,1,1,27.06,31.06,54,0.0,2012,10,5,10,4,0,2,1,260
3,0,1,1,30.34,34.85,70,16.9979,2012,9,5,9,2,0,3,1,290
3,0,1,1,32.8,37.12,52,19.0012,2011,8,18,12,3,0,3,1,173
3,0,0,1,27.88,31.82,57,0.0,2011,7,2,8,5,1,2,1,132
3,0,1,2,28.7,33.335,84,6.0032,2012,9,6,0,3,0,2,2,65
2,0,1,1,22.96,26.515,83,7.0015,2012,6,15,2,4,0,2,2,15
1,0,0,1,12.3,14.395,56,16.9979,2011,3,13,21,6,1,1,1,58
1,0,1,2,8.2,12.88,93,0.0,2012,1,9,21,0,0,0,2,79
3,0,1,2,31.16,34.09,40,7.0015,2012,7,13,12,4,0,3,0,379
2,0,1,1,15.58,19.695,58,16.9979,2011,5,5,7,3,0,1,1,271
2,0,1,2,23.78,27.275,78,6.0032,2012,5,14,22,0,0,2,2,129
3,0,1,1,36.9,40.15,33,12.998,2012,7,17,18,1,0,3,0,772
3,0,1,1,34.44,40.15,53,15.0013,2012,7,16,11,0,0,3,1,182
3,0,0,1,28.7,32.575,58,8.9981,2012,8,12,22,6,1,2,1,181
2,0,1,1,22.96,26.515,83,6.0032,2012,4,17,3,1,0,2,2,6
4,0,1,1,22.14,25.76,39,22.0028,2011,10,14,19,4,0,2,0,248
4,0,1,2,18.04,21.97,88,15.0013,2012,12,18,2,1,0,1,2,7
4,0,1,1,24.6,31.06,46,0.0,2011,10,7,13,4,0,2,1,305
4,0,1,3,14.76,16.665,81,23.9994,2011,11,10,13,3,0,1,2,96
1,0,1,1,27.06,31.06,39,16.9979,2011,3,18,14,4,0,2,0,174
1,0,1,1,14.76,16.665,50,16.9979,2012,1,6,12,4,0,1,1,191
2,0,1,1,20.5,24.24,63,7.0015,2012,4,19,23,3,0,2,1,144
4,0,1,2,13.94,17.425,46,7.0015,2012,12,12,15,2,0,1,1,228
2,0,1,2,28.7,32.575,61,6.0032,2012,5,15,15,1,0,2,1,256
2,0,1,1,19.68,23.485,67,8.9981,2011,5,6,21,4,0,1,1,152
2,0,0,1,28.7,32.575,54,0.0,2011,6,5,15,6,1,2,1,417
3,0,1,2,25.42,29.545,73,11.0014,2012,9,17,18,0,0,2,2,774
4,0,0,1,10.66,14.395,81,6.0032,2012,12,1,4,5,1,1,2,5
4,0,1,1,22.96,26.515,56,26.0027,2011,10,5,10,2,0,2,1,133
3,1,0,1,27.88,31.82,69,16.9979,2012,7,4,4,2,0,2,1,16
4,0,1,1,13.12,15.91,49,11.0014,2011,12,13,20,1,0,1,1,161
1,0,1,1,18.86,22.725,59,19.9995,2012,3,7,22,2,0,1,1,159
4,0,0,2,15.58,19.695,82,7.0015,2012,12,16,17,6,1,1,2,243
3,0,1,2,24.6,27.275,88,12.998,2011,8,15,5,0,0,2,2,17
4,0,1,1,13.12,16.665,45,8.9981,2012,11,6,12,1,0,1,1,248
1,0,1,2,9.02,13.635,93,0.0,2011,1,18,23,1,0,0,2,20
3,0,1,1,25.42,31.06,43,19.9995,2012,9,10,11,0,0,2,1,236
2,0,0,2,16.4,20.455,82,27.9993,2011,4,16,7,5,1,1,2,21
3,0,0,2,26.24,30.305,69,16.9979,2011,9,3,1,5,1,2,1,74
4,0,0,1,17.22,21.21,50,19.0012,2011,11,12,20,5,1,1,1,132
3,1,0,1,32.8,36.365,46,0.0,2011,7,4,17,0,0,3,1,436
2,0,1,1,25.42,31.06,51,22.0028,2011,6,14,18,1,0,2,1,538
3,0,1,1,28.7,33.335,84,12.998,2012,9,5,1,2,0,2,2,13
4,0,1,1,15.58,19.695,29,31.0009,2012,11,8,20,3,0,1,0,245
1,0,0,1,5.74,7.575,50,8.9981,2012,1,14,4,5,1,0,1,3
2,0,1,1,21.32,25.0,77,11.0014,2012,6,7,1,3,0,2,2,22
4,0,0,3,16.4,20.455,82,11.0014,2012,10,7,16,6,1,1,2,333
2,0,0,1,18.04,21.97,26,15.0013,2012,4,8,9,6,1,1,0,179
3,0,1,1,31.16,34.85,52,16.9979,2011,8,5,12,4,0,3,1,216
4,0,1,1,18.86,22.725,47,30.0026,2012,12,18,14,1,0,1,1,247
4,0,1,3,22.96,26.515,88,12.998,2011,10,14,6,4,0,2,2,94
1,0,1,2,7.38,9.09,64,12.998,2011,3,4,1,4,0,0,1,4
1,1,0,1,11.48,12.12,38,30.0026,2012,1,2,15,0,0,1,0,168
2,0,1,2,26.24,31.06,57,12.998,2011,5,12,17,3,0,2,1,594
2,0,0,1,19.68,23.485,59,0.0,2011,5,7,7,5,1,1,1,40
2,0,1,1,16.4,20.455,82,0.0,2011,5,6,7,4,0,1,2,222
2,0,1,2,26.24,31.06,47,12.998,2011,6,14,14,1,0,2,1,159
1,0,1,1,4.92,6.06,50,19.0012,2011,1,10,6,0,0,0,1,31
4,0,1,2,24.6,25.76,94,12.998,2012,10,3,7,2,0,2,2,515
3,0,1,1,26.24,30.305,69,8.9981,2011,9,15,0,3,0,2,1,37
4,0,1,3,16.4,20.455,100,22.0028,2011,12,7,17,2,0,1,2,52
1,0,0,2,9.84,12.12,87,8.9981,2012,2,4,23,5,1,0,2,70
4,0,0,2,15.58,19.695,82,12.998,2011,10,1,19,5,1,1,2,126
4,0,0,1,15.58,19.695,50,6.0032,2012,12,15,12,5,1,1,1,453
3,1,0,2,26.24,28.79,83,8.9981,2011,7,4,5,0,0,2,2,4
3,0,1,1,27.88,31.82,61,19.0012,2011,8,16,9,1,0,2,1,198
1,0,0,1,10.66,13.635,56,8.9981,2011,1,16,1,6,1,1,1,23
3,0,0,1,36.9,40.91,37,11.0014,2012,7,7,20,5,1,3,0,276
4,0,1,1,18.86,22.725,36,0.0,2012,10,11,11,3,0,1,0,251
3,0,1,1,29.52,33.335,51,11.0014,2012,8,16,22,3,0,2,1,254
1,0,0,2,12.3,14.395,100,15.0013,2011,3,5,6,5,1,1,2,4
2,0,1,1,26.24,29.545,78,8.9981,2011,6,13,0,0,0,2,2,28
2,0,1,2,24.6,28.79,78,23.9994,2011,5,3,9,1,0,2,2,186
2,0,0,2,29.52,32.575,37,15.0013,2012,6,16,18,5,1,2,0,571
1,0,0,1,25.42,31.06,53,6.0032,2012,3,17,14,5,1,2,1,690
4,0,1,1,18.04,21.97,77,0.0,2012,10,1,3,0,0,1,2,7
3,0,1,1,27.06,12.12,61,8.9981,2012,8,17,2,4,0,2,1,19
3,0,0,1,32.8,38.635,59,15.0013,2011,7,3,13,6,1,3,1,421
4,0,1,1,13.94,15.15,46,23.9994,2012,11,8,23,3,0,1,1,87
1,0,1,1,13.94,15.15,29,23.9994,2011,3,7,17,0,0,1,0,233
3,0,1,1,31.16,34.09,45,8.9981,2012,7,2,21,0,0,3,1,258
3,0,0,2,30.34,34.09,58,8.9981,2012,9,1,7,5,1,3,1,66
4,0,0,1,14.76,18.18,50,6.0032,2012,10,13,9,5,1,1,1,266
2,0,0,1,14.76,18.18,71,7.0015,2012,4,14,4,5,1,1,2,14
3,0,1,1,27.06,31.06,36,19.0012,2012,9,10,14,0,0,2,0,340
1,0,1,1,16.4,20.455,58,11.0014,2012,2,1,11,2,0,1,1,143
3,0,1,1,25.42,31.06,35,0.0,2012,9,19,15,2,0,2,0,311
3,0,1,3,25.42,28.79,83,16.9979,2012,9,17,22,0,0,2,2,129
1,0,1,1,18.04,21.97,77,7.0015,2012,3,15,8,3,0,1,2,623
3,0,1,1,32.8,37.88,55,15.0013,2011,7,18,19,0,0,3,1,398
3,0,0,1,23.78,27.275,78,7.0015,2012,9,15,2,5,1,2,2,93
1,0,1,1,10.66,12.88,60,11.0014,2012,1,5,22,3,0,1,1,71
1,0,0,1,4.92,5.305,39,23.9994,2011,1,8,21,5,1,0,0,37
4,0,0,1,14.76,18.94,50,0.0,2011,12,3,12,5,1,1,1,358
2,0,1,3,24.6,28.79,78,22.0028,2012,5,8,23,1,0,2,2,63
4,0,1,1,12.3,15.91,87,7.0015,2011,11,8,7,1,0,1,2,323
2,0,0,1,26.24,31.06,36,0.0,2012,6,2,18,5,1,2,0,512
3,0,1,1,28.7,31.82,45,8.9981,2011,8,11,1,3,0,2,1,26
3,1,0,1,33.62,37.88,46,8.9981,2012,7,4,11,2,0,3,1,485
1,0,1,1,17.22,21.21,94,8.9981,2012,3,1,8,3,0,1,2,594
2,0,1,1,22.96,26.515,21,15.0013,2012,4,3,14,1,0,2,0,311
3,0,0,2,26.24,30.305,73,8.9981,2011,8,13,4,5,1,2,2,10
1,0,0,2,8.2,7.575,40,36.9974,2012,2,11,19,5,1,0,0,87
3,0,1,1,35.26,37.12,30,22.0028,2011,8,10,15,2,0,3,0,194
3,0,0,1,29.52,35.605,84,6.0032,2012,7,14,20,5,1,2,2,356
3,0,1,1,30.34,32.575,35,12.998,2011,8,11,19,3,0,3,0,371
1,0,0,1,10.66,12.88,65,15.0013,2011,3,13,23,6,1,1,1,28
4,0,0,1,12.3,15.91,87,6.0032,2012,11,11,6,6,1,1,2,19
4,0,1,2,28.7,32.575,70,7.0015,2012,10,4,11,3,0,2,1,214
4,0,0,1,17.22,21.21,35,8.9981,2011,11,5,14,5,1,1,0,386
4,0,1,2,13.94,16.665,57,11.0014,2011,11,10,23,3,0,1,1,82
3,0,0,1,28.7,33.335,79,12.998,2011,8,14,11,6,1,2,2,198
1,0,0,2,16.4,20.455,87,16.9979,2011,1,1,20,5,1,1,2,36
3,0,1,3,24.6,27.275,88,0.0,2011,9,7,13,2,0,2,2,11
3,0,0,1,22.96,26.515,52,7.0015,2012,9,15,21,5,1,2,1,296
4,0,1,1,26.24,31.06,41,15.0013,2011,10,5,13,2,0,2,1,219
3,0,0,1,30.34,34.85,70,19.9995,2011,9,4,20,6,1,3,1,229
4,0,0,1,18.04,21.97,62,8.9981,2012,10,6,22,5,1,1,1,185
2,0,1,1,27.88,31.82,89,12.998,2011,6,1,3,2,0,2,2,6
2,0,1,1,31.16,33.335,23,36.9974,2011,4,4,15,0,0,3,0,143
4,0,1,2,16.4,20.455,76,7.0015,2011,12,5,12,0,0,1,2,154
2,0,1,2,32.8,35.605,41,27.9993,2012,6,11,16,0,0,3,1,427
3,0,0,2,25.42,28.03,88,7.0015,2012,8,11,6,5,1,2,2,23
2,0,1,1,12.3,14.395,49,15.0013,2012,4,11,3,2,0,1,1,2
1,0,1,3,16.4,20.455,82,0.0,2012,2,2,5,3,0,1,2,19
4,0,1,1,13.94,16.665,49,12.998,2012,11,16,21,4,0,1,1,178
1,0,0,1,9.84,10.605,38,19.9995,2012,1,14,15,5,1,0,0,226
3,0,1,1,29.52,33.335,61,19.0012,2011,8,2,7,1,0,2,1,335
1,0,0,1,4.92,3.79,46,35.0008,2011,1,9,9,6,1,0,1,19
3,1,0,2,28.7,32.575,70,11.0014,2011,9,5,10,0,0,2,1,244
4,0,0,1,22.14,25.76,49,26.0027,2012,10,6,17,5,1,2,1,610
2,0,1,1,14.76,17.425,66,12.998,2011,5,5,0,3,0,1,1,27
1,0,1,1,13.94,18.18,34,0.0,2011,3,1,15,1,0,1,0,64
2,0,1,1,20.5,24.24,68,0.0,2012,6,6,2,2,0,2,1,11
3,0,1,1,29.52,34.85,74,12.998,2012,9,5,8,2,0,2,2,725
4,0,1,1,14.76,17.425,46,8.9981,2011,12,1,17,3,0,1,1,418
1,0,0,1,9.02,10.605,44,19.0012,2012,1,14,13,5,1,0,1,220
3,0,1,1,20.5,24.24,72,16.9979,2012,9,10,5,0,0,2,2,40
2,0,1,2,18.04,21.97,62,23.9994,2011,5,4,12,2,0,1,1,124
4,0,1,1,13.94,15.91,46,15.0013,2012,11,5,18,0,0,1,1,542
2,0,0,2,29.52,34.09,62,8.9981,2011,6,11,18,5,1,2,1,286
1,0,1,1,20.5,24.24,29,16.9979,2012,1,6,18,4,0,2,0,419
2,0,1,2,18.04,21.97,72,7.0015,2012,4,4,8,2,0,1,2,684
4,0,1,2,13.12,15.15,49,15.0013,2012,12,12,18,2,0,1,1,540
3,0,0,1,27.88,31.82,79,0.0,2012,9,1,5,5,1,2,2,22
2,0,1,1,25.42,31.06,50,0.0,2011,5,11,13,2,0,2,1,193
3,0,0,2,25.42,29.545,78,11.0014,2012,8,19,22,6,1,2,2,56
3,0,0,1,26.24,30.305,69,8.9981,2012,8,12,2,6,1,2,1,86
3,0,1,1,33.62,38.635,52,7.0015,2012,8,2,11,3,0,3,1,226
4,1,0,1,13.94,15.15,39,22.0028,2011,11,11,17,4,0,1,0,310
2,0,0,2,24.6,31.06,40,11.0014,2012,4,14,19,5,1,2,0,459
4,0,0,1,14.76,18.18,81,7.0015,2011,12,4,21,6,1,1,2,72
4,0,0,2,16.4,20.455,87,7.0015,2012,12,9,1,6,1,1,2,102
4,0,1,1,18.04,21.97,67,7.0015,2011,11,9,18,2,0,1,1,408
1,0,1,1,9.02,11.365,80,12.998,2011,3,15,6,1,0,0,2,35
1,0,1,1,20.5,24.24,45,7.0015,2011,3,17,14,3,0,2,1,119
3,0,1,2,27.06,31.06,61,6.0032,2012,7,13,2,4,0,2,1,17
2,0,0,1,13.12,15.15,57,15.0013,2011,4,3,7,6,1,1,1,33
3,0,1,1,29.52,34.09,66,0.0,2012,7,17,3,1,0,2,1,3
3,0,1,2,31.16,35.605,58,23.9994,2012,8,10,13,4,0,3,1,290
4,0,1,2,19.68,23.485,82,8.9981,2011,11,15,20,1,0,1,2,238
2,0,1,1,17.22,21.21,47,12.998,2012,4,5,21,3,0,1,1,234
1,0,1,1,18.86,22.725,47,15.0013,2012,2,1,13,2,0,1,1,186
1,0,1,1,13.12,15.15,45,19.9995,2012,2,7,6,1,0,1,1,100
4,0,1,2,11.48,12.88,56,19.9995,2012,11,7,2,2,0,1,1,74
4,0,1,1,10.66,15.15,60,0.0,2012,12,13,23,3,0,1,1,120
2,0,1,2,12.3,13.635,93,19.9995,2011,4,8,22,4,0,1,2,51
1,0,1,1,5.74,4.545,39,39.0007,2012,1,3,16,1,0,0,0,136
3,0,0,1,34.44,41.665,59,11.0014,2012,7,7,9,5,1,3,1,256
3,0,0,1,27.06,31.06,44,11.0014,2012,9,16,12,6,1,2,1,656
4,0,0,1,12.3,15.91,61,6.0032,2011,12,3,20,5,1,1,1,127
3,0,1,2,28.7,33.335,79,12.998,2011,7,8,7,4,0,2,2,332
2,0,0,2,18.04,21.97,77,19.0012,2011,4,16,23,5,1,1,2,35
2,0,1,1,24.6,29.545,69,8.9981,2011,5,18,17,2,0,2,1,565
4,0,1,1,13.12,15.15,49,22.0028,2011,11,4,23,4,0,1,1,89
2,0,0,1,26.24,31.06,38,19.9995,2012,6,2,14,5,1,2,0,647
4,0,1,1,19.68,23.485,44,11.0014,2011,11,1,16,1,0,1,1,298
4,0,1,1,18.04,21.97,51,8.9981,2012,10,11,0,3,0,1,1,42
1,0,1,1,9.02,13.635,80,0.0,2012,1,11,3,2,0,0,2,4
2,0,1,1,26.24,29.545,78,8.9981,2012,6,11,5,0,0,2,2,37
4,0,1,2,20.5,24.24,55,11.0014,2011,10,17,7,0,0,2,1,309
1,0,1,1,11.48,11.365,41,46.0022,2011,2,15,2,1,0,1,1,3
4,0,0,1,22.14,25.76,45,16.9979,2011,10,16,10,6,1,2,1,347
3,0,1,2,35.26,40.91,50,19.9995,2012,8,3,12,4,0,3,1,338
2,0,1,1,14.76,16.665,57,22.0028,2012,4,2,8,0,0,1,1,589
2,0,1,1,16.4,20.455,66,15.0013,2011,5,10,5,1,0,1,1,29
3,0,0,1,25.42,29.545,73,7.0015,2011,9,11,20,6,1,2,2,226
3,0,1,2,25.42,27.275,94,0.0,2011,9,9,11,4,0,2,2,72
2,0,0,2,30.34,32.575,30,11.0014,2011,6,4,18,5,1,3,0,341
2,0,0,1,28.7,32.575,48,8.9981,2012,5,13,14,6,1,2,1,552
4,0,0,3,15.58,19.695,87,15.0013,2011,10,1,18,5,1,1,2,140
1,0,0,1,15.58,19.695,62,7.0015,2011,3,13,0,6,1,1,1,38
2,0,1,1,29.52,32.575,39,22.0028,2012,6,8,12,4,0,2,0,369
4,0,0,1,26.24,31.06,41,30.0026,2012,10,14,13,6,1,2,1,619
1,0,1,1,21.32,25.0,27,19.0012,2012,1,6,16,4,0,2,0,294
3,0,0,1,31.16,34.09,45,19.9995,2011,7,16,13,5,1,3,1,497
2,0,1,1,29.52,34.09,66,7.0015,2011,6,10,7,4,0,2,1,267
1,0,1,2,14.76,17.425,81,11.0014,2011,3,16,10,2,0,1,2,68
2,0,1,3,20.5,24.24,88,11.0014,2011,5,13,4,4,0,2,2,5
1,0,0,1,5.74,6.06,46,16.9979,2011,1,9,20,6,1,0,1,38
1,0,1,3,14.76,17.425,93,12.998,2012,1,12,4,3,0,1,2,2
3,0,1,1,35.26,39.395,44,19.9995,2011,7,12,12,1,0,3,1,163
1,0,1,1,9.84,9.85,38,32.9975,2011,2,8,12,1,0,0,0,65
1,0,0,2,10.66,11.365,48,19.9995,2012,2,19,5,6,1,1,1,2
1,0,0,1,16.4,20.455,37,19.9995,2012,1,8,13,6,1,1,0,343
1,0,1,1,13.94,15.91,53,15.0013,2011,2,17,1,3,0,1,1,6
1,0,1,2,22.96,26.515,73,11.0014,2012,3,19,22,0,0,2,2,148
2,0,1,1,30.34,34.09,58,8.9981,2011,6,10,8,4,0,3,1,452
2,0,0,2,14.76,17.425,93,8.9981,2011,4,9,21,5,1,1,2,75
2,0,1,2,22.14,25.76,49,22.0028,2011,5,6,11,4,0,2,1,165
4,0,1,1,18.04,21.97,88,19.9995,2012,10,18,6,3,0,1,2,153
4,0,1,3,22.14,25.76,94,6.0032,2011,10,12,23,2,0,2,2,54
3,0,1,1,30.34,34.85,66,0.0,2011,9,9,15,4,0,3,1,188
4,0,1,1,22.96,26.515,37,7.0015,2011,11,7,15,0,0,2,0,170
3,0,1,1,30.34,34.85,66,19.9995,2012,8,10,20,4,0,3,1,370
2,0,1,1,15.58,19.695,76,8.9981,2011,4,14,0,3,0,1,2,21
2,0,1,2,23.78,27.275,68,12.998,2012,6,18,14,0,0,2,1,219
1,0,1,2,26.24,31.06,57,12.998,2012,3,19,14,0,0,2,1,260
1,0,1,1,13.12,15.91,49,12.998,2012,3,6,20,1,0,1,1,187
1,0,1,1,13.12,14.395,57,27.9993,2011,1,19,19,2,0,1,1,112
4,0,0,1,16.4,20.455,62,19.0012,2012,11,18,12,6,1,1,1,442
4,0,1,1,13.94,17.425,46,7.0015,2011,12,1,20,3,0,1,1,190
2,0,0,1,22.96,26.515,83,0.0,2011,5,15,22,6,1,2,2,117
4,0,1,1,18.86,22.725,63,23.9994,2011,11,14,2,0,0,1,1,17
2,0,0,1,24.6,31.06,49,8.9981,2011,5,8,13,6,1,2,1,390
3,0,1,1,27.06,31.06,34,22.0028,2012,9,10,16,0,0,2,0,488
2,0,0,1,21.32,25.0,55,19.0012,2012,4,1,17,6,1,2,1,555
1,0,0,2,12.3,13.635,52,19.9995,2012,3,4,7,6,1,1,1,23
3,0,1,3,22.14,25.76,88,23.9994,2011,9,6,5,1,0,2,2,21
1,0,1,1,29.52,32.575,32,15.0013,2012,3,15,15,3,0,2,0,287
2,0,1,1,37.72,41.665,33,8.9981,2011,6,9,16,3,0,3,0,200
2,0,1,3,13.94,15.91,87,15.0013,2011,4,8,14,4,0,1,2,15
2,0,1,3,25.42,27.275,94,16.9979,2012,6,1,20,4,0,2,2,39
1,0,0,1,11.48,13.635,36,16.9979,2011,1,16,14,6,1,1,0,91
2,0,1,3,22.96,26.515,94,15.0013,2012,5,15,5,1,0,2,2,8
4,0,0,1,10.66,12.12,38,19.0012,2011,12,10,19,5,1,1,0,154
3,0,1,2,30.34,33.335,51,15.0013,2011,8,3,7,2,0,3,1,271
2,0,1,1,26.24,31.06,47,15.0013,2011,6,15,21,2,0,2,1,257
1,0,1,1,12.3,13.635,49,27.9993,2011,2,15,0,1,0,1,1,19
4,0,0,1,18.86,22.725,55,15.0013,2011,11,6,16,6,1,1,1,347
1,0,1,3,8.2,9.09,100,22.0028,2011,3,7,0,0,0,0,2,4
3,1,0,1,27.06,29.545,89,8.9981,2012,9,3,3,0,0,2,2,28
1,0,1,1,8.2,12.88,61,0.0,2012,1,5,3,3,0,0,1,4
4,0,0,1,22.96,26.515,64,15.0013,2012,10,14,19,6,1,2,1,336
3,0,1,1,26.24,28.79,83,0.0,2011,8,19,4,4,0,2,2,8
4,1,0,1,13.94,17.425,81,7.0015,2012,10,8,3,0,0,1,2,10
3,0,1,2,27.88,31.82,89,11.0014,2012,8,8,5,2,0,2,2,43
2,0,1,1,22.96,26.515,83,0.0,2012,5,2,2,2,0,2,2,16
2,0,1,1,27.88,31.82,83,12.998,2012,6,12,19,1,0,2,2,491
4,0,1,2,18.04,21.97,94,15.0013,2012,12,10,10,0,0,1,2,133
3,0,0,1,18.86,22.725,77,15.0013,2011,9,18,0,6,1,1,2,112
2,0,0,2,9.84,12.12,75,11.0014,2011,4,2,5,5,1,0,2,5
4,0,0,2,16.4,20.455,87,19.9995,2012,12,9,11,6,1,1,2,250
2,0,1,2,18.04,21.97,54,16.9979,2011,4,4,7,0,0,1,1,157
1,0,0,1,4.92,9.85,80,0.0,2011,2,12,3,5,1,0,2,10
1,0,0,3,9.84,11.365,93,12.998,2012,2,4,20,5,1,0,2,77
2,0,0,2,16.4,20.455,87,8.9981,2011,4,10,11,6,1,1,2,202
4,0,1,2,16.4,20.455,87,6.0032,2012,12,17,11,0,0,1,2,170
4,0,1,1,13.12,17.425,93,0.0,2011,11,7,4,0,0,1,2,6
2,0,1,1,21.32,25.0,63,0.0,2012,6,8,4,4,0,2,1,10
3,0,0,1,29.52,32.575,32,16.9979,2012,9,9,15,6,1,2,0,696
4,0,0,1,9.02,13.635,55,0.0,2011,12,11,22,6,1,0,1,43
2,0,1,1,26.24,30.305,65,6.0032,2011,6,7,0,1,0,2,1,20
4,0,0,2,17.22,21.21,82,8.9981,2012,12,2,23,6,1,1,2,51
4,0,0,2,9.84,12.12,87,8.9981,2012,12,1,8,5,1,0,2,144
2,0,0,1,25.42,31.06,46,19.9995,2012,4,15,11,6,1,2,1,528
1,0,1,1,12.3,15.15,52,11.0014,2011,3,11,22,4,0,1,1,64
2,0,1,1,29.52,32.575,32,8.9981,2011,6,15,18,2,0,2,0,607
3,0,1,2,26.24,28.79,83,8.9981,2012,7,10,22,1,0,2,2,139
3,0,1,1,25.42,28.79,83,6.0032,2012,9,7,2,4,0,2,2,11
1,1,0,1,11.48,12.88,45,22.0028,2012,1,2,4,0,0,1,1,4
3,0,1,1,28.7,32.575,65,12.998,2011,8,5,21,4,0,2,1,173
1,0,1,2,18.86,22.725,77,22.0028,2012,1,18,1,2,0,1,2,10
4,0,0,3,14.76,18.18,87,7.0015,2011,10,1,21,5,1,1,2,56
1,1,0,1,9.84,10.605,44,26.0027,2012,1,16,14,0,0,0,1,181
3,0,1,1,33.62,36.365,36,8.9981,2012,7,6,9,4,0,3,0,304
4,0,1,1,18.86,22.725,88,12.998,2012,10,18,0,3,0,1,2,57
3,0,0,1,33.62,37.12,43,8.9981,2012,7,1,22,6,1,3,1,151
1,0,0,1,22.96,26.515,64,11.0014,2012,3,18,19,6,1,2,1,352
3,0,1,2,27.06,29.545,89,6.0032,2012,9,4,3,1,0,2,2,10
3,0,1,2,29.52,34.09,62,12.998,2012,8,15,10,2,0,2,1,233
1,0,1,1,5.74,9.09,63,6.0032,2011,1,4,4,1,0,0,1,2
3,0,1,1,30.34,34.85,70,6.0032,2012,8,6,22,0,0,3,1,207
1,0,0,1,12.3,13.635,39,23.9994,2011,1,2,20,6,1,1,0,22
2,0,0,2,26.24,31.06,61,11.0014,2011,6,5,2,6,1,2,1,64
2,0,1,1,36.08,40.15,39,19.0012,2011,6,9,18,3,0,3,0,466
3,0,1,1,34.44,40.15,53,22.0028,2011,7,18,15,0,0,3,1,164
4,0,1,1,25.42,29.545,73,11.0014,2012,10,5,19,4,0,2,2,500
4,0,1,1,12.3,15.91,61,7.0015,2011,12,1,21,3,0,1,1,162
4,0,0,1,8.2,11.365,75,7.0015,2011,12,18,23,6,1,0,2,37
1,0,1,1,5.74,6.82,50,12.998,2012,1,19,0,3,0,0,1,16
1,0,0,2,12.3,13.635,49,22.0028,2012,2,19,18,6,1,1,1,167
2,0,1,1,17.22,21.21,35,12.998,2012,4,12,22,3,0,1,0,158
3,0,1,1,26.24,30.305,69,16.9979,2011,8,16,7,1,0,2,1,346
2,0,1,1,21.32,25.0,23,27.9993,2012,4,6,17,4,0,2,0,655
2,0,1,2,29.52,34.85,79,6.0032,2011,6,9,4,3,0,2,2,6
3,0,0,1,28.7,32.575,54,11.0014,2012,8,18,10,5,1,2,1,480
3,0,0,1,31.16,34.09,40,7.0015,2012,8,12,16,6,1,3,0,513
2,0,1,1,20.5,24.24,63,16.9979,2011,6,15,6,2,0,2,1,121
4,0,1,1,14.76,18.94,93,0.0,2012,12,3,4,0,0,1,2,5
3,0,1,1,27.06,31.06,74,6.0032,2011,7,5,2,1,0,2,2,13
1,0,1,1,14.76,17.425,46,12.998,2012,2,7,11,1,0,1,1,129
4,0,1,2,14.76,16.665,46,27.9993,2012,11,2,20,4,0,1,1,221
3,0,1,1,21.32,25.0,72,7.0015,2012,9,12,1,2,0,2,2,21
1,0,1,1,15.58,19.695,36,22.0028,2011,3,14,13,0,0,1,0,75
4,0,0,2,14.76,18.94,93,0.0,2012,12,8,4,5,1,1,2,12
2,0,1,1,22.96,26.515,83,0.0,2012,5,2,1,2,0,2,2,15
4,0,1,3,22.14,25.76,77,6.0032,2012,10,1,22,0,0,2,2,207
3,0,1,3,26.24,12.12,83,15.0013,2012,8,17,23,4,0,2,2,121
4,0,0,1,15.58,19.695,46,15.0013,2012,11,4,11,6,1,1,1,445
4,0,0,2,16.4,20.455,58,12.998,2011,11,13,0,6,1,1,1,73
1,0,0,1,10.66,13.635,75,7.0015,2012,1,7,6,5,1,1,2,7
1,0,1,1,13.94,14.395,36,35.0008,2012,1,18,6,2,0,1,0,88
3,0,1,1,29.52,34.09,70,11.0014,2012,7,18,5,2,0,2,1,46
4,0,1,1,15.58,19.695,40,11.0014,2012,11,5,14,0,0,1,0,196
2,0,0,1,22.96,26.515,88,6.0032,2012,5,5,5,5,1,2,2,22
3,0,0,1,29.52,33.335,51,19.9995,2011,9,11,16,6,1,2,1,483
4,0,1,1,13.12,14.395,45,23.9994,2012,11,14,10,2,0,1,1,171
2,0,1,1,24.6,31.06,38,23.9994,2011,6,3,1,4,0,2,0,22
4,0,1,1,13.12,16.665,45,8.9981,2011,12,8,15,3,0,1,1,117
2,0,1,1,32.8,35.605,38,15.0013,2011,6,7,16,1,0,3,0,308
2,0,1,1,24.6,31.06,56,15.0013,2012,6,14,1,3,0,2,1,21
1,0,1,1,8.2,9.85,51,16.9979,2012,1,3,0,1,0,0,1,13
3,0,0,2,29.52,34.85,79,0.0,2012,7,15,9,6,1,2,2,221
4,0,1,3,24.6,27.275,88,8.9981,2012,10,2,14,1,0,2,2,163
2,0,1,2,20.5,24.24,39,12.998,2012,4,18,7,2,0,2,0,418
2,0,0,1,26.24,30.305,73,7.0015,2012,6,10,3,6,1,2,2,29
4,0,1,1,18.04,21.97,41,22.0028,2012,11,9,12,4,0,1,1,262
4,0,1,1,18.04,21.97,82,8.9981,2011,10,5,5,2,0,1,2,32
2,0,1,1,24.6,31.06,56,0.0,2011,5,11,12,2,0,2,1,226
4,0,1,1,17.22,21.21,41,15.0013,2012,10,12,19,4,0,1,1,493
4,0,1,3,26.24,28.79,89,0.0,2012,10,4,0,3,0,2,2,76
2,0,1,1,18.04,21.97,58,6.0032,2012,4,4,3,2,0,1,1,3
4,0,0,2,13.94,17.425,76,7.0015,2012,12,1,17,5,1,1,2,320
4,0,0,1,22.96,26.515,49,30.0026,2011,10,16,18,6,1,2,1,328
2,0,0,1,18.86,22.725,51,11.0014,2012,4,14,10,5,1,1,1,406
1,0,1,2,9.02,12.88,80,6.0032,2011,2,1,14,1,0,0,2,54
1,0,1,1,8.2,9.09,40,22.0028,2011,1,13,18,3,0,0,0,144
2,0,0,1,21.32,25.0,77,6.0032,2011,5,8,21,6,1,2,2,127
1,0,1,1,2.46,7.575,45,0.0,2011,2,9,6,2,0,0,1,43
4,0,1,1,24.6,28.03,83,12.998,2012,10,19,11,4,0,2,2,252
3,0,0,1,18.86,22.725,72,7.0015,2011,9,17,1,5,1,1,2,80
1,0,1,1,14.76,17.425,46,11.0014,2012,2,15,20,2,0,1,1,211
1,0,0,1,5.74,7.575,50,0.0,2012,1,14,6,5,1,0,1,5
1,0,1,1,4.92,6.82,54,11.0014,2012,1,19,6,3,0,0,1,86
3,0,0,1,28.7,33.335,74,8.9981,2011,9,4,10,6,1,2,2,297
2,0,0,1,19.68,23.485,20,12.998,2012,4,7,22,5,1,1,0,182
1,0,0,1,12.3,12.88,28,32.9975,2011,2,19,22,5,1,1,0,44
4,0,1,1,17.22,21.21,77,7.0015,2011,11,7,11,0,0,1,2,128
3,0,0,1,30.34,33.335,51,6.0032,2011,7,2,9,5,1,3,1,179
1,0,1,2,8.2,9.85,37,16.9979,2011,1,7,12,4,0,0,0,59
2,0,0,2,30.34,33.335,51,7.0015,2011,6,18,19,5,1,3,1,326
2,0,0,1,21.32,25.0,52,16.9979,2012,4,1,16,6,1,2,1,511
3,0,1,1,36.08,40.91,42,16.9979,2012,8,3,15,4,0,3,1,380
2,0,1,2,13.94,15.15,71,26.0027,2011,4,5,12,1,0,1,2,38
3,0,1,3,22.14,25.76,88,19.9995,2011,9,6,20,1,0,2,2,163
4,0,1,3,23.78,27.275,94,8.9981,2012,10,2,11,1,0,2,2,99
4,0,0,2,9.84,14.395,75,0.0,2012,12,15,6,5,1,0,2,11
1,0,1,1,6.56,9.09,55,8.9981,2012,3,6,7,1,0,0,1,275
4,0,0,1,22.14,25.76,37,0.0,2012,11,10,14,5,1,2,0,627
4,0,0,2,21.32,25.0,29,27.9993,2011,11,13,13,6,1,2,0,339
3,0,1,1,29.52,33.335,51,12.998,2011,9,12,12,0,0,2,1,184
1,0,1,2,12.3,15.15,56,8.9981,2011,3,14,8,0,0,1,1,241
2,0,0,1,30.34,32.575,33,15.0013,2011,6,4,14,5,1,3,0,451
2,0,1,1,17.22,21.21,50,16.9979,2012,5,11,6,4,0,1,1,135
4,0,1,2,24.6,31.06,43,7.0015,2012,10,1,14,0,0,2,1,244
2,0,1,2,23.78,27.275,60,26.0027,2011,5,3,22,1,0,2,1,113
3,0,0,1,20.5,24.24,72,15.0013,2011,9,17,22,5,1,2,2,143
3,0,1,3,28.7,33.335,79,11.0014,2012,8,6,9,0,0,2,2,276
4,0,1,1,21.32,25.0,48,11.0014,2011,11,9,14,2,0,2,1,179
2,0,0,1,29.52,32.575,30,6.0032,2012,5,19,14,5,1,2,0,730
1,0,1,1,6.56,6.82,43,23.9994,2011,2,3,6,3,0,0,1,39
1,0,1,1,17.22,21.21,35,19.9995,2012,2,14,16,1,0,1,0,266
3,0,0,1,39.36,42.425,26,8.9981,2012,7,7,17,5,1,3,0,279
1,0,0,2,18.86,22.725,67,22.0028,2011,3,5,19,5,1,1,1,89
1,0,1,1,13.94,15.15,36,19.9995,2012,3,6,15,1,0,1,0,166
4,0,1,1,16.4,20.455,76,0.0,2011,11,8,20,1,0,1,2,181
2,0,1,1,22.96,26.515,37,27.9993,2012,5,10,14,3,0,2,0,247
1,0,1,1,13.12,15.91,61,11.0014,2012,2,6,12,0,0,1,1,150
1,0,0,2,9.84,12.88,81,7.0015,2012,2,11,11,5,1,0,2,183
1,0,1,2,9.02,13.635,100,0.0,2011,2,2,10,2,0,0,2,61
1,0,0,1,21.32,25.0,72,6.0032,2012,3,18,21,6,1,2,2,173
3,0,1,1,27.88,31.82,69,8.9981,2011,9,13,10,1,0,2,1,135
4,1,0,1,17.22,21.21,71,7.0015,2012,11,12,0,0,0,1,2,49
1,0,1,1,13.94,17.425,49,7.0015,2012,2,15,22,2,0,1,1,107
4,0,1,2,22.96,26.515,88,15.0013,2012,10,15,13,0,0,2,2,146
1,0,1,2,10.66,15.15,52,0.0,2012,3,5,12,0,0,1,1,137
2,0,1,1,20.5,24.24,63,15.0013,2011,5,11,3,2,0,2,1,3
1,0,0,2,7.38,12.12,55,0.0,2011,1,8,2,5,1,0,1,16
4,0,0,1,18.04,21.97,62,11.0014,2011,11,6,17,6,1,1,1,256
1,0,0,1,9.84,11.365,65,12.998,2011,3,12,2,5,1,0,1,14
1,0,0,2,6.56,6.06,43,36.9974,2012,2,11,20,5,1,0,1,63
2,0,0,1,22.96,26.515,56,6.0032,2012,6,17,2,6,1,2,1,74
2,0,1,1,16.4,20.455,76,6.0032,2011,4,18,5,0,0,1,2,16
2,0,1,2,22.14,25.76,45,8.9981,2012,4,4,10,2,0,2,1,167
3,1,0,2,27.06,29.545,94,0.0,2012,9,3,0,0,0,2,2,104
1,0,1,2,24.6,31.06,49,43.0006,2012,3,8,13,3,0,2,1,233
2,0,1,2,31.16,34.85,52,16.9979,2011,6,7,11,1,0,3,1,151
2,0,1,3,18.86,22.725,59,0.0,2012,4,18,13,2,0,1,1,64
3,0,1,1,29.52,32.575,37,11.0014,2012,9,12,16,2,0,2,0,509
3,0,1,1,38.54,43.94,38,22.0028,2012,7,18,14,2,0,3,0,170
1,0,0,1,12.3,13.635,36,23.9994,2012,3,10,0,5,1,1,0,77
2,0,1,1,19.68,23.485,77,6.0032,2011,4,19,22,1,0,1,2,112
3,0,1,1,28.7,32.575,61,11.0014,2011,9,13,11,1,0,2,1,153
1,0,0,1,18.04,21.97,51,19.0012,2012,3,3,13,5,1,1,1,339
3,0,1,1,25.42,31.06,53,8.9981,2011,8,12,4,4,0,2,1,5
4,0,0,1,17.22,21.21,38,12.998,2012,11,17,14,5,1,1,0,555
1,0,1,1,5.74,5.305,33,31.0009,2011,2,8,21,1,0,0,0,54
4,0,0,1,14.76,18.18,50,7.0015,2012,11,17,18,5,1,1,1,271
3,0,0,1,23.78,27.275,78,6.0032,2011,7,16,5,5,1,2,2,10
4,0,1,1,12.3,14.395,56,15.0013,2012,11,6,23,1,0,1,1,205
3,0,1,2,26.24,29.545,78,8.9981,2012,8,1,5,2,0,2,2,49
4,0,0,3,17.22,21.21,58,11.0014,2012,10,7,7,6,1,1,1,35
1,0,1,1,5.74,6.06,50,23.9994,2011,1,13,2,3,0,0,1,2
3,0,1,1,35.26,39.395,44,6.0032,2012,7,19,14,3,0,3,1,197
2,0,1,1,18.04,21.97,33,0.0,2012,4,5,12,3,0,1,0,276
3,0,0,2,22.96,26.515,73,12.998,2012,9,9,0,6,1,2,2,124
3,0,1,2,29.52,33.335,58,27.9993,2011,9,14,20,2,0,2,1,261
1,0,1,1,16.4,20.455,43,11.0014,2012,3,2,12,4,0,1,1,234
4,0,1,2,13.94,15.91,76,19.0012,2012,12,11,4,1,0,1,2,8
3,0,1,2,26.24,28.03,94,7.0015,2011,9,8,10,3,0,2,2,65
2,0,1,2,24.6,31.06,53,8.9981,2011,4,12,2,1,0,2,1,14
3,0,1,1,33.62,37.12,43,15.0013,2012,8,14,16,1,0,3,1,458
1,0,1,2,14.76,16.665,50,16.9979,2011,3,4,17,4,0,1,1,228
3,0,1,1,30.34,34.85,66,8.9981,2012,7,18,2,2,0,3,1,8
2,0,1,2,24.6,28.03,83,0.0,2012,5,9,9,2,0,2,2,325
4,0,0,1,23.78,27.275,49,31.0009,2011,10,16,17,6,1,2,1,405
1,0,0,1,12.3,13.635,39,27.9993,2011,2,12,13,5,1,1,0,135
3,0,0,1,28.7,33.335,79,11.0014,2011,9,3,20,5,1,2,2,219
4,0,0,2,10.66,13.635,81,7.0015,2011,12,10,0,5,1,1,2,77
4,0,1,1,21.32,25.0,59,22.0028,2011,12,15,20,3,0,2,1,221
2,0,1,2,18.86,22.725,88,11.0014,2012,5,3,6,3,0,1,2,136
2,0,0,1,31.16,34.85,55,0.0,2011,6,18,13,5,1,3,1,327
1,0,0,1,12.3,14.395,56,15.0013,2012,2,5,16,6,1,1,1,296
1,0,1,1,19.68,23.485,39,15.0013,2012,3,12,12,0,0,1,0,221
2,0,1,2,20.5,24.24,77,0.0,2012,5,1,3,1,0,2,2,3
2,0,1,1,31.16,33.335,33,8.9981,2011,6,6,16,0,0,3,0,267
3,0,1,3,22.96,26.515,94,0.0,2011,9,7,12,2,0,2,2,22
1,0,0,2,9.02,11.365,64,12.998,2011,2,13,8,6,1,0,1,12
1,0,1,3,6.56,7.575,80,12.998,2011,2,9,23,2,0,0,2,37
2,0,1,2,23.78,27.275,78,12.998,2012,5,2,13,2,0,2,2,228
3,0,1,1,27.88,31.82,79,11.0014,2012,8,1,0,2,0,2,2,47
3,0,1,1,27.88,31.82,69,15.0013,2011,8,5,23,4,0,2,1,139
1,0,0,1,26.24,31.06,53,8.9981,2012,3,17,15,5,1,2,1,679
4,0,1,1,16.4,20.455,87,7.0015,2011,10,7,4,4,0,1,2,5
2,0,0,1,24.6,31.06,49,0.0,2011,5,8,15,6,1,2,1,358
1,0,1,1,6.56,7.575,47,15.0013,2011,1,13,20,3,0,0,1,64
1,0,1,1,6.56,6.82,50,22.0028,2011,1,12,20,2,0,0,1,56
4,0,1,3,13.12,15.15,87,16.9979,2012,11,13,7,1,0,1,2,107
4,0,0,1,10.66,12.88,65,12.998,2011,12,3,1,5,1,1,1,71
3,0,0,2,25.42,28.03,88,11.0014,2011,7,9,5,5,1,2,2,15
3,0,1,2,31.16,35.605,62,12.998,2011,8,19,13,4,0,3,1,232
4,0,1,1,19.68,23.485,67,15.0013,2012,12,4,19,1,0,1,1,460
4,0,1,2,14.76,18.18,62,7.0015,2011,12,14,19,2,0,1,1,268
2,0,0,1,28.7,32.575,58,7.0015,2011,6,5,18,6,1,2,1,363
1,0,0,1,4.92,5.305,42,19.9995,2012,2,12,11,6,1,0,1,124
3,0,1,1,36.08,37.88,28,12.998,2012,7,3,12,1,0,3,0,272
4,0,1,1,16.4,20.455,87,0.0,2011,11,9,22,2,0,1,2,114
4,0,1,2,14.76,18.18,87,6.0032,2011,12,5,10,0,0,1,2,87
2,0,1,3,17.22,21.21,88,6.0032,2012,4,2,1,0,0,1,2,5
4,0,1,1,13.94,15.15,49,22.0028,2012,11,9,0,4,0,1,1,55
1,0,1,1,4.1,5.305,46,16.9979,2012,1,3,22,1,0,0,1,33
1,0,1,1,7.38,10.605,51,6.0032,2011,2,3,22,3,0,0,1,41
2,0,1,1,22.96,26.515,94,8.9981,2011,6,17,1,4,0,2,2,23
3,0,1,2,28.7,32.575,70,19.0012,2012,7,3,21,1,0,2,1,196
1,0,0,1,13.12,17.425,76,0.0,2011,1,1,9,5,1,1,2,14
1,0,1,1,18.04,21.97,77,26.0027,2012,3,8,8,3,0,1,2,585
4,0,1,1,14.76,17.425,57,11.0014,2012,11,1,22,3,0,1,1,202
4,0,1,2,12.3,14.395,49,15.0013,2012,11,8,2,3,0,1,1,6
1,0,1,1,9.84,14.395,60,0.0,2012,1,9,10,0,0,0,1,108
2,0,0,1,33.62,38.635,49,7.0015,2011,6,11,15,5,1,3,1,374
2,0,1,1,22.96,26.515,19,16.9979,2012,4,3,13,1,0,2,0,345
4,0,1,1,18.04,21.97,77,8.9981,2012,12,3,10,0,0,1,2,136
2,0,0,2,24.6,29.545,73,16.9979,2011,6,5,7,6,1,2,2,27
2,0,1,1,13.94,18.18,76,0.0,2011,4,14,4,3,0,1,2,9
2,0,0,2,25.42,30.305,61,7.0015,2012,5,6,15,6,1,2,1,571
3,0,1,2,20.5,24.24,82,15.0013,2011,9,19,7,0,0,2,2,332
1,0,0,2,12.3,14.395,70,12.998,2012,2,4,13,5,1,1,1,302
4,0,0,1,22.14,25.76,37,0.0,2012,11,10,16,5,1,2,0,605
4,0,1,1,13.12,15.15,53,16.9979,2012,11,9,2,4,0,1,1,12
2,0,1,1,27.88,31.82,57,11.0014,2012,5,3,16,3,0,2,1,370
3,0,1,2,26.24,30.305,69,7.0015,2011,9,14,23,2,0,2,1,72
4,0,1,1,14.76,16.665,43,19.0012,2012,11,14,15,2,0,1,1,260
2,0,0,1,17.22,21.21,26,19.9995,2012,4,7,0,5,1,1,0,94
2,0,1,1,26.24,31.06,38,15.0013,2012,5,18,18,4,0,2,0,669
1,0,1,2,18.04,21.97,44,16.9979,2011,2,17,11,3,0,1,1,90
2,0,1,2,19.68,23.485,77,15.0013,2011,5,2,8,0,0,1,2,371
1,0,1,2,22.96,26.515,56,15.0013,2012,3,12,22,0,0,2,1,133
1,0,1,1,5.74,7.575,50,11.0014,2012,1,19,1,3,0,0,1,5
2,0,1,2,29.52,33.335,58,15.0013,2011,6,7,9,1,0,2,1,217
4,0,1,3,16.4,20.455,94,19.9995,2011,12,7,18,2,0,1,2,51
4,0,0,1,17.22,21.21,77,19.0012,2012,10,14,4,6,1,1,2,12
2,0,0,2,19.68,23.485,63,12.998,2011,5,1,10,6,1,1,1,264
1,0,1,2,5.74,7.575,86,11.0014,2011,2,9,21,2,0,0,2,83
4,0,1,2,18.04,21.97,88,15.0013,2011,11,10,10,3,0,1,2,117
1,0,1,1,4.92,4.545,28,27.9993,2012,1,3,19,1,0,0,0,156
3,1,0,1,36.9,40.91,35,0.0,2012,7,4,13,2,0,3,0,499
3,0,0,1,39.36,43.18,31,23.9994,2012,7,7,12,5,1,3,0,342
3,0,0,2,25.42,27.275,94,0.0,2011,9,10,1,5,1,2,2,83
1,0,1,1,10.66,11.365,33,22.0028,2011,1,5,11,2,0,1,0,46
2,0,1,1,20.5,24.24,29,8.9981,2012,4,13,20,4,0,2,0,286
3,0,1,2,30.34,33.335,51,11.0014,2011,8,3,8,2,0,3,1,437
2,0,1,1,21.32,25.0,77,23.9994,2011,4,12,11,1,0,2,2,49
3,1,0,2,27.88,31.82,79,19.0012,2011,9,5,16,0,0,2,2,284
2,0,1,2,29.52,33.335,54,23.9994,2011,4,11,14,0,0,2,1,145
4,0,0,1,13.12,17.425,81,0.0,2012,11,10,2,5,1,1,2,44
4,0,1,1,22.96,26.515,46,8.9981,2011,11,8,16,1,0,2,1,289
1,0,1,1,22.14,25.76,49,8.9981,2012,3,15,0,3,0,2,1,60
2,0,1,1,29.52,33.335,51,0.0,2011,5,16,15,0,0,2,1,165
2,0,1,3,18.04,21.97,72,7.0015,2012,4,18,14,2,0,1,2,51
1,0,1,2,12.3,15.91,93,7.0015,2012,2,17,2,4,0,1,2,12
2,0,1,1,24.6,31.06,43,12.998,2012,5,17,12,3,0,2,1,348
1,0,1,1,10.66,11.365,70,22.0028,2011,2,8,6,1,0,1,1,39
4,0,0,2,14.76,17.425,57,12.998,2012,12,15,20,5,1,1,1,201
3,0,1,2,28.7,33.335,74,7.0015,2011,7,19,5,1,0,2,2,19
1,0,1,1,4.1,6.82,42,0.0,2011,2,9,8,2,0,0,1,199
1,0,0,1,23.78,27.275,64,19.0012,2012,3,17,19,5,1,2,1,417
2,0,1,1,27.88,31.82,36,27.9993,2012,6,13,20,2,0,2,0,448
2,0,1,2,19.68,23.485,88,8.9981,2012,5,10,1,3,0,1,2,11
1,0,0,1,20.5,24.24,25,16.9979,2012,3,3,18,5,1,2,0,303
4,0,1,1,10.66,12.12,56,19.0012,2012,11,14,0,2,0,1,1,24
1,0,1,3,9.84,12.88,87,7.0015,2012,2,8,18,2,0,0,2,167
2,0,1,2,18.04,21.97,62,8.9981,2011,5,10,7,1,0,1,1,314
3,1,0,1,32.8,36.365,46,0.0,2012,7,4,10,2,0,3,1,447
2,0,1,1,25.42,30.305,69,15.0013,2011,5,2,12,0,0,2,1,187
3,0,1,3,22.14,25.76,94,26.0027,2011,9,6,16,1,0,2,2,106
3,0,1,1,33.62,37.88,46,0.0,2012,8,6,14,0,0,3,1,287
2,0,1,1,31.16,37.12,75,11.0014,2011,6,8,22,2,0,3,2,176
4,0,1,2,22.14,25.76,88,30.0026,2011,10,12,9,2,0,2,2,197
1,0,1,2,7.38,8.335,40,19.0012,2012,1,4,16,2,0,0,0,131
1,0,1,2,14.76,18.94,87,0.0,2012,3,2,23,4,0,1,2,23
3,0,1,1,31.16,35.605,58,6.0032,2012,7,18,22,2,0,3,1,288
4,0,1,2,11.48,14.395,65,8.9981,2012,11,15,4,3,0,1,1,5
3,0,1,2,30.34,34.85,70,0.0,2012,7,17,7,1,0,3,1,526
3,0,1,1,19.68,23.485,77,11.0014,2012,9,11,2,1,0,1,2,6
1,0,1,1,8.2,11.365,82,7.0015,2012,1,11,8,2,0,0,2,499
1,0,1,2,14.76,16.665,62,19.9995,2011,3,15,18,1,0,1,1,225
2,0,0,1,22.96,26.515,60,6.0032,2012,6,16,3,5,1,2,1,27
4,0,0,1,13.94,17.425,53,7.0015,2012,10,13,8,5,1,1,1,174
4,0,0,1,12.3,16.665,81,0.0,2012,11,10,3,5,1,1,2,20
3,0,1,2,27.06,29.545,94,0.0,2012,8,9,5,3,0,2,2,41
4,0,1,2,15.58,19.695,54,8.9981,2012,11,1,21,3,0,1,1,267
1,0,1,1,13.94,15.15,53,22.0028,2011,3,2,11,2,0,1,1,73
2,0,1,1,23.78,27.275,88,0.0,2011,6,6,6,0,0,2,2,112
4,0,1,3,11.48,13.635,61,15.0013,2012,11,8,0,3,0,1,1,15
3,0,1,1,33.62,34.85,21,12.998,2011,7,1,17,4,0,3,0,461
1,0,0,1,14.76,18.94,66,0.0,2012,1,1,0,6,1,1,1,48
4,0,1,2,15.58,19.695,94,0.0,2012,12,17,2,0,0,1,2,5
1,0,1,1,9.02,9.85,35,26.0027,2011,2,8,15,1,0,0,0,51
1,0,1,2,5.74,6.06,50,16.9979,2011,1,10,9,0,0,0,1,94
2,0,1,1,28.7,32.575,48,16.9979,2012,6,14,19,3,0,2,1,579
2,0,1,2,21.32,25.0,83,11.0014,2011,5,13,11,4,0,2,2,146
1,0,1,1,7.38,10.605,40,7.0015,2011,3,3,21,3,0,0,0,51
1,0,1,1,5.74,9.09,31,6.0032,2011,2,10,20,3,0,0,0,97
3,0,0,2,27.06,29.545,94,16.9979,2012,9,8,5,5,1,2,2,15
2,0,1,1,22.96,26.515,52,8.9981,2011,5,11,19,2,0,2,1,401
1,0,0,2,7.38,9.85,80,11.0014,2011,1,8,10,5,1,0,2,61
4,0,1,1,13.12,17.425,93,0.0,2011,12,5,8,0,0,1,2,404
4,0,0,1,12.3,15.15,61,11.0014,2011,11,12,9,5,1,1,1,160
2,0,1,1,18.04,21.97,62,11.0014,2011,4,7,20,3,0,1,1,203
2,0,0,1,21.32,25.0,34,15.0013,2012,4,8,21,6,1,2,0,130
4,0,1,1,22.96,26.515,83,7.0015,2012,10,19,18,4,0,2,2,233
2,0,1,1,26.24,31.06,41,8.9981,2012,6,6,16,2,0,2,1,452
2,0,1,1,25.42,31.06,41,22.0028,2012,6,7,21,3,0,2,1,313
4,0,1,3,22.14,25.76,100,6.0032,2011,10,13,8,3,0,2,2,209
2,0,1,1,21.32,25.0,59,7.0015,2012,5,18,0,4,0,2,1,70
3,0,1,2,34.44,40.15,53,19.0012,2012,8,3,17,4,0,3,1,741
3,0,0,2,28.7,33.335,74,19.0012,2011,8,13,16,5,1,2,2,281
4,0,1,1,17.22,21.21,58,16.9979,2012,11,19,16,0,0,1,1,380
3,0,1,1,29.52,34.85,74,19.0012,2012,8,10,22,4,0,2,2,218
4,0,1,1,12.3,14.395,49,12.998,2012,11,6,10,1,0,1,1,230
2,0,1,2,23.78,27.275,78,7.0015,2012,5,14,23,0,0,2,2,75
3,0,1,1,31.16,33.335,35,16.9979,2011,8,11,11,3,0,3,0,187
1,0,1,1,18.86,22.725,63,22.0028,2012,3,8,1,3,0,1,1,21
2,0,1,1,23.78,27.275,83,0.0,2011,5,16,21,0,0,2,2,177
4,0,1,2,22.14,25.76,64,12.998,2012,10,9,14,1,0,2,1,244
2,0,1,2,24.6,28.79,78,7.0015,2012,6,19,3,1,0,2,2,8
4,0,1,2,18.86,22.725,87,12.998,2011,12,6,3,1,0,1,2,3
2,0,1,2,13.12,15.15,93,16.9979,2011,4,8,16,4,0,1,2,60
2,0,1,1,13.94,16.665,71,8.9981,2012,4,10,5,1,0,1,2,24
2,0,0,3,27.88,31.82,74,7.0015,2011,6,19,8,6,1,2,2,84
2,0,0,3,23.78,27.275,49,19.0012,2011,5,8,17,6,1,2,1,351
3,0,0,1,33.62,39.395,56,8.9981,2012,7,8,0,6,1,3,1,147
3,0,0,1,18.86,22.725,72,8.9981,2011,9,17,4,5,1,1,2,5
3,0,1,2,30.34,34.85,66,6.0032,2011,7,6,12,2,0,3,1,152
1,0,1,1,22.96,26.515,40,31.0009,2012,3,7,18,2,0,2,0,544
3,0,0,1,25.42,31.06,50,7.0015,2012,9,16,10,6,1,2,1,490
2,0,1,1,22.96,26.515,88,6.0032,2011,5,16,22,0,0,2,2,127
3,0,0,1,25.42,29.545,78,19.0012,2012,7,14,8,5,1,2,2,151
1,0,1,1,18.86,22.725,63,11.0014,2012,1,12,17,3,0,1,1,495
3,0,1,1,27.06,31.06,65,6.0032,2011,8,17,7,2,0,2,1,308
3,0,1,2,31.98,34.85,43,0.0,2012,7,11,12,2,0,3,1,292
2,0,1,1,28.7,33.335,79,11.0014,2011,6,1,0,2,0,2,2,34
4,0,0,1,12.3,14.395,52,19.0012,2012,11,4,22,6,1,1,1,79
4,0,1,2,15.58,19.695,43,19.9995,2012,11,2,19,4,0,1,1,374
2,0,1,3,20.5,24.24,88,11.0014,2011,5,13,7,4,0,2,2,157
4,0,1,2,20.5,24.24,87,11.0014,2012,12,10,15,0,0,2,2,236
2,0,1,1,14.76,16.665,50,23.9994,2011,4,1,13,4,0,1,1,110
4,0,0,2,10.66,15.15,93,0.0,2012,12,2,4,6,1,1,2,7
1,0,1,1,10.66,14.395,65,6.0032,2011,3,9,0,2,0,1,1,9
3,0,1,3,27.06,29.545,89,30.0026,2011,7,8,17,4,0,2,2,167
3,0,1,1,27.06,31.06,61,7.0015,2012,9,14,20,4,0,2,1,404
2,0,0,1,14.76,15.91,66,30.0026,2011,4,17,6,6,1,1,1,8
4,0,0,2,16.4,20.455,82,12.998,2012,12,2,19,6,1,1,2,174
1,0,1,2,15.58,19.695,46,22.0028,2011,3,15,16,1,0,1,1,114
1,0,1,1,22.14,25.76,34,23.9994,2012,3,1,18,3,0,2,0,525
1,0,1,2,8.2,10.605,80,8.9981,2012,1,6,5,4,0,0,2,13
1,0,1,1,9.02,10.605,69,19.0012,2011,3,2,3,2,0,0,1,4
4,0,1,1,10.66,14.395,81,6.0032,2011,12,9,9,4,0,1,2,264
1,0,1,2,8.2,9.85,40,12.998,2012,1,4,17,2,0,0,0,281
1,0,0,1,10.66,15.15,60,0.0,2011,2,6,21,6,1,1,1,27
4,0,1,2,13.94,16.665,46,8.9981,2012,12,12,16,2,0,1,1,329
1,0,1,1,9.84,10.605,35,22.0028,2012,3,5,22,0,0,0,0,78
4,0,1,1,13.94,15.15,53,27.9993,2012,11,9,9,4,0,1,1,327
3,0,0,2,27.88,31.82,83,26.0027,2011,8,13,22,5,1,2,2,154
3,0,1,1,31.16,36.365,66,11.0014,2012,8,6,20,0,0,3,1,457
4,0,1,2,15.58,19.695,87,7.0015,2012,12,17,1,0,0,1,2,15
3,0,0,2,22.14,25.76,68,6.0032,2011,9,18,20,6,1,2,1,180
1,0,0,2,16.4,20.455,94,7.0015,2012,3,18,5,6,1,1,2,6
2,0,0,1,22.14,25.76,18,19.9995,2012,4,7,18,5,1,2,0,517
3,0,0,1,24.6,28.79,78,16.9979,2012,8,18,5,5,1,2,2,9
3,0,0,2,26.24,30.305,69,15.0013,2011,9,3,2,5,1,2,1,41
3,0,1,2,32.8,37.12,52,0.0,2012,8,8,13,2,0,3,1,313
2,0,1,1,28.7,32.575,58,12.998,2011,6,17,9,4,0,2,1,224
4,0,1,3,18.86,22.725,100,11.0014,2011,12,6,22,1,0,1,2,87
1,0,1,1,13.94,15.91,49,15.0013,2011,3,11,17,4,0,1,1,223
1,0,0,2,9.84,12.88,93,7.0015,2012,2,5,1,6,1,0,2,51
4,0,0,1,12.3,15.91,70,7.0015,2011,12,4,0,6,1,1,1,83
2,0,1,2,21.32,25.0,83,8.9981,2011,5,13,20,4,0,2,2,152
4,0,1,1,18.86,22.725,41,23.9994,2012,10,12,16,4,0,1,1,520
2,0,1,1,24.6,29.545,69,11.0014,2012,6,15,8,4,0,2,1,653
3,0,1,2,24.6,27.275,88,12.998,2012,9,18,21,1,0,2,2,207
2,0,1,2,23.78,27.275,83,12.998,2012,5,9,0,2,0,2,2,35
1,0,1,2,7.38,9.85,51,11.0014,2011,1,11,9,1,0,0,1,130
1,0,1,1,13.94,16.665,27,12.998,2011,3,8,18,1,0,1,0,235
2,0,1,1,21.32,25.0,68,6.0032,2011,5,9,22,0,0,2,1,116
4,0,1,1,21.32,25.0,63,22.0028,2011,12,15,23,3,0,2,1,114
2,0,1,2,29.52,34.85,79,12.998,2011,6,1,8,2,0,2,2,454
1,0,0,1,16.4,20.455,32,19.9995,2011,2,13,18,6,1,1,0,95
1,0,0,1,19.68,23.485,39,22.0028,2011,3,13,15,6,1,1,0,304
2,0,1,1,21.32,25.0,36,22.0028,2012,5,11,10,4,0,2,0,210
3,0,1,1,28.7,33.335,79,7.0015,2012,8,14,10,1,0,2,2,208
4,0,0,2,11.48,15.15,61,6.0032,2011,12,10,2,5,1,1,1,60
2,0,1,1,23.78,27.275,78,12.998,2012,6,15,1,4,0,2,2,51
2,0,1,2,28.7,32.575,58,40.9973,2011,5,3,13,1,0,2,1,194
3,0,0,1,29.52,35.605,84,8.9981,2012,8,4,3,5,1,2,2,30
3,0,1,1,28.7,31.82,42,11.0014,2011,7,1,8,4,0,2,1,492
2,0,1,1,26.24,31.06,36,11.0014,2012,5,18,13,4,0,2,0,395
2,0,0,2,22.14,25.76,88,0.0,2012,6,2,2,5,1,2,2,41
3,0,1,2,27.06,31.06,65,11.0014,2011,8,18,1,3,0,2,1,24
1,0,1,2,13.94,15.91,76,16.9979,2011,3,9,18,2,0,1,2,188
3,0,1,1,26.24,30.305,69,0.0,2012,8,13,3,0,0,2,1,6
3,0,1,1,27.88,31.82,47,6.0032,2011,7,1,23,4,0,2,1,140
3,0,1,1,29.52,32.575,45,15.0013,2011,7,15,18,4,0,2,1,496
2,0,1,2,26.24,29.545,78,7.0015,2011,6,16,17,3,0,2,2,272
4,0,0,1,8.2,9.85,51,15.0013,2011,12,11,0,6,1,0,1,74
2,0,1,2,23.78,27.275,78,7.0015,2011,5,19,12,3,0,2,2,168
1,0,1,1,17.22,21.21,28,40.9973,2012,3,9,19,4,0,1,0,244
3,0,1,2,20.5,24.24,77,11.0014,2011,9,19,4,0,0,2,2,8
2,0,1,1,21.32,25.0,52,19.0012,2011,4,7,17,3,0,2,1,343
3,0,1,2,29.52,34.85,74,16.9979,2012,9,4,10,1,0,2,2,172
2,0,1,1,30.34,32.575,28,0.0,2011,6,15,14,2,0,3,0,178
3,0,0,1,36.9,40.91,37,19.0012,2012,7,1,15,6,1,3,0,345
3,0,1,1,26.24,30.305,73,15.0013,2012,9,14,21,4,0,2,2,312
4,0,1,1,8.2,11.365,69,7.0015,2012,12,14,3,4,0,0,1,12
1,0,1,1,14.76,15.91,53,35.0008,2011,2,2,17,2,0,1,1,190
3,0,1,1,32.8,37.88,55,19.0012,2012,9,7,16,4,0,3,1,470
1,0,1,1,13.12,15.15,39,19.9995,2012,2,9,14,3,0,1,0,144
3,0,1,2,28.7,33.335,79,0.0,2012,8,6,8,0,0,2,2,605
3,0,1,2,25.42,25.76,100,16.9979,2011,9,9,2,4,0,2,2,8
2,0,1,1,20.5,24.24,59,31.0009,2012,5,10,9,3,0,2,1,361
1,0,1,3,14.76,17.425,81,15.0013,2012,3,2,17,4,0,1,2,128
4,0,1,2,13.12,14.395,53,26.0027,2012,11,7,17,2,0,1,1,517
2,0,1,2,22.14,25.76,45,16.9979,2012,5,7,22,0,0,2,1,173
1,0,1,1,23.78,27.275,32,16.9979,2012,3,1,13,3,0,2,0,211
1,0,1,1,15.58,19.695,40,15.0013,2012,2,6,13,0,0,1,0,141
2,0,1,1,26.24,30.305,73,15.0013,2011,6,13,1,0,0,2,2,16
1,0,0,2,18.86,22.725,88,19.9995,2011,1,2,0,6,1,1,2,17
2,0,0,1,27.06,31.06,69,16.9979,2011,5,15,15,6,1,2,1,459
2,0,0,1,15.58,19.695,46,26.0027,2011,4,17,8,6,1,1,1,43
2,0,1,3,13.12,14.395,81,30.0026,2011,4,5,11,1,0,1,2,19
2,0,0,2,17.22,21.21,77,6.0032,2011,5,1,7,6,1,1,2,33
3,0,0,1,23.78,27.275,94,8.9981,2011,9,10,5,5,1,2,2,8
4,0,0,1,18.04,21.97,88,0.0,2011,10,9,4,6,1,1,2,14
4,0,1,1,19.68,23.485,77,8.9981,2011,10,4,23,1,0,1,2,66
3,0,1,1,31.16,35.605,58,6.0032,2012,8,1,11,2,0,3,1,234
1,0,1,2,27.06,31.06,41,6.0032,2012,3,15,13,3,0,2,1,273
4,0,0,1,13.12,17.425,66,0.0,2011,11,5,21,5,1,1,1,118
3,0,1,1,24.6,29.545,73,6.0032,2011,9,1,1,3,0,2,2,21
2,0,0,2,26.24,31.06,27,30.0026,2012,4,14,14,5,1,2,0,660
4,0,1,2,13.94,16.665,61,8.9981,2012,11,15,11,3,0,1,1,166
1,0,1,1,9.84,11.365,35,12.998,2011,2,11,13,4,0,0,0,110
1,0,1,1,12.3,14.395,56,19.0012,2012,3,7,2,2,0,1,1,4
2,0,1,1,24.6,31.06,40,12.998,2012,5,17,20,3,0,2,0,446
4,0,1,1,12.3,16.665,39,0.0,2012,12,6,13,3,0,1,0,245
2,0,1,2,23.78,27.275,81,8.9981,2012,5,2,11,2,0,2,2,184
3,0,0,1,33.62,38.635,57,12.998,2012,8,4,10,5,1,3,1,396
2,0,1,1,18.86,22.725,82,0.0,2012,6,6,3,2,0,1,2,8
4,1,0,1,24.6,30.305,60,15.0013,2012,11,12,13,0,0,2,1,420
4,0,0,1,10.66,12.12,48,16.9979,2011,11,19,3,5,1,1,1,15
3,0,1,1,22.96,26.515,64,6.0032,2012,9,12,22,2,0,2,1,212
4,0,1,1,14.76,17.425,50,12.998,2011,12,19,18,0,0,1,1,354
2,0,0,1,28.7,31.82,42,16.9979,2012,4,15,18,6,1,2,1,479
2,0,1,3,23.78,27.275,64,16.9979,2011,5,19,13,3,0,2,1,183
1,0,0,2,8.2,10.605,69,8.9981,2011,2,13,6,6,1,0,1,5
2,0,1,1,25.42,29.545,73,19.0012,2011,6,13,2,0,0,2,2,10
2,0,1,1,21.32,25.0,59,12.998,2012,4,19,22,3,0,2,1,248
1,0,1,1,12.3,16.665,70,0.0,2012,3,2,5,4,0,1,1,24
4,0,1,1,13.12,15.15,53,19.0012,2011,12,2,23,4,0,1,1,95
1,0,1,1,13.12,16.665,49,0.0,2012,2,7,9,1,0,1,1,289
4,0,0,1,14.76,18.94,87,0.0,2011,11,6,22,6,1,1,2,45
1,0,1,1,8.2,9.85,51,12.998,2012,1,19,12,3,0,0,1,111
2,0,0,1,29.52,32.575,30,7.0015,2012,5,19,15,5,1,2,0,672
1,0,0,1,10.66,12.88,93,15.0013,2011,2,5,23,5,1,1,2,59
3,0,1,2,22.96,26.515,68,8.9981,2011,9,19,20,0,0,2,1,231
4,0,1,2,16.4,20.455,62,19.0012,2012,11,19,12,0,0,1,1,242
1,0,1,1,15.58,19.695,54,12.998,2011,2,17,10,3,0,1,1,88
3,0,1,1,27.88,31.82,65,0.0,2012,8,15,2,2,0,2,1,8
1,0,1,3,13.94,16.665,93,12.998,2012,1,12,0,3,0,1,2,3
1,0,1,3,9.84,12.12,87,8.9981,2012,2,8,20,2,0,0,2,125
3,0,1,1,25.42,27.275,94,0.0,2011,9,9,22,4,0,2,2,160
2,0,1,1,29.52,32.575,38,7.0015,2011,6,2,1,3,0,2,0,15
4,0,1,1,13.94,17.425,53,6.0032,2012,12,14,19,4,0,1,1,319
4,0,1,3,22.96,26.515,100,8.9981,2011,10,13,10,3,0,2,2,69
2,0,1,1,21.32,25.0,27,0.0,2012,4,13,14,4,0,2,0,348
2,0,1,1,22.96,26.515,26,32.9975,2011,5,5,15,3,0,2,0,147
4,0,1,1,18.04,21.97,44,19.0012,2012,12,5,11,2,0,1,1,172
2,0,1,1,36.9,40.91,37,6.0032,2011,6,9,13,3,0,3,0,136
3,0,1,1,27.88,31.82,69,11.0014,2011,9,13,19,1,0,2,1,396
1,0,0,2,24.6,31.06,53,16.9979,2011,3,19,0,5,1,2,1,76
2,0,1,1,28.7,32.575,54,19.0012,2012,5,16,19,2,0,2,1,590
1,0,1,2,23.78,27.275,32,19.0012,2012,3,12,14,0,0,2,0,221
1,0,1,2,8.2,11.365,44,7.0015,2012,1,4,23,2,0,0,1,32
4,0,1,1,13.12,15.15,49,19.0012,2012,11,5,10,0,0,1,1,142
1,0,0,1,18.04,21.97,38,16.9979,2012,1,7,22,5,1,1,0,109
4,0,1,1,7.38,10.605,74,7.0015,2011,12,19,7,0,0,0,2,191
4,0,1,1,17.22,21.21,32,31.0009,2011,11,4,18,4,0,1,0,374
1,1,0,2,7.38,10.605,43,7.0015,2011,1,17,14,0,0,0,1,86
4,0,1,1,9.84,12.88,75,6.0032,2012,12,19,6,2,0,0,2,112
1,0,1,1,8.2,11.365,40,6.0032,2011,1,7,18,4,0,0,0,123
2,0,0,1,18.04,21.97,67,11.0014,2011,4,17,23,6,1,1,1,56
4,0,1,1,18.86,22.725,55,0.0,2012,10,16,20,1,0,1,1,432
2,0,1,1,23.78,27.275,53,0.0,2012,6,4,0,0,0,2,1,49
2,0,0,1,26.24,30.305,69,8.9981,2012,6,10,2,6,1,2,1,73
3,0,1,1,32.8,35.605,41,15.0013,2011,8,16,16,1,0,3,1,303
3,0,1,1,30.34,34.85,66,7.0015,2011,8,8,23,0,0,3,1,72
4,0,1,1,13.12,15.91,53,12.998,2011,12,2,22,4,0,1,1,102
1,0,0,2,13.12,15.15,45,19.0012,2012,2,19,16,6,1,1,1,212
4,1,0,2,16.4,20.455,71,16.9979,2012,10,8,19,0,0,1,2,371
3,0,1,1,28.7,33.335,74,11.0014,2012,8,10,2,4,0,2,2,20
3,0,0,2,20.5,24.24,68,19.0012,2011,9,17,10,5,1,2,1,249
3,0,1,1,25.42,31.06,50,19.0012,2012,9,10,10,0,0,2,1,210
3,0,1,1,36.9,38.635,25,12.998,2012,7,3,14,1,0,3,0,310
1,0,1,1,11.48,13.635,52,16.9979,2011,1,4,15,1,0,1,1,65
2,0,1,2,20.5,24.24,39,19.0012,2012,4,18,5,2,0,2,0,34
2,0,0,1,21.32,25.0,59,6.0032,2011,6,4,4,5,1,2,1,15
3,0,1,1,32.8,34.85,31,15.0013,2012,8,16,13,3,0,3,0,300
4,0,1,2,17.22,21.21,88,0.0,2012,12,17,15,0,0,1,2,211
2,0,1,2,22.96,26.515,88,19.0012,2012,5,14,12,0,0,2,2,185
2,0,0,2,26.24,30.305,69,7.0015,2011,6,5,12,6,1,2,1,335
3,0,1,1,34.44,39.395,49,19.9995,2012,7,5,9,3,0,3,1,293
3,0,1,1,15.58,19.695,76,12.998,2011,9,16,5,4,0,1,2,32
3,0,1,2,31.16,36.365,66,6.0032,2012,8,7,11,1,0,3,1,214
2,0,1,2,19.68,23.485,82,15.0013,2012,5,3,0,3,0,1,2,90
4,0,1,1,13.12,15.91,53,11.0014,2012,11,14,18,2,0,1,1,567
3,0,0,2,29.52,34.09,70,11.0014,2011,9,4,23,6,1,2,1,104
3,0,1,2,27.88,31.82,65,0.0,2012,9,14,10,4,0,2,1,246
1,0,1,1,14.76,17.425,50,11.0014,2012,3,2,10,4,0,1,1,132
1,0,1,2,9.02,12.88,93,6.0032,2011,1,19,6,2,0,0,2,32
3,0,1,2,31.98,35.605,52,16.9979,2011,8,5,14,4,0,3,1,245
1,0,0,3,17.22,21.21,88,16.9979,2011,1,1,18,5,1,1,2,35
4,0,0,1,22.14,25.76,83,7.0015,2011,10,9,21,6,1,2,2,173
3,0,0,1,29.52,33.335,51,11.0014,2011,7,2,22,5,1,2,1,201
1,0,1,2,13.12,15.91,87,11.0014,2012,2,16,19,3,0,1,2,258
3,0,1,1,26.24,29.545,78,19.0012,2011,8,18,5,3,0,2,2,27
2,0,0,1,19.68,23.485,59,0.0,2012,5,12,3,5,1,1,1,34
4,0,1,2,13.94,15.15,49,30.0026,2011,11,17,15,3,0,1,1,116
1,0,1,1,2.46,3.79,45,8.9981,2011,2,9,3,2,0,0,1,2
4,0,1,1,16.4,20.455,24,32.9975,2012,11,8,12,3,0,1,0,235
1,0,1,3,15.58,19.695,87,0.0,2012,2,2,9,3,0,1,2,228
2,0,0,1,26.24,31.06,53,11.0014,2012,6,17,13,6,1,2,1,614
1,0,0,3,9.84,12.12,93,8.9981,2012,2,4,21,5,1,0,2,78
2,0,1,1,37.72,43.94,40,15.0013,2011,6,8,16,2,0,3,0,233
1,0,0,3,9.02,11.365,93,8.9981,2012,2,11,7,5,1,0,2,19
4,0,1,2,18.86,22.725,88,7.0015,2011,11,15,22,1,0,1,2,128
3,0,0,1,26.24,31.06,38,26.0027,2012,9,15,11,5,1,2,0,627
4,0,1,2,11.48,15.91,93,0.0,2011,11,7,7,0,0,1,2,311
1,0,0,2,8.2,9.09,69,26.0027,2011,1,8,11,5,1,0,1,62
4,0,1,1,9.02,12.88,69,6.0032,2012,11,6,4,1,0,0,1,7
4,0,1,1,13.94,15.91,49,19.0012,2012,11,13,18,1,0,1,1,559
4,0,1,3,14.76,18.18,100,6.0032,2012,12,10,0,0,0,1,2,20
2,0,1,1,22.96,26.515,28,27.9993,2012,5,11,12,4,0,2,0,348
4,0,1,2,18.04,21.97,94,8.9981,2012,12,18,1,1,0,1,2,15
1,0,1,1,9.02,10.605,37,19.9995,2012,3,6,0,1,0,0,0,8
1,0,1,2,9.02,11.365,60,8.9981,2012,1,9,6,0,0,0,1,88
1,0,1,1,10.66,14.395,52,6.0032,2012,2,10,2,4,0,1,1,16
2,0,1,2,25.42,29.545,73,7.0015,2012,6,18,21,0,0,2,2,273
2,0,0,1,27.06,31.06,39,19.9995,2012,6,3,12,6,1,2,0,684
2,0,1,1,20.5,24.24,31,7.0015,2012,4,5,18,3,0,2,0,698
2,0,1,1,29.52,32.575,32,8.9981,2012,6,8,20,4,0,2,0,408
4,0,1,2,13.94,15.15,49,30.0026,2011,11,17,13,3,0,1,1,124
2,0,1,1,23.78,27.275,88,7.0015,2011,6,6,2,0,0,2,2,8
1,0,1,1,18.04,21.97,82,8.9981,2012,3,14,5,2,0,1,2,27
2,0,1,1,26.24,30.305,65,11.0014,2012,6,14,21,3,0,2,1,337
4,0,1,1,19.68,23.485,51,7.0015,2011,11,2,16,2,0,1,1,266
3,0,1,3,27.06,29.545,89,19.9995,2011,9,8,15,3,0,2,2,139
1,0,1,1,16.4,20.455,40,15.0013,2012,2,15,18,2,0,1,0,468
2,0,1,2,16.4,20.455,94,16.9979,2011,4,12,23,1,0,1,2,39
2,0,0,2,22.96,26.515,88,12.998,2011,5,14,17,5,1,2,2,272
1,0,1,1,14.76,17.425,46,12.998,2011,2,16,21,2,0,1,1,92
1,0,0,1,8.2,9.09,32,23.9994,2012,1,15,14,6,1,0,0,188
2,0,1,2,29.52,32.575,37,27.9993,2012,6,13,14,2,0,2,0,320
2,0,1,1,26.24,29.545,78,0.0,2012,6,13,1,2,0,2,2,28
3,0,1,1,27.88,31.82,61,0.0,2011,8,10,6,2,0,2,1,119
4,0,1,2,15.58,19.695,87,6.0032,2011,11,4,4,4,0,1,2,7
4,0,1,1,22.14,25.76,39,19.0012,2012,10,16,16,1,0,2,0,446
3,0,1,1,32.8,36.365,43,12.998,2011,8,9,20,1,0,3,1,292
2,0,1,1,21.32,25.0,32,22.0028,2011,4,6,15,2,0,2,0,117
2,0,1,1,17.22,21.21,38,27.9993,2011,4,5,17,1,0,1,0,273
2,0,1,2,13.94,15.15,49,22.0028,2012,4,11,10,2,0,1,1,153
1,0,0,1,9.84,11.365,38,15.0013,2012,1,14,16,5,1,0,0,206
2,0,0,3,20.5,24.24,88,39.0007,2011,4,16,17,5,1,2,2,15
2,0,1,1,22.14,25.76,22,19.0012,2012,4,10,12,1,0,2,0,259
3,0,1,1,31.16,36.365,66,8.9981,2012,8,6,11,0,0,3,1,260
1,0,1,1,18.86,22.725,63,26.0027,2012,3,8,3,3,0,1,1,3
1,0,1,2,11.48,13.635,100,15.0013,2011,3,16,3,2,0,1,2,3
1,0,1,2,8.2,12.88,75,0.0,2012,1,5,8,3,0,0,2,388
4,0,1,1,11.48,13.635,52,15.0013,2011,12,8,18,3,0,1,1,318
3,0,1,1,28.7,33.335,84,6.0032,2012,8,9,2,3,0,2,2,14
4,0,1,1,11.48,15.15,61,6.0032,2011,12,12,19,0,0,1,1,241
1,0,0,1,12.3,13.635,45,22.0028,2011,2,13,10,6,1,1,1,105
4,0,0,1,28.7,32.575,54,7.0015,2012,10,6,12,5,1,2,1,743
1,0,1,3,18.86,22.725,82,12.998,2012,3,13,6,1,0,1,2,113
4,0,1,1,12.3,14.395,52,15.0013,2012,12,11,23,1,0,1,1,64
1,0,0,1,20.5,24.24,29,19.9995,2012,3,11,15,6,1,2,0,487
2,0,1,1,24.6,28.79,78,7.0015,2012,5,2,0,2,0,2,2,47
3,0,1,1,31.16,36.365,70,19.0012,2012,9,4,12,1,0,3,1,287
1,0,1,1,18.86,22.725,88,0.0,2012,3,16,20,4,0,1,2,235
3,0,1,1,26.24,31.06,33,0.0,2012,9,11,12,1,0,2,0,316
4,0,0,1,17.22,21.21,54,8.9981,2011,10,16,2,6,1,1,1,65
2,0,0,2,21.32,25.0,55,0.0,2011,5,8,1,6,1,2,1,64
3,0,0,2,24.6,29.545,69,23.9994,2012,9,15,4,5,1,2,1,6
2,0,1,1,26.24,31.06,41,19.0012,2011,6,14,11,1,0,2,1,143
1,0,1,1,13.94,16.665,46,11.0014,2012,2,7,10,1,0,1,1,116
3,0,1,1,27.06,30.305,78,12.998,2011,7,18,3,0,0,2,2,7
1,0,1,1,4.92,6.06,55,16.9979,2012,1,19,5,3,0,0,1,19
1,0,1,1,8.2,9.09,64,19.0012,2011,3,1,5,1,0,0,1,2
2,0,0,1,26.24,31.06,53,11.0014,2012,6,17,19,6,1,2,1,390
3,0,1,1,31.16,35.605,62,8.9981,2012,9,7,11,4,0,3,1,296
2,0,1,3,20.5,24.24,82,15.0013,2012,5,9,20,2,0,2,2,51
4,0,0,1,19.68,23.485,33,12.998,2012,10,13,14,5,1,1,0,597
3,0,1,2,27.88,12.12,69,19.9995,2012,8,17,21,4,0,2,1,255
2,0,1,2,20.5,24.24,94,16.9979,2012,5,1,7,1,0,2,2,169
3,0,1,1,24.6,29.545,73,12.998,2011,7,15,3,4,0,2,2,7
2,0,1,1,25.42,31.06,53,0.0,2011,6,15,23,2,0,2,1,107
1,0,1,1,6.56,6.82,47,19.9995,2012,1,18,23,2,0,0,1,38
1,0,1,3,15.58,19.695,0,19.0012,2011,3,10,8,3,0,1,0,44
2,1,0,2,22.96,26.515,83,11.0014,2012,4,16,8,0,0,2,2,597
2,0,1,1,18.86,22.725,88,8.9981,2011,5,11,5,2,0,1,2,20
2,0,1,1,24.6,31.06,56,7.0015,2011,6,16,0,3,0,2,1,47
3,0,1,1,38.54,42.425,33,0.0,2012,7,18,13,2,0,3,0,203
4,0,1,1,12.3,16.665,61,0.0,2011,12,1,22,3,0,1,1,104
1,0,0,2,10.66,12.88,70,12.998,2012,2,5,11,6,1,1,1,182
3,0,1,1,30.34,33.335,48,11.0014,2012,7,12,10,3,0,3,1,214
4,0,1,2,22.14,25.76,88,26.0027,2011,10,12,8,2,0,2,2,404
1,0,0,1,6.56,7.575,47,12.998,2012,1,14,1,5,1,0,1,50
1,0,1,1,10.66,13.635,56,7.0015,2012,2,13,22,0,0,1,1,102
1,0,0,1,13.12,15.91,53,11.0014,2012,2,5,17,6,1,1,1,306
2,0,1,1,17.22,21.21,47,11.0014,2012,5,11,5,4,0,1,1,26
3,0,1,1,30.34,33.335,42,16.9979,2011,7,15,17,4,0,3,1,587
4,0,0,1,18.86,22.725,59,8.9981,2012,10,6,21,5,1,1,1,215
4,0,1,2,13.12,15.15,49,19.9995,2012,11,7,21,2,0,1,1,126
2,0,1,1,18.86,22.725,36,19.9995,2012,4,2,13,0,0,1,0,281
2,0,1,3,26.24,28.79,89,19.0012,2012,6,12,10,1,0,2,2,125
3,0,1,2,29.52,34.09,62,8.9981,2012,7,11,10,2,0,2,1,195
4,0,1,3,23.78,27.275,83,7.0015,2012,10,2,7,1,0,2,2,260
3,0,1,2,30.34,34.09,55,12.998,2011,8,3,9,2,0,3,1,195
3,0,0,3,27.06,31.06,61,7.0015,2012,7,14,4,5,1,2,1,9
4,0,0,2,14.76,18.94,93,0.0,2012,12,16,21,6,1,1,2,106
2,0,1,1,22.14,25.76,28,30.0026,2011,5,5,14,3,0,2,0,154
1,0,1,2,10.66,13.635,56,7.0015,2012,1,9,12,0,0,1,1,103
1,0,1,2,13.12,15.91,70,11.0014,2011,2,7,17,0,0,1,1,216
4,0,1,3,25.42,27.275,94,6.0032,2012,10,4,6,3,0,2,2,133
3,0,1,2,31.16,35.605,62,7.0015,2012,7,18,19,2,0,3,1,516
1,0,1,2,8.2,11.365,40,7.0015,2012,1,4,19,2,0,0,0,184
4,0,1,3,24.6,25.76,94,6.0032,2011,10,19,20,2,0,2,2,145
3,0,1,1,31.98,37.12,59,12.998,2012,8,6,19,0,0,3,1,640
2,0,1,2,14.76,17.425,76,12.998,2011,4,8,9,4,0,1,2,185
3,0,1,1,34.44,38.635,47,8.9981,2012,7,19,13,3,0,3,1,254
4,0,1,2,25.42,31.06,43,6.0032,2011,10,18,12,1,0,2,1,201
4,0,0,1,11.48,13.635,81,11.0014,2012,11,18,6,6,1,1,2,15
2,0,1,1,24.6,31.06,33,19.9995,2011,4,18,20,0,0,2,0,165
4,0,1,1,9.02,12.88,69,6.0032,2012,12,14,1,4,0,0,1,26
4,0,0,1,14.76,18.18,57,6.0032,2012,10,13,0,5,1,1,1,249
1,0,1,1,11.48,13.635,61,11.0014,2012,2,8,1,2,0,1,1,10
2,0,1,1,26.24,31.06,44,15.0013,2011,6,14,13,1,0,2,1,209
3,0,1,1,31.98,34.85,40,11.0014,2012,8,13,13,0,0,3,0,254
1,0,0,1,9.84,10.605,41,19.0012,2011,1,16,12,6,1,0,1,104
2,0,1,1,31.16,36.365,66,8.9981,2011,6,10,21,4,0,3,1,218
3,0,0,2,33.62,38.635,52,0.0,2012,9,1,18,5,1,3,1,442
1,0,1,1,5.74,10.605,59,0.0,2012,1,19,10,3,0,0,1,108
4,0,0,1,19.68,23.485,51,12.998,2011,11,6,15,6,1,1,1,306
3,0,1,3,26.24,28.03,94,12.998,2011,9,9,0,4,0,2,2,16
3,0,1,1,35.26,38.635,39,15.0013,2011,7,7,16,3,0,3,0,265
1,0,1,1,14.76,17.425,27,15.0013,2011,3,8,17,1,0,1,0,248
4,0,0,1,9.84,12.12,65,11.0014,2011,12,17,4,5,1,0,1,9
4,0,0,1,15.58,19.695,62,15.0013,2011,11,19,23,5,1,1,1,93
2,0,1,1,23.78,27.275,43,0.0,2012,4,19,14,3,0,2,1,237
1,0,1,1,18.04,21.97,82,6.0032,2012,3,14,6,2,0,1,2,121
4,0,1,1,14.76,18.18,76,7.0015,2011,10,3,2,0,0,1,2,4
1,0,1,1,6.56,9.85,55,6.0032,2011,1,7,19,4,0,0,1,95
1,0,1,1,4.92,6.82,50,12.998,2011,1,13,23,3,0,0,1,15
4,0,1,2,23.78,27.275,56,15.0013,2012,12,4,14,1,0,2,1,270
3,0,0,1,31.16,36.365,66,19.9995,2012,8,4,23,5,1,3,1,222
3,1,0,2,28.7,33.335,84,8.9981,2012,9,3,22,0,0,2,2,121
2,0,1,1,27.06,31.06,41,19.9995,2012,4,4,17,2,0,2,1,744
4,0,1,2,14.76,17.425,81,11.0014,2011,11,1,2,1,0,1,2,4
2,0,1,3,21.32,25.0,94,12.998,2012,5,14,7,0,0,2,2,75
1,0,1,3,6.56,11.365,93,0.0,2011,1,11,19,1,0,0,2,51
4,0,1,2,18.04,21.97,94,8.9981,2012,12,18,0,1,0,1,2,18
2,0,1,1,25.42,31.06,41,7.0015,2012,4,19,16,3,0,2,1,387
4,0,1,2,16.4,20.455,54,11.0014,2012,11,1,15,3,0,1,1,214
3,0,1,1,28.7,33.335,74,7.0015,2011,8,1,2,0,0,2,2,11
1,0,1,1,5.74,10.605,39,0.0,2011,2,10,21,3,0,0,0,72
2,0,1,1,19.68,23.485,29,26.0027,2012,4,6,14,4,0,1,0,490
2,0,1,1,25.42,31.06,46,15.0013,2011,6,14,10,1,0,2,1,130
3,0,0,1,35.26,36.365,19,11.0014,2011,7,2,15,5,1,3,0,331
3,0,1,1,28.7,33.335,74,15.0013,2012,9,7,22,4,0,2,2,299
3,0,1,1,22.96,26.515,60,7.0015,2012,9,11,21,1,0,2,1,310
3,0,1,1,26.24,28.79,89,11.0014,2012,9,6,21,3,0,2,2,272
4,1,0,1,21.32,25.0,83,0.0,2011,10,10,8,0,0,2,2,254
3,0,1,2,24.6,28.03,83,16.9979,2011,9,15,6,3,0,2,2,124
3,0,0,2,27.06,30.305,83,8.9981,2011,7,9,0,5,1,2,2,121
3,0,1,1,31.16,34.09,40,6.0032,2012,8,16,20,3,0,3,0,514
4,0,1,1,13.12,15.15,53,15.0013,2012,12,11,17,1,0,1,1,601
4,0,1,1,20.5,24.24,39,19.9995,2012,10,12,9,4,0,2,0,400
2,0,0,1,25.42,31.06,57,16.9979,2012,5,13,11,6,1,2,1,428
4,0,1,1,14.76,18.18,76,7.0015,2012,10,12,4,4,0,1,2,8
3,0,1,1,26.24,28.79,89,8.9981,2012,9,7,0,4,0,2,2,96
4,0,1,2,15.58,19.695,62,16.9979,2012,11,19,20,0,0,1,1,259
2,0,0,2,18.86,22.725,82,6.0032,2011,5,1,18,6,1,1,2,159
2,0,0,1,17.22,21.21,67,6.0032,2012,5,12,6,5,1,1,1,33
4,0,1,3,22.14,25.76,94,26.0027,2011,10,12,4,2,0,2,2,7
3,0,1,2,33.62,12.12,38,16.9979,2012,8,17,18,4,0,3,0,669
2,0,1,1,28.7,31.82,37,27.9993,2011,6,13,16,0,0,2,0,326
4,0,1,1,10.66,13.635,75,8.9981,2012,12,19,7,2,0,1,2,363
3,0,1,2,27.06,29.545,94,15.0013,2011,9,8,12,3,0,2,2,102
4,1,0,1,17.22,21.21,82,11.0014,2012,11,12,8,0,0,1,2,540
2,0,1,1,20.5,24.24,45,31.0009,2011,5,4,16,2,0,2,1,195
1,0,1,1,13.12,15.15,53,19.0012,2011,2,14,4,0,0,1,1,2
4,0,0,2,13.94,15.91,49,16.9979,2012,11,3,3,5,1,1,1,28
4,0,1,1,10.66,12.88,60,11.0014,2011,12,13,9,1,0,1,1,233
1,0,1,1,9.84,12.12,70,8.9981,2012,1,6,8,4,0,0,1,447
1,0,1,1,6.56,7.575,64,15.0013,2011,1,4,9,1,0,0,1,100
2,0,1,3,27.06,30.305,83,23.9994,2012,6,12,11,1,0,2,2,65
4,0,1,1,13.94,17.425,66,7.0015,2011,12,9,17,4,0,1,1,362
2,0,1,2,24.6,31.06,43,23.9994,2012,4,4,11,2,0,2,1,213
1,0,0,1,18.86,22.725,41,26.0027,2011,3,13,16,6,1,1,1,256
1,0,1,1,27.06,31.06,44,8.9981,2011,3,18,19,4,0,2,1,190
3,0,1,1,25.42,29.545,73,16.9979,2012,8,16,3,3,0,2,2,4
2,0,1,1,33.62,37.12,43,15.0013,2011,6,8,10,2,0,3,1,90
1,0,1,2,18.04,21.97,82,8.9981,2012,3,16,12,4,0,1,2,294
2,0,1,1,17.22,21.21,41,19.9995,2012,4,5,3,3,0,1,1,5
4,0,0,1,22.96,26.515,35,19.0012,2011,10,16,11,6,1,2,0,377
2,0,1,1,16.4,20.455,56,23.9994,2011,4,4,1,0,0,1,1,11
4,0,1,1,16.4,20.455,54,19.0012,2012,12,19,12,2,0,1,1,236
3,0,1,1,21.32,25.0,72,6.0032,2012,9,17,1,0,0,2,2,21
4,0,0,1,9.84,12.88,87,6.0032,2012,12,1,5,5,1,0,2,13
3,0,1,2,30.34,36.365,72,6.0032,2012,8,8,8,2,0,3,2,737
1,0,0,2,20.5,24.24,77,6.0032,2012,3,18,14,6,1,2,2,521
1,0,0,1,16.4,20.455,50,30.0026,2011,3,12,14,5,1,1,1,166
2,0,1,2,22.96,26.515,94,12.998,2012,5,9,7,2,0,2,2,418
2,0,0,1,25.42,31.06,35,19.0012,2012,6,2,20,5,1,2,0,399
1,0,1,1,13.94,15.15,31,26.0027,2011,3,7,15,0,0,1,0,96
3,0,0,1,31.98,36.365,55,12.998,2011,7,10,11,6,1,3,1,287
1,0,1,1,5.74,8.335,28,7.0015,2011,2,10,19,3,0,0,0,112
1,0,0,2,22.14,25.76,39,22.0028,2011,3,19,3,5,1,2,0,8
3,0,1,1,27.06,31.06,69,0.0,2011,8,5,2,4,0,2,1,19
1,0,1,1,5.74,7.575,74,8.9981,2011,2,4,8,4,0,0,2,220
3,0,1,1,27.88,31.82,74,15.0013,2011,7,18,7,0,0,2,2,277
4,0,1,2,18.86,22.725,82,7.0015,2011,12,5,20,0,0,1,2,205
3,0,1,1,22.14,25.76,60,16.9979,2012,9,19,9,2,0,2,1,362
2,0,0,1,21.32,25.0,45,12.998,2012,4,14,11,5,1,2,1,564
3,0,1,1,29.52,34.09,66,0.0,2011,8,9,1,1,0,2,1,14
2,0,0,1,23.78,27.275,88,0.0,2012,5,5,2,5,1,2,2,75
3,0,1,2,22.96,26.515,100,8.9981,2011,9,7,5,2,0,2,2,16
1,0,1,1,24.6,30.305,64,16.9979,2012,3,19,12,0,0,2,1,282
2,0,1,1,12.3,13.635,49,22.0028,2012,4,6,8,4,0,1,1,508
4,0,0,2,14.76,18.18,93,7.0015,2012,12,8,6,5,1,1,2,20
2,0,0,1,13.12,15.15,61,19.9995,2011,4,2,22,5,1,1,1,55
3,0,0,2,28.7,33.335,84,19.0012,2011,8,7,0,6,1,2,2,80
1,0,1,2,12.3,14.395,61,19.0012,2011,3,11,9,4,0,1,1,156
4,0,1,3,19.68,23.485,94,7.0015,2011,11,16,15,2,0,1,2,66
4,0,1,3,25.42,27.275,94,8.9981,2012,10,2,20,1,0,2,2,306
1,0,1,2,18.04,21.97,51,32.9975,2012,1,18,2,2,0,1,1,2
4,0,1,1,12.3,15.91,75,7.0015,2012,11,1,1,3,0,1,2,30
4,0,1,1,13.12,16.665,93,7.0015,2011,11,8,8,1,0,1,2,466
3,0,1,1,36.9,39.395,27,0.0,2011,8,1,16,0,0,3,0,231
2,0,0,1,20.5,24.24,36,15.0013,2012,4,8,22,6,1,2,0,118
2,0,0,1,10.66,13.635,70,7.0015,2011,4,2,6,5,1,1,1,12
2,0,1,2,22.96,26.515,68,15.0013,2012,5,7,12,0,0,2,1,263
1,0,1,2,14.76,18.94,87,0.0,2012,3,2,22,4,0,1,2,75
1,0,0,1,9.02,11.365,87,12.998,2012,1,7,7,5,1,0,2,20
4,0,0,1,11.48,12.88,45,19.0012,2011,12,17,15,5,1,1,1,228
2,0,1,2,13.94,15.91,93,19.0012,2011,5,4,10,2,0,1,2,31
4,0,1,1,10.66,15.15,70,0.0,2011,12,13,23,1,0,1,1,59
3,0,1,1,30.34,34.09,55,11.0014,2012,7,9,19,0,0,3,1,631
4,0,1,3,18.04,21.97,100,6.0032,2011,12,7,10,2,0,1,2,33
1,0,1,1,18.86,22.725,24,16.9979,2012,3,9,15,4,0,1,0,238
3,0,1,2,32.8,37.12,52,0.0,2012,8,8,12,2,0,3,1,280
3,1,0,1,37.72,42.425,35,19.9995,2012,7,4,15,2,0,3,0,454
2,0,1,1,32.8,39.395,63,8.9981,2011,6,8,20,2,0,3,1,280
4,0,1,1,16.4,20.455,43,19.0012,2012,11,16,12,4,0,1,1,290
3,1,0,2,24.6,27.275,88,39.0007,2011,9,5,22,0,0,2,2,64
2,1,0,1,32.8,34.85,33,30.0026,2012,4,16,15,0,0,3,0,275
2,0,1,1,13.94,15.15,46,27.9993,2011,4,1,16,4,0,1,1,167
4,0,1,2,22.14,25.76,88,0.0,2012,10,19,5,4,0,2,2,36
4,0,1,1,13.94,15.91,81,15.0013,2011,11,1,4,1,0,1,2,8
2,0,1,2,23.78,27.275,78,19.0012,2011,5,18,14,2,0,2,2,138
2,0,1,2,17.22,21.21,38,15.0013,2012,4,5,11,3,0,1,0,268
4,0,0,2,14.76,18.94,100,0.0,2012,12,8,20,5,1,1,2,182
3,0,1,1,23.78,27.275,73,7.0015,2012,9,13,23,3,0,2,2,170
4,0,1,3,13.12,15.15,81,22.0028,2012,11,13,9,1,0,1,2,110
2,0,1,1,18.04,21.97,44,19.9995,2012,4,9,23,0,0,1,1,67
3,0,1,1,27.88,31.06,30,6.0032,2012,9,11,14,1,0,2,0,255
3,0,0,1,31.16,36.365,66,22.0028,2012,8,5,8,6,1,3,1,108
2,0,1,1,26.24,30.305,65,8.9981,2012,5,1,21,1,0,2,1,282
1,0,0,2,17.22,21.21,100,15.0013,2011,3,6,11,6,1,1,2,62
1,0,1,1,8.2,10.605,59,11.0014,2012,2,10,7,4,0,0,1,230
4,0,0,1,13.12,15.15,45,16.9979,2011,11,19,10,5,1,1,1,200
1,0,1,2,8.2,9.85,40,15.0013,2011,1,7,11,4,0,0,0,67
4,0,0,1,26.24,31.06,44,12.998,2012,10,14,17,6,1,2,1,539
2,0,1,3,16.4,20.455,43,27.9993,2012,4,11,18,2,0,1,1,585
1,0,1,1,22.96,26.515,56,8.9981,2012,3,13,23,1,0,2,1,87
4,0,1,3,21.32,25.0,55,15.0013,2011,12,15,15,3,0,2,1,82
4,0,1,3,22.14,25.76,94,11.0014,2011,10,19,14,2,0,2,2,97
1,0,1,1,13.12,15.15,49,19.9995,2011,1,19,20,2,0,1,1,76
3,0,1,3,28.7,33.335,89,12.998,2012,7,9,2,0,0,2,2,5
3,0,0,2,30.34,34.85,70,0.0,2012,9,2,11,6,1,3,1,489
3,0,1,2,28.7,32.575,54,12.998,2012,9,14,13,4,0,2,1,408
3,0,1,1,28.7,33.335,74,8.9981,2012,7,10,2,1,0,2,2,16
4,0,1,2,18.86,22.725,88,0.0,2011,10,18,5,1,0,1,2,21
4,0,1,1,20.5,24.24,72,22.0028,2011,12,16,0,4,0,2,2,72
1,0,0,2,18.86,22.725,72,19.9995,2011,1,1,13,5,1,1,2,94
4,0,1,2,18.86,22.725,67,12.998,2011,11,14,8,0,0,1,1,452
1,0,1,3,12.3,14.395,93,16.9979,2011,3,16,0,2,0,1,2,8
3,0,0,1,30.34,34.85,66,15.0013,2011,7,10,22,6,1,3,1,143
1,0,0,1,12.3,14.395,39,15.0013,2012,3,10,21,5,1,1,0,110
1,0,0,2,13.12,15.91,45,12.998,2012,2,19,14,6,1,1,1,237
3,0,0,1,24.6,29.545,73,6.0032,2011,7,16,4,5,1,2,2,16
2,0,1,1,19.68,23.485,63,6.0032,2012,4,19,10,3,0,1,1,189
2,0,0,2,22.96,26.515,43,8.9981,2012,4,14,21,5,1,2,1,220
3,0,1,2,24.6,27.275,88,12.998,2012,9,18,20,1,0,2,2,290
2,0,1,3,13.94,16.665,87,11.0014,2011,4,8,7,4,0,1,2,113
4,0,0,1,17.22,21.21,82,11.0014,2012,12,8,15,5,1,1,2,541
3,0,1,1,32.8,37.88,55,23.9994,2011,7,11,10,0,0,3,1,117
4,0,1,1,20.5,24.24,72,12.998,2012,10,17,19,2,0,2,2,516
4,0,1,2,25.42,28.79,83,12.998,2012,10,3,9,2,0,2,2,362
2,0,0,1,22.96,26.515,88,0.0,2012,5,5,7,5,1,2,2,87
3,0,1,2,25.42,25.76,100,11.0014,2011,9,9,1,4,0,2,2,8
3,0,1,1,26.24,28.03,94,7.0015,2011,7,7,3,3,0,2,2,4
1,0,1,1,8.2,8.335,44,30.0026,2011,2,2,23,2,0,0,1,32
3,0,0,1,32.8,38.635,59,7.0015,2012,7,8,3,6,1,3,1,35
2,0,1,2,22.14,25.76,73,22.0028,2011,4,5,2,1,0,2,2,5
3,0,1,2,26.24,28.03,94,15.0013,2011,9,8,11,3,0,2,2,98
4,0,1,1,11.48,13.635,52,16.9979,2012,12,13,9,3,0,1,1,325
2,0,1,1,12.3,14.395,49,19.0012,2011,4,5,23,1,0,1,1,26
1,0,1,1,8.2,11.365,69,7.0015,2011,3,8,5,1,0,0,1,10
2,0,1,1,26.24,31.06,57,11.0014,2012,6,8,23,4,0,2,1,215
3,0,1,1,29.52,33.335,54,16.9979,2011,9,1,17,3,0,2,1,628
4,0,1,1,17.22,21.21,62,12.998,2011,10,6,7,3,0,1,1,302
2,0,0,1,20.5,24.24,39,7.0015,2011,4,17,22,6,1,2,0,70
3,0,1,2,28.7,33.335,74,12.998,2011,8,4,20,3,0,2,2,286
4,1,0,1,16.4,20.455,76,8.9981,2012,11,12,2,0,0,1,2,20
1,0,1,2,11.48,13.635,45,11.0014,2011,2,4,14,4,0,1,1,91
3,0,0,1,28.7,33.335,89,12.998,2011,8,7,5,6,1,2,2,5
3,0,1,1,24.6,28.03,81,7.0015,2011,9,13,8,1,0,2,2,425
3,0,0,2,26.24,31.06,36,19.0012,2012,9,15,18,5,1,2,0,614
4,0,1,1,10.66,15.15,75,0.0,2011,12,14,4,2,0,1,2,4
2,0,1,2,27.06,29.545,89,19.0012,2012,6,12,16,1,0,2,2,239
1,1,0,1,5.74,8.335,43,7.0015,2012,1,16,1,0,0,0,1,20
4,0,1,1,17.22,21.21,82,7.0015,2012,12,4,1,1,0,1,2,25
3,0,1,2,36.08,40.15,39,16.9979,2012,7,5,19,3,0,3,0,503
1,0,1,1,15.58,19.695,37,23.9994,2011,2,14,0,0,0,1,0,11
4,0,1,1,12.3,16.665,75,0.0,2011,12,9,21,4,0,1,2,140
4,1,0,1,13.94,17.425,76,7.0015,2012,10,8,6,0,0,1,2,59
3,0,1,1,32.8,37.12,49,7.0015,2011,8,9,19,1,0,3,1,371
3,0,1,1,36.9,40.91,35,19.9995,2012,7,5,11,3,0,3,0,244
4,0,1,1,24.6,31.06,53,8.9981,2012,12,3,16,0,0,2,1,442
4,0,0,1,16.4,20.455,82,12.998,2012,10,14,5,6,1,1,2,11
4,0,1,1,16.4,20.455,40,15.0013,2011,12,1,14,3,0,1,0,150
4,0,1,2,23.78,27.275,94,23.9994,2011,10,19,23,2,0,2,2,69
1,0,1,1,13.12,14.395,36,27.9993,2011,3,7,14,0,0,1,0,77
4,0,1,2,12.3,14.395,56,15.0013,2012,11,5,3,0,0,1,1,4
4,0,1,1,18.86,22.725,63,15.0013,2012,10,15,23,0,0,1,1,81
2,0,1,1,25.42,31.06,43,6.0032,2012,6,6,11,2,0,2,1,226
1,0,1,1,19.68,23.485,41,22.0028,2012,3,1,19,3,0,1,1,328
1,0,1,1,13.94,17.425,23,7.0015,2012,2,13,14,0,0,1,0,135
4,0,1,2,16.4,20.455,58,19.9995,2011,12,15,10,3,0,1,1,109
1,0,1,1,16.4,20.455,65,12.998,2011,3,16,23,2,0,1,1,27
4,0,1,1,17.22,21.21,67,6.0032,2012,10,16,7,1,0,1,1,525
2,0,1,1,22.96,26.515,52,16.9979,2012,5,17,10,3,0,2,1,205
2,0,1,1,18.04,21.97,33,22.0028,2012,4,6,13,4,0,1,0,411
3,0,1,2,29.52,32.575,45,8.9981,2012,7,13,23,4,0,2,1,212
2,0,1,1,20.5,24.24,82,15.0013,2012,5,2,22,2,0,2,2,173
4,0,1,1,12.3,16.665,81,0.0,2011,11,2,5,2,0,1,2,27
1,0,1,1,4.92,4.545,42,27.9993,2011,3,3,7,3,0,0,1,111
2,0,1,1,25.42,31.06,53,6.0032,2011,5,11,14,2,0,2,1,177
1,0,1,1,12.3,13.635,52,27.9993,2012,1,18,8,2,0,1,1,489
1,0,1,1,18.86,22.725,82,19.0012,2012,3,13,8,1,0,1,2,593
1,0,0,3,14.76,18.94,93,0.0,2012,3,3,8,5,1,1,2,48
2,0,1,3,28.7,32.575,70,16.9979,2012,6,1,17,4,0,2,1,227
3,0,1,1,28.7,33.335,79,7.0015,2011,8,8,0,0,0,2,2,30
1,0,1,1,18.04,21.97,77,7.0015,2012,3,15,4,3,0,1,2,14
1,0,0,1,18.86,22.725,88,12.998,2012,3,18,0,6,1,1,2,107
2,0,1,1,18.04,21.97,72,19.9995,2012,5,10,7,3,0,1,2,401
4,0,1,1,12.3,15.15,70,11.0014,2012,11,2,6,4,0,1,1,122
2,0,1,1,25.42,29.545,78,7.0015,2012,5,15,10,1,0,2,2,171
4,0,0,1,14.76,17.425,50,11.0014,2012,11,3,19,5,1,1,1,239
3,0,0,1,25.42,31.06,50,11.0014,2012,9,16,18,6,1,2,1,481
1,0,1,1,28.7,31.82,37,22.0028,2011,3,18,17,4,0,2,0,332
2,0,0,1,26.24,29.545,78,15.0013,2011,6,5,22,6,1,2,2,130
3,0,1,1,32.8,38.635,59,8.9981,2011,7,5,19,1,0,3,1,368
3,0,1,2,26.24,29.545,78,8.9981,2012,8,1,4,2,0,2,2,4
4,0,1,1,13.94,18.18,87,0.0,2011,11,7,0,0,0,1,2,15
1,0,1,1,16.4,20.455,66,12.998,2011,3,18,7,4,0,1,1,123
2,0,1,1,22.14,25.76,28,16.9979,2012,4,13,15,4,0,2,0,352
4,0,1,1,10.66,15.15,70,0.0,2011,12,12,22,0,0,1,1,71
4,0,1,3,25.42,28.79,83,16.9979,2011,10,13,18,3,0,2,2,268
1,0,1,3,18.04,21.97,0,23.9994,2011,3,10,18,3,0,1,0,82
1,0,1,1,13.94,16.665,53,11.0014,2012,3,2,0,4,0,1,1,46
1,0,1,1,6.56,7.575,47,16.9979,2011,1,13,19,3,0,0,1,99
1,0,0,3,14.76,16.665,100,19.0012,2011,3,6,16,6,1,1,2,11
3,0,0,2,23.78,27.275,56,8.9981,2011,9,18,14,6,1,2,1,311
2,0,1,2,20.5,24.24,51,7.0015,2011,5,10,8,1,0,2,1,425
3,0,1,3,27.06,29.545,94,8.9981,2012,9,6,9,3,0,2,2,123
2,0,1,2,9.84,11.365,93,16.9979,2011,4,1,4,4,0,0,2,3
1,0,1,1,4.1,3.79,49,22.0028,2011,2,10,8,3,0,0,1,178
3,0,0,1,30.34,34.85,70,26.0027,2012,9,8,10,5,1,3,1,422
2,0,1,1,18.86,22.725,72,8.9981,2011,5,2,1,0,0,1,2,114
2,0,1,1,10.66,13.635,60,8.9981,2011,4,6,1,2,0,1,1,2
2,0,1,1,28.7,31.82,32,19.9995,2011,6,2,8,3,0,2,0,467
3,0,1,1,25.42,29.545,78,12.998,2011,9,2,8,4,0,2,2,456
1,0,1,1,17.22,21.21,38,23.9994,2012,2,14,17,1,0,1,0,523
4,0,1,1,18.04,21.97,41,31.0009,2012,12,18,16,1,0,1,1,363
1,0,0,3,4.92,3.79,50,32.9975,2012,2,11,23,5,1,0,1,20
3,0,1,1,26.24,29.545,78,6.0032,2011,8,5,1,4,0,2,2,19
3,0,1,1,31.16,34.85,55,16.9979,2011,8,5,15,4,0,3,1,210
1,0,1,2,10.66,15.15,60,0.0,2012,2,14,0,1,0,1,1,14
2,0,0,1,29.52,32.575,39,23.9994,2012,4,15,16,6,1,2,0,616
1,0,1,1,9.84,9.85,52,32.9975,2011,2,8,9,1,0,0,1,135
1,0,0,1,22.96,26.515,64,11.0014,2012,3,18,18,6,1,2,1,459
2,0,1,2,17.22,21.21,82,7.0015,2012,4,19,8,3,0,1,2,677
4,0,1,1,26.24,28.79,89,0.0,2012,10,4,2,3,0,2,2,13
1,0,1,2,18.04,21.97,44,19.0012,2012,3,2,14,4,0,1,1,205
4,0,1,1,22.96,26.515,37,26.0027,2012,10,12,13,4,0,2,0,381
1,0,0,2,9.84,12.12,75,11.0014,2012,2,5,7,6,1,0,2,16
1,1,0,1,11.48,12.88,52,22.0028,2012,1,16,21,0,0,1,1,49
1,0,1,1,4.92,7.575,54,8.9981,2011,1,13,7,3,0,0,1,72
1,0,1,1,6.56,9.09,28,8.9981,2011,2,10,18,3,0,0,0,160
3,0,1,1,29.52,34.09,70,15.0013,2011,8,1,0,0,0,2,1,29
3,0,1,1,27.06,31.06,69,0.0,2011,8,17,2,2,0,2,1,6
1,0,1,1,18.86,22.725,77,35.0008,2012,3,9,3,4,0,1,2,7
4,0,1,1,13.12,15.15,31,22.0028,2012,11,8,10,3,0,1,0,161
2,0,1,1,26.24,31.06,57,11.0014,2012,4,17,1,1,0,2,1,11
4,0,1,2,15.58,19.695,76,0.0,2012,12,7,19,4,0,1,2,352
1,0,1,2,9.02,12.12,60,7.0015,2012,1,9,7,0,0,0,1,240
4,0,0,1,20.5,24.24,45,15.0013,2011,10,16,9,6,1,2,1,190
2,0,1,1,25.42,29.545,73,31.0009,2011,5,17,14,1,0,2,2,184
3,0,1,2,27.06,30.305,83,11.0014,2012,7,9,9,0,0,2,2,363
3,0,0,2,34.44,40.15,53,16.9979,2011,8,6,15,5,1,3,1,362
3,0,1,1,28.7,32.575,54,12.998,2011,9,12,18,0,0,2,1,571
3,0,0,2,29.52,33.335,48,6.0032,2012,7,14,0,5,1,2,1,191
3,0,1,1,28.7,31.82,34,8.9981,2012,9,12,13,2,0,2,0,323
2,0,0,2,26.24,30.305,69,7.0015,2011,6,5,11,6,1,2,1,335
4,0,1,1,22.96,26.515,37,11.0014,2011,11,7,14,0,0,2,0,145
1,0,0,2,18.04,21.97,77,19.9995,2011,1,1,15,5,1,1,2,110
4,0,0,1,16.4,20.455,40,22.0028,2012,11,4,16,6,1,1,0,435
2,0,1,2,26.24,31.06,50,19.0012,2011,4,11,22,0,0,2,1,91
2,0,1,2,29.52,35.605,84,11.0014,2011,6,9,2,3,0,2,2,6
4,0,1,1,21.32,25.0,48,12.998,2011,11,9,16,2,0,2,1,281
1,1,0,3,6.56,6.82,86,19.0012,2011,1,17,23,0,0,0,2,4
3,0,0,1,21.32,25.0,77,16.9979,2012,9,9,4,6,1,2,2,28
1,0,0,1,9.84,12.12,60,8.9981,2012,3,11,4,6,1,0,1,22
1,0,0,1,10.66,14.395,60,6.0032,2011,2,6,3,6,1,1,1,13
2,0,1,2,18.04,21.97,47,19.0012,2012,4,10,0,1,0,1,1,26
3,0,0,1,25.42,29.545,73,12.998,2011,9,3,7,5,1,2,2,38
2,0,1,1,22.96,26.515,83,11.0014,2012,6,15,3,4,0,2,2,5
3,0,1,1,27.06,31.06,50,8.9981,2011,7,14,21,3,0,2,1,261
1,0,0,1,11.48,14.395,56,7.0015,2011,2,6,9,6,1,1,1,45
3,0,1,2,27.88,31.82,83,26.0027,2011,9,8,13,3,0,2,2,126
4,0,0,2,14.76,17.425,62,8.9981,2011,11,13,4,6,1,1,1,6
2,0,1,1,9.84,12.88,70,7.0015,2011,4,6,6,2,0,0,1,56
1,0,1,2,16.4,20.455,71,19.0012,2012,1,13,0,4,0,1,2,42
1,0,1,1,24.6,31.06,40,6.0032,2012,3,14,21,2,0,2,0,288
4,1,0,1,12.3,15.91,45,6.0032,2011,11,11,23,4,0,1,1,73
2,0,1,2,20.5,24.24,72,12.998,2011,4,19,19,1,0,2,2,276
4,0,0,2,16.4,20.455,87,8.9981,2012,12,9,0,6,1,1,2,118
1,0,0,2,16.4,20.455,82,19.0012,2011,3,6,2,6,1,1,2,32
1,0,1,1,25.42,30.305,61,16.9979,2012,3,19,13,0,0,2,1,263
3,0,1,1,31.16,34.09,48,19.9995,2011,8,16,13,1,0,3,1,192
3,0,1,1,33.62,37.88,46,8.9981,2012,8,6,15,0,0,3,1,274
2,0,0,1,22.14,25.76,88,0.0,2011,5,15,20,6,1,2,2,191
4,0,0,2,15.58,19.695,94,6.0032,2012,12,8,8,5,1,1,2,111
1,0,0,2,6.56,8.335,74,11.0014,2011,1,8,6,5,1,0,2,2
2,0,0,2,26.24,31.06,27,23.9994,2012,4,14,16,5,1,2,0,582
1,1,0,2,8.2,9.85,47,15.0013,2011,1,17,0,0,0,0,1,17
1,0,1,1,5.74,6.82,46,12.998,2012,2,13,2,0,0,0,1,4
1,0,0,3,9.84,12.88,75,6.0032,2012,2,19,22,6,1,0,2,55
3,0,0,3,27.06,29.545,89,6.0032,2012,9,2,23,6,1,2,2,123
3,0,1,1,31.16,34.85,55,16.9979,2011,7,13,7,2,0,3,1,313
3,0,1,1,32.8,39.395,63,11.0014,2012,8,2,19,3,0,3,1,607
4,0,1,1,20.5,24.24,51,11.0014,2011,11,9,12,2,0,2,1,180
1,0,0,1,4.92,8.335,74,6.0032,2011,2,12,4,5,1,0,2,4
2,1,0,1,30.34,32.575,37,19.9995,2012,4,16,20,0,0,3,0,375
3,0,1,3,22.14,25.76,83,26.0027,2011,9,6,11,1,0,2,2,89
2,0,1,3,21.32,25.0,94,15.0013,2012,6,18,7,0,0,2,2,145
1,0,1,2,7.38,12.12,55,0.0,2011,1,14,23,4,0,0,1,27
4,0,1,2,22.14,25.76,60,19.0012,2011,11,15,14,1,0,2,1,147
2,0,1,1,37.72,42.425,35,15.0013,2011,6,8,17,2,0,3,0,506
2,0,1,1,22.14,25.76,49,12.998,2011,5,9,20,0,0,2,1,239
4,0,1,1,10.66,13.635,65,8.9981,2012,11,9,7,4,0,1,1,341
3,0,1,2,29.52,34.09,62,16.9979,2011,8,15,11,0,0,2,1,153
3,0,0,1,30.34,35.605,74,0.0,2012,9,2,18,6,1,3,2,500
3,1,0,2,27.06,31.06,74,8.9981,2011,9,5,6,0,0,2,2,11
1,0,0,1,17.22,21.21,35,15.0013,2011,3,19,20,5,1,1,0,108
2,0,1,2,17.22,21.21,82,12.998,2011,4,13,11,2,0,1,2,61
2,0,1,2,18.86,22.725,88,8.9981,2012,5,3,2,3,0,1,2,17
4,0,1,1,18.86,22.725,67,12.998,2011,10,6,2,3,0,1,1,10
2,0,1,2,27.06,31.06,54,30.0026,2012,6,13,11,2,0,2,1,246
4,0,1,1,12.3,13.635,52,22.0028,2011,12,1,9,3,0,1,1,224
2,0,1,2,22.14,25.76,45,15.0013,2012,5,7,21,0,0,2,1,247
1,0,0,3,9.02,11.365,100,8.9981,2011,2,5,16,5,1,0,2,71
1,0,1,1,7.38,9.09,29,12.998,2011,3,3,10,3,0,0,0,56
3,0,1,1,29.52,34.85,74,12.998,2012,8,6,23,0,0,2,2,113
1,0,0,2,18.86,22.725,88,19.9995,2011,1,1,23,5,1,1,2,39
1,0,1,1,9.84,14.395,23,0.0,2011,3,3,15,3,0,0,0,68
1,0,1,2,8.2,9.09,40,19.0012,2011,1,10,12,0,0,0,0,52
1,0,1,1,6.56,6.82,50,19.9995,2011,2,3,5,3,0,0,1,2
2,0,0,1,28.7,32.575,65,12.998,2011,6,11,19,5,1,2,1,264
3,0,1,1,29.52,34.09,70,12.998,2012,7,19,2,3,0,2,1,7
3,0,0,2,27.88,31.82,83,26.0027,2011,8,13,21,5,1,2,2,167
3,0,1,2,20.5,24.24,55,11.0014,2011,9,16,19,4,0,2,1,315
1,1,0,1,12.3,13.635,36,19.9995,2012,1,2,13,0,0,1,0,176
3,0,0,2,31.16,35.605,58,16.9979,2012,9,1,8,5,1,3,1,162
1,0,1,1,9.02,13.635,80,0.0,2011,2,7,9,0,0,0,2,118
3,0,1,2,28.7,33.335,79,8.9981,2011,8,3,15,2,0,2,2,118
2,0,1,1,16.4,20.455,37,32.9975,2012,4,10,22,1,0,1,0,127
2,0,0,3,21.32,25.0,100,7.0015,2011,5,15,5,6,1,2,2,14
2,0,1,1,25.42,31.06,38,19.9995,2011,5,9,18,0,0,2,0,524
1,0,1,1,4.92,7.575,42,7.0015,2011,2,10,23,3,0,0,1,34
1,0,1,1,4.1,5.305,54,12.998,2012,2,13,7,0,0,0,1,195
3,0,1,1,29.52,34.09,70,12.998,2012,8,3,0,4,0,2,1,71
4,0,1,1,13.94,16.665,46,8.9981,2012,11,6,13,1,0,1,1,278
4,0,1,1,18.04,21.97,35,19.0012,2012,12,5,17,2,0,1,0,605
3,0,1,2,31.16,36.365,66,7.0015,2012,8,7,19,1,0,3,1,610
1,0,1,1,9.84,12.88,38,7.0015,2011,1,5,19,2,0,0,0,132
3,0,1,1,28.7,32.575,70,12.998,2011,7,18,8,0,0,2,1,347
2,0,1,1,22.96,26.515,52,19.9995,2011,4,19,16,1,0,2,1,192
1,0,1,1,6.56,9.85,74,6.0032,2011,1,5,2,2,0,0,2,2
2,0,0,2,22.14,25.76,56,11.0014,2012,4,15,1,6,1,2,1,106
3,0,1,2,28.7,33.335,74,12.998,2011,8,4,21,3,0,2,2,211
1,0,1,1,11.48,13.635,52,15.0013,2011,3,4,11,4,0,1,1,89
2,0,1,2,27.88,31.82,65,11.0014,2012,6,12,1,1,0,2,1,16
2,0,1,1,16.4,20.455,43,8.9981,2012,4,3,0,1,0,1,1,33
2,0,1,1,26.24,31.06,29,8.9981,2011,5,10,18,1,0,2,0,550
1,0,1,1,12.3,15.15,39,8.9981,2012,3,6,13,1,0,1,0,164
1,0,0,1,9.02,13.635,80,0.0,2011,1,1,1,5,1,0,2,40
3,0,0,1,37.72,41.665,33,16.9979,2012,7,1,14,6,1,3,0,444
1,0,0,2,9.02,9.09,47,43.9989,2012,2,11,18,5,1,0,1,108
4,0,0,1,10.66,14.395,81,6.0032,2012,11,4,1,6,1,1,2,165
3,1,0,2,29.52,34.09,70,7.0015,2011,7,4,23,0,0,2,1,138
3,0,1,1,29.52,34.09,66,11.0014,2012,8,14,23,1,0,2,1,167
4,0,0,1,15.58,19.695,54,16.9979,2012,12,15,13,5,1,1,1,456
3,0,1,1,35.26,37.12,30,19.0012,2011,8,2,12,1,0,3,0,157
4,0,1,2,12.3,14.395,65,12.998,2012,11,15,7,3,0,1,1,410
3,0,0,1,30.34,34.09,55,19.0012,2011,9,10,13,5,1,3,1,370
1,0,1,1,8.2,9.85,40,15.0013,2011,1,10,18,0,0,0,0,155
1,0,1,1,13.12,16.665,57,6.0032,2011,2,17,8,3,0,1,1,285
3,0,1,1,27.06,31.06,74,19.0012,2011,8,18,8,3,0,2,2,420
4,0,1,1,27.06,31.06,57,7.0015,2012,10,4,19,3,0,2,1,534
2,0,0,2,22.14,25.76,94,12.998,2011,5,14,16,5,1,2,2,295
3,0,0,3,26.24,28.79,89,0.0,2012,9,1,21,5,1,2,2,104
1,0,1,1,0.82,2.275,41,12.998,2012,1,4,4,2,0,0,1,2
1,0,1,2,12.3,15.15,70,11.0014,2012,2,16,9,3,0,1,1,202
3,0,0,1,34.44,38.635,47,7.0015,2012,7,15,12,6,1,3,1,489
3,0,1,2,27.06,30.305,83,36.9974,2012,9,18,8,1,0,2,2,672
3,0,1,1,26.24,28.79,83,7.0015,2012,8,1,2,2,0,2,2,13
4,0,0,1,25.42,31.06,35,0.0,2011,10,8,12,5,1,2,0,446
3,0,0,1,30.34,33.335,51,19.9995,2011,9,11,15,6,1,3,1,404
3,0,1,2,28.7,33.335,79,15.0013,2012,8,6,6,0,0,2,2,141
1,0,1,1,9.02,9.09,32,39.0007,2011,2,8,17,1,0,0,0,176
4,0,0,2,14.76,17.425,62,8.9981,2012,12,15,23,5,1,1,1,119
4,0,1,1,11.48,14.395,75,7.0015,2012,12,19,9,2,0,1,2,317
1,0,1,1,6.56,11.365,59,0.0,2011,1,6,8,3,0,0,1,219
1,0,0,2,16.4,20.455,94,7.0015,2012,3,18,6,6,1,1,2,11
4,0,0,1,23.78,27.275,60,16.9979,2012,10,14,18,6,1,2,1,453
4,0,1,2,16.4,20.455,94,16.9979,2012,12,17,17,0,0,1,2,495
4,0,1,1,18.04,21.97,41,23.9994,2012,10,11,10,3,0,1,1,204
3,0,0,3,27.06,29.545,89,27.9993,2012,8,11,20,5,1,2,2,160
2,0,1,2,24.6,29.545,73,0.0,2011,5,2,22,0,0,2,2,125
2,0,0,1,24.6,31.06,38,12.998,2011,5,7,16,5,1,2,0,342
3,0,0,3,28.7,33.335,84,19.0012,2011,8,6,23,5,1,2,2,108
1,0,0,1,10.66,11.365,60,23.9994,2011,2,6,4,6,1,1,1,2
2,0,1,1,21.32,25.0,77,0.0,2012,6,7,8,3,0,2,2,681
3,0,1,1,27.88,31.82,47,19.0012,2011,7,14,9,3,0,2,1,224
4,0,1,1,13.12,17.425,87,0.0,2011,11,2,8,2,0,1,2,472
1,0,0,1,6.56,9.09,47,7.0015,2012,1,14,0,5,1,0,1,44
3,0,0,2,27.06,31.06,74,0.0,2012,8,19,9,6,1,2,2,270
1,0,0,1,3.28,4.545,53,12.998,2012,2,12,7,6,1,0,1,18
1,0,0,3,17.22,21.21,100,30.0026,2011,3,6,7,6,1,1,2,5
1,0,1,2,9.84,12.88,60,0.0,2012,3,5,10,0,0,0,1,86
3,1,0,2,27.88,31.82,79,7.0015,2011,9,5,1,0,0,2,2,54
1,0,1,3,16.4,20.455,0,11.0014,2011,3,10,10,3,0,1,0,17
3,0,1,1,29.52,34.09,66,6.0032,2012,8,14,22,1,0,2,1,189
3,0,0,2,27.06,29.545,89,7.0015,2012,8,11,19,5,1,2,2,275
3,0,0,2,27.06,29.545,89,11.0014,2011,8,13,12,5,1,2,2,421
3,0,1,2,22.14,25.76,94,22.0028,2011,9,6,22,1,0,2,2,84
1,0,1,1,4.92,7.575,54,7.0015,2012,1,19,3,3,0,0,1,4
4,0,1,2,22.96,26.515,73,19.9995,2012,10,15,6,0,0,2,2,147
1,0,1,1,18.04,21.97,72,6.0032,2012,3,15,7,3,0,1,2,381
4,0,1,1,9.84,14.395,75,0.0,2011,12,12,23,0,0,0,2,45
2,1,0,1,20.5,24.24,55,12.998,2011,4,15,10,4,0,2,1,122
3,0,0,1,27.06,30.305,83,12.998,2011,9,4,2,6,1,2,2,60
4,0,0,2,16.4,20.455,87,7.0015,2012,12,9,3,6,1,1,2,48
1,0,0,1,22.14,25.76,68,11.0014,2012,3,17,21,5,1,2,1,223
4,0,1,1,13.94,15.91,61,15.0013,2012,12,19,21,2,0,1,1,168
1,0,1,1,21.32,25.0,55,26.0027,2011,2,17,21,3,0,2,1,124
3,0,1,1,32.8,37.88,55,30.0026,2012,9,4,13,1,0,3,1,275
3,0,1,1,30.34,34.85,66,11.0014,2011,7,18,23,0,0,3,1,91
2,0,1,1,18.86,22.725,88,15.0013,2011,5,12,1,3,0,1,2,17
3,0,0,2,29.52,34.09,66,11.0014,2011,9,3,14,5,1,2,1,380
1,0,0,2,12.3,14.395,87,12.998,2011,3,5,3,5,1,1,2,2
2,0,0,1,24.6,31.06,56,8.9981,2012,5,13,9,6,1,2,1,222
1,0,1,2,17.22,21.21,71,11.0014,2012,1,12,19,3,0,1,2,330
2,0,1,2,22.96,26.515,49,11.0014,2011,4,18,13,0,0,2,1,169
4,0,0,1,18.86,22.725,88,6.0032,2011,10,9,0,6,1,1,2,129
1,0,1,1,15.58,19.695,32,23.9994,2012,3,9,20,4,0,1,0,159
4,0,1,1,18.86,22.725,63,12.998,2011,10,6,9,3,0,1,1,208
1,0,1,1,13.94,15.15,31,23.9994,2011,3,7,16,0,0,1,0,122
3,0,1,1,31.16,34.85,55,12.998,2011,7,12,7,1,0,3,1,330
3,0,0,1,24.6,28.03,83,8.9981,2011,9,11,5,6,1,2,2,39
1,0,0,1,5.74,8.335,54,7.0015,2012,1,14,3,5,1,0,1,20
3,0,1,1,36.9,40.15,33,16.9979,2011,8,1,12,0,0,3,0,168
3,0,1,2,27.06,29.545,94,6.0032,2011,8,4,2,3,0,2,2,7
2,0,1,1,21.32,25.0,36,30.0026,2011,5,5,11,3,0,2,0,148
4,0,1,2,13.94,18.18,93,0.0,2012,12,3,7,0,0,1,2,396
1,0,0,1,13.94,15.91,53,19.0012,2011,3,12,12,5,1,1,1,158
3,0,0,1,27.06,31.06,74,6.0032,2011,7,10,3,6,1,2,2,25
3,0,0,3,23.78,27.275,83,8.9981,2012,9,8,18,5,1,2,2,167
3,0,1,1,28.7,32.575,48,0.0,2011,8,11,22,3,0,2,1,157
1,0,0,2,14.76,16.665,46,22.0028,2011,1,2,18,6,1,1,1,53
1,0,1,1,23.78,27.275,56,7.0015,2012,3,13,21,1,0,2,1,244
4,0,0,1,12.3,15.91,81,6.0032,2012,11,10,1,5,1,1,2,76
3,0,0,1,32.8,36.365,46,19.0012,2012,8,11,15,5,1,3,1,562
3,0,1,1,32.8,34.85,27,0.0,2011,8,12,12,4,0,3,0,222
2,0,1,1,26.24,29.545,78,7.0015,2012,6,11,3,0,0,2,2,6
3,0,0,1,29.52,32.575,30,19.0012,2012,9,9,14,6,1,2,0,647
3,0,1,2,27.06,30.305,83,12.998,2012,7,9,10,0,0,2,2,175
4,0,0,1,14.76,17.425,43,15.0013,2012,11,4,18,6,1,1,1,237
2,0,0,2,30.34,34.09,58,11.0014,2011,6,11,17,5,1,3,1,337
4,0,1,3,19.68,23.485,100,27.9993,2011,12,7,6,2,0,1,2,18
4,0,1,1,14.76,17.425,53,11.0014,2011,12,19,23,0,0,1,1,60
3,1,0,1,27.88,31.82,85,0.0,2012,9,3,7,0,0,2,2,43
4,0,1,3,18.86,22.725,94,6.0032,2011,11,16,11,2,0,1,2,60
3,0,1,1,32.8,37.12,52,11.0014,2012,8,1,13,2,0,3,1,280
1,0,0,2,9.02,13.635,55,0.0,2011,2,13,7,6,1,0,1,3
4,0,1,2,18.86,22.725,94,7.0015,2011,11,15,23,1,0,1,2,80
2,0,0,2,25.42,30.305,61,11.0014,2012,5,13,22,6,1,2,1,131
2,0,1,1,37.72,43.94,40,16.9979,2011,6,8,14,2,0,3,0,155
1,0,1,1,10.66,11.365,37,26.0027,2012,3,5,21,0,0,1,0,120
4,0,0,2,11.48,15.15,87,6.0032,2011,11,6,8,6,1,1,2,90
3,0,1,3,28.7,33.335,89,12.998,2012,7,9,3,0,0,2,2,5
3,0,1,2,29.52,34.85,79,0.0,2011,7,6,7,2,0,2,2,312
3,0,0,3,23.78,27.275,83,12.998,2012,9,8,17,5,1,2,2,171
3,0,1,1,30.34,34.09,58,0.0,2012,7,3,7,1,0,3,1,483
3,0,1,1,22.14,25.76,60,12.998,2012,9,10,1,0,0,2,1,18
1,0,1,2,13.12,15.15,93,22.0028,2011,3,9,21,2,0,1,2,62
2,0,1,1,22.14,25.76,94,8.9981,2012,5,16,4,2,0,2,2,4
1,0,0,1,18.04,21.97,33,19.0012,2011,3,19,19,5,1,1,0,154
4,0,1,1,9.02,11.365,69,11.0014,2012,11,6,8,1,0,0,1,588
2,1,0,1,27.88,31.82,51,16.9979,2012,4,16,22,0,0,2,1,214
1,0,1,1,9.84,10.605,38,19.9995,2011,1,13,15,3,0,0,0,60
4,0,1,1,9.84,14.395,65,0.0,2011,12,9,0,4,0,0,1,34
2,0,1,2,34.44,37.12,39,22.0028,2011,6,9,19,3,0,3,0,326
1,0,1,1,10.66,11.365,81,22.0028,2011,2,8,5,1,0,1,2,2
2,0,1,2,14.76,17.425,76,15.0013,2011,4,8,0,4,0,1,2,25
1,0,0,1,11.48,14.395,81,7.0015,2012,1,1,5,6,1,1,2,5
1,0,1,2,8.2,11.365,59,6.0032,2012,1,5,5,3,0,0,1,26
1,0,1,2,14.76,18.94,23,0.0,2011,3,8,12,1,0,1,0,99
4,0,0,1,10.66,12.12,60,16.9979,2011,11,5,6,5,1,1,1,23
4,0,1,1,28.7,32.575,54,19.0012,2012,10,4,16,3,0,2,1,497
2,0,0,1,25.42,29.545,73,19.0012,2011,5,15,13,6,1,2,2,456
1,0,1,1,10.66,13.635,65,8.9981,2011,3,14,6,0,0,1,1,28
4,0,1,1,16.4,20.455,40,11.0014,2011,12,19,20,0,0,1,0,206
1,0,1,1,7.38,8.335,51,19.0012,2011,1,14,11,4,0,0,1,53
3,0,1,1,30.34,35.605,74,15.0013,2012,8,14,20,1,0,3,2,436
2,0,1,1,33.62,39.395,56,19.9995,2011,6,10,16,4,0,3,1,285
4,0,0,3,15.58,19.695,82,22.0028,2011,10,1,11,5,1,1,2,132
3,0,1,1,30.34,34.85,66,8.9981,2011,9,9,16,4,0,3,1,285
4,0,0,1,16.4,20.455,43,15.0013,2012,11,4,13,6,1,1,1,493
3,1,0,2,30.34,34.09,62,8.9981,2011,7,4,22,0,0,3,1,326
4,0,0,2,14.76,16.665,46,23.9994,2012,11,3,13,5,1,1,1,449
4,0,0,1,9.84,11.365,48,12.998,2011,12,11,18,6,1,0,1,163
3,0,1,2,32.8,39.395,63,23.9994,2011,7,8,15,4,0,3,1,141
3,0,1,1,29.52,34.85,79,0.0,2012,9,6,2,3,0,2,2,8
1,0,1,2,14.76,18.18,57,6.0032,2011,2,7,13,0,0,1,1,64
4,0,1,2,20.5,24.24,72,11.0014,2012,10,9,16,1,0,2,2,424
4,0,1,2,20.5,24.24,72,23.9994,2011,11,15,19,1,0,2,2,286
2,0,1,1,26.24,31.06,41,22.0028,2011,6,13,10,0,0,2,1,118
3,0,1,1,28.7,33.335,79,6.0032,2011,9,9,13,4,0,2,2,122
4,0,1,2,25.42,28.79,83,0.0,2011,10,13,11,3,0,2,2,84
2,0,0,1,27.88,31.82,74,6.0032,2011,6,19,2,6,1,2,2,72
1,1,0,2,6.56,7.575,55,12.998,2011,1,17,11,0,0,0,1,64
2,0,1,1,11.48,14.395,56,7.0015,2012,4,11,6,2,0,1,1,106
2,0,1,2,22.14,25.76,68,11.0014,2011,4,19,11,1,0,2,1,72
2,0,1,1,24.6,29.545,73,12.998,2011,5,18,16,2,0,2,2,294
3,0,0,1,35.26,40.15,47,12.998,2011,8,7,14,6,1,3,1,322
2,0,1,2,32.8,36.365,43,12.998,2011,6,9,20,3,0,3,1,254
2,0,1,2,26.24,30.305,69,19.0012,2012,5,8,17,1,0,2,1,717
4,0,1,3,21.32,25.0,88,11.0014,2011,10,14,12,4,0,2,2,75
2,0,0,1,15.58,19.695,54,12.998,2011,4,2,18,5,1,1,1,179
3,0,0,2,21.32,25.0,72,12.998,2011,9,17,14,5,1,2,2,297
1,0,1,1,17.22,21.21,32,19.9995,2012,2,17,16,4,0,1,0,307
2,0,1,1,22.96,26.515,30,0.0,2011,4,14,18,3,0,2,0,337
4,0,0,1,22.14,25.76,42,15.0013,2012,11,11,16,6,1,2,1,653
2,0,1,1,22.96,26.515,78,11.0014,2011,5,19,15,3,0,2,2,188
2,0,1,1,31.16,34.85,55,0.0,2011,6,10,9,4,0,3,1,213
1,0,0,1,8.2,9.85,55,15.0013,2011,1,15,11,5,1,0,1,72
4,0,1,2,13.12,15.15,70,19.0012,2011,12,15,5,3,0,1,1,24
4,0,1,1,9.02,10.605,55,19.0012,2011,12,8,8,3,0,0,1,429
4,0,1,1,14.76,18.18,81,6.0032,2011,10,3,1,0,0,1,2,6
3,0,1,1,31.16,36.365,70,27.9993,2012,9,4,16,1,0,3,1,458
3,0,0,1,31.16,34.85,55,19.0012,2011,7,17,11,6,1,3,1,391
3,0,1,2,30.34,34.09,55,7.0015,2012,7,9,20,0,0,3,1,447
3,0,0,1,24.6,31.06,46,15.0013,2012,9,9,21,6,1,2,1,206
4,0,0,3,9.84,10.605,65,22.0028,2011,12,17,19,5,1,0,1,106
3,0,1,2,22.14,25.76,68,11.0014,2011,9,19,9,0,0,2,1,215
1,0,0,1,18.04,21.97,51,19.9995,2012,1,1,23,6,1,1,1,29
4,0,1,1,17.22,21.21,88,0.0,2011,10,7,2,4,0,1,2,5
1,0,0,2,9.02,9.85,100,26.0027,2011,3,6,22,6,1,0,2,10
2,0,1,2,24.6,31.06,53,23.9994,2012,5,7,18,0,0,2,1,680
3,0,1,1,22.14,25.76,77,6.0032,2012,9,13,1,3,0,2,2,28
1,0,0,2,17.22,21.21,77,19.0012,2011,3,6,1,6,1,1,2,39
4,0,1,2,12.3,14.395,42,15.0013,2012,11,8,5,3,0,1,1,35
4,0,1,2,18.86,22.725,87,12.998,2011,12,6,2,1,0,1,2,3
4,0,1,2,14.76,18.18,93,6.0032,2012,12,7,22,4,0,1,2,165
3,0,1,1,21.32,25.0,83,0.0,2012,9,13,5,3,0,2,2,57
2,0,1,1,22.96,26.515,88,7.0015,2012,5,16,3,2,0,2,2,6
2,0,0,2,21.32,25.0,94,27.9993,2011,4,16,19,5,1,2,2,71
2,0,1,1,13.12,15.91,53,12.998,2011,4,1,20,4,0,1,1,77
2,0,1,1,16.4,20.455,46,31.0009,2011,4,5,15,1,0,1,1,68
2,0,1,1,18.04,21.97,58,8.9981,2011,5,10,2,1,0,1,1,5
4,0,1,2,14.76,17.425,71,15.0013,2011,11,10,19,3,0,1,2,211
1,0,1,1,5.74,6.06,39,19.9995,2011,3,3,8,3,0,0,0,220
2,0,1,2,25.42,31.06,50,23.9994,2012,5,7,14,0,0,2,1,239
4,0,0,1,10.66,11.365,48,22.0028,2011,11,19,4,5,1,1,1,8
2,0,1,1,22.14,25.76,88,7.0015,2012,6,15,5,4,0,2,2,33
3,0,0,1,34.44,40.15,53,8.9981,2012,7,8,8,6,1,3,1,130
4,0,0,1,13.12,16.665,87,7.0015,2012,11,11,8,6,1,1,2,119
3,0,1,1,25.42,28.03,88,0.0,2012,9,7,4,4,0,2,2,8
2,0,1,1,22.96,26.515,56,23.9994,2011,6,13,7,0,0,2,1,328
2,0,1,1,22.96,26.515,60,15.0013,2012,6,4,7,0,0,2,1,517
2,0,1,1,18.04,21.97,72,16.9979,2011,5,9,6,0,0,1,2,89
3,0,1,1,33.62,37.12,43,0.0,2011,7,5,15,1,0,3,1,162
1,0,1,1,13.12,14.395,49,32.9975,2011,2,14,23,0,0,1,1,20
2,0,1,2,26.24,30.305,73,0.0,2012,5,4,13,4,0,2,2,278
3,0,1,1,33.62,36.365,38,12.998,2012,7,10,13,1,0,3,0,280
2,0,1,3,13.94,15.15,93,26.0027,2011,5,4,8,2,0,1,2,79
3,0,1,1,25.42,29.545,78,6.0032,2011,9,14,1,2,0,2,2,8
1,0,1,1,18.04,21.97,62,22.0028,2012,3,7,23,2,0,1,1,62
1,0,0,2,12.3,13.635,100,19.9995,2011,3,5,7,5,1,1,2,15
2,0,0,1,26.24,31.06,57,15.0013,2011,6,4,22,5,1,2,1,190
1,0,0,1,15.58,19.695,17,35.0008,2011,2,19,7,5,1,1,0,22
2,0,1,2,21.32,25.0,77,12.998,2012,5,7,1,0,0,2,2,9
2,0,1,1,12.3,15.91,49,7.0015,2011,4,6,0,2,0,1,1,15
3,0,1,1,24.6,28.03,83,6.0032,2011,9,2,4,4,0,2,2,4
3,0,0,3,22.96,26.515,88,12.998,2012,9,8,16,5,1,2,2,114
1,0,1,2,5.74,6.06,43,16.9979,2012,1,4,13,2,0,0,1,91
2,0,1,2,31.16,34.09,48,22.0028,2012,6,11,19,0,0,3,1,596
1,0,0,1,6.56,7.575,47,15.0013,2012,1,15,11,6,1,0,1,165
2,0,1,1,25.42,31.06,50,19.0012,2012,6,13,23,2,0,2,1,153
2,0,0,1,22.14,25.76,49,19.0012,2011,5,7,9,5,1,2,1,218
3,0,0,2,32.8,40.15,66,15.0013,2012,7,8,16,6,1,3,1,291
2,0,1,3,22.96,26.515,88,7.0015,2012,5,15,23,1,0,2,2,71
1,0,1,1,24.6,31.06,43,12.998,2011,2,18,13,4,0,2,1,176
4,0,1,3,18.86,22.725,94,7.0015,2011,11,16,5,2,0,1,2,13
4,0,1,1,22.14,25.76,73,0.0,2012,10,5,3,4,0,2,2,16
4,0,1,2,14.76,18.94,56,7.0015,2012,11,1,8,3,0,1,1,680
3,0,1,1,20.5,24.24,77,6.0032,2012,9,12,3,2,0,2,2,7
2,0,1,1,24.6,28.79,78,11.0014,2012,5,17,2,3,0,2,2,16
3,0,1,1,35.26,37.88,34,15.0013,2012,7,2,14,0,0,3,0,230
4,0,1,1,13.12,16.665,81,8.9981,2011,11,3,5,3,0,1,2,28
3,0,1,1,25.42,30.305,61,8.9981,2011,7,1,6,4,0,2,1,108
4,1,0,2,17.22,21.21,62,12.998,2012,10,8,13,0,0,1,1,405
3,0,0,3,25.42,29.545,78,6.0032,2012,8,19,21,6,1,2,2,190
3,0,1,1,29.52,34.85,79,0.0,2012,8,7,23,1,0,2,2,138
2,0,1,2,28.7,32.575,58,15.0013,2012,6,12,0,1,0,2,1,28
4,0,1,1,22.96,26.515,64,8.9981,2011,10,17,17,0,0,2,1,620
1,0,1,2,8.2,10.605,37,11.0014,2011,1,7,16,4,0,0,0,87
1,0,0,1,14.76,18.94,23,0.0,2012,3,10,17,5,1,1,0,354
2,0,0,2,20.5,24.24,88,7.0015,2011,5,14,6,5,1,2,2,11
4,0,1,3,22.14,25.76,94,11.0014,2012,10,19,6,4,0,2,2,131
1,0,1,2,14.76,17.425,50,15.0013,2011,3,15,12,1,0,1,1,102
2,0,0,3,21.32,25.0,100,12.998,2011,5,14,23,5,1,2,2,44
3,0,0,1,29.52,34.09,62,16.9979,2011,9,10,11,5,1,2,1,360
4,0,1,3,22.96,26.515,100,11.0014,2011,10,19,18,2,0,2,2,140
3,0,1,1,30.34,34.09,55,6.0032,2011,8,15,14,0,0,3,1,151
3,0,0,1,31.98,37.88,66,7.0015,2012,7,8,4,6,1,3,1,13
4,0,1,3,22.96,26.515,64,7.0015,2012,10,1,18,0,0,2,1,613
2,0,1,1,24.6,31.06,43,15.0013,2012,4,17,8,1,0,2,1,673
4,0,0,1,24.6,31.06,40,19.9995,2011,10,16,14,6,1,2,0,462
2,0,1,2,21.32,25.0,94,11.0014,2011,5,3,6,1,0,2,2,109
3,0,1,2,28.7,33.335,74,8.9981,2011,8,18,23,3,0,2,2,114
1,0,1,1,5.74,6.06,50,22.0028,2011,1,13,9,3,0,0,1,139
3,0,1,1,30.34,34.09,62,6.0032,2012,7,18,20,2,0,3,1,366
2,0,0,2,20.5,24.24,82,7.0015,2011,5,14,5,5,1,2,2,14
3,0,1,1,31.98,38.635,70,7.0015,2012,9,5,12,2,0,3,1,266
4,0,1,1,19.68,23.485,67,8.9981,2012,12,5,3,2,0,1,1,7
3,0,1,1,30.34,33.335,51,11.0014,2011,9,12,14,0,0,3,1,189
4,0,0,1,19.68,23.485,41,11.0014,2011,10,15,23,5,1,1,1,135
1,0,1,1,9.02,13.635,75,0.0,2011,2,7,1,0,0,0,2,5
3,0,0,3,29.52,34.85,74,19.9995,2011,8,7,16,6,1,2,2,193
3,0,0,1,27.06,29.545,94,6.0032,2012,9,2,7,6,1,2,2,42
3,0,1,1,32.8,38.635,59,15.0013,2012,8,2,18,3,0,3,1,767
3,0,1,1,24.6,31.06,43,16.9979,2012,9,19,12,2,0,2,1,313
4,0,0,2,13.94,18.18,87,0.0,2012,12,16,6,6,1,1,2,6
2,0,0,1,22.96,26.515,43,0.0,2012,5,19,10,5,1,2,1,452
1,0,1,1,14.76,16.665,40,19.0012,2011,3,4,14,4,0,1,0,95
4,0,1,2,22.14,25.76,77,12.998,2012,10,18,21,3,0,2,2,283
1,0,0,2,18.86,22.725,82,7.0015,2012,3,18,2,6,1,1,2,56
2,0,1,1,21.32,25.0,59,6.0032,2012,6,6,0,2,0,2,1,49
3,0,1,2,29.52,33.335,58,7.0015,2012,7,9,22,0,0,2,1,224
2,0,1,1,22.96,26.515,49,15.0013,2012,4,19,20,3,0,2,1,404
4,0,1,2,22.14,25.76,100,12.998,2011,10,13,3,3,0,2,2,6
3,0,1,1,27.06,31.06,57,15.0013,2011,7,15,22,4,0,2,1,223
1,0,1,2,9.02,10.605,51,19.0012,2011,1,6,22,3,0,0,1,52
2,0,1,2,22.14,25.76,83,12.998,2012,6,18,8,0,0,2,2,474
3,0,0,1,34.44,36.365,30,15.0013,2011,7,2,17,5,1,3,0,349
2,0,1,2,21.32,25.0,94,19.0012,2012,5,1,8,1,0,2,2,557
3,0,0,2,28.7,33.335,84,22.0028,2011,8,6,22,5,1,2,2,120
2,0,1,1,22.14,25.76,56,6.0032,2012,6,5,23,1,0,2,1,113
1,1,0,2,9.02,10.605,44,19.0012,2012,1,2,22,0,0,0,1,39
1,0,1,3,5.74,7.575,80,8.9981,2011,2,10,1,3,0,0,2,7
4,0,0,1,16.4,20.455,50,11.0014,2012,12,15,14,5,1,1,1,426
2,0,0,2,13.94,17.425,87,7.0015,2011,4,9,9,5,1,1,2,98
4,0,1,2,13.94,17.425,81,6.0032,2011,11,3,8,3,0,1,2,402
3,0,1,1,30.34,34.85,67,15.0013,2011,7,18,9,0,0,3,1,203
3,0,1,1,24.6,31.06,40,12.998,2012,9,10,20,0,0,2,0,390
2,0,0,1,30.34,34.09,58,12.998,2011,6,11,8,5,1,3,1,143
4,0,1,1,9.84,14.395,65,0.0,2011,12,9,1,4,0,0,1,14
3,0,1,1,31.98,34.85,46,19.9995,2011,8,9,22,1,0,3,1,155
2,0,1,1,12.3,15.91,61,6.0032,2012,4,3,6,1,0,1,1,100
2,0,0,1,20.5,24.24,77,12.998,2011,4,10,19,6,1,2,2,131
3,0,1,1,28.7,33.335,84,7.0015,2012,9,6,3,3,0,2,2,9
2,0,1,1,29.52,33.335,51,26.0027,2011,4,11,18,0,0,2,1,383
4,0,1,2,22.96,26.515,68,16.9979,2012,10,18,20,3,0,2,1,387
4,0,1,2,21.32,25.0,88,0.0,2011,10,11,5,1,0,2,2,20
2,0,1,2,23.78,27.275,46,11.0014,2012,6,5,14,1,0,2,1,276
3,0,1,1,33.62,35.605,32,0.0,2012,8,16,14,3,0,3,0,248
4,0,1,2,22.14,25.76,94,19.0012,2011,10,19,13,2,0,2,2,106
1,0,1,3,9.02,11.365,93,8.9981,2011,1,19,4,2,0,0,2,2
4,0,1,1,13.94,17.425,39,7.0015,2012,12,13,16,3,0,1,0,406
2,0,1,1,24.6,31.06,43,6.0032,2012,4,19,17,3,0,2,1,748
1,0,0,1,9.84,12.12,70,8.9981,2012,2,5,23,6,1,0,1,42
3,0,1,2,31.98,36.365,55,6.0032,2012,8,6,12,0,0,3,1,285
4,0,1,2,18.86,22.725,94,6.0032,2011,11,16,6,2,0,1,2,56
4,0,1,1,17.22,21.21,47,19.9995,2012,10,11,3,3,0,1,1,3
3,0,1,2,27.88,31.82,79,7.0015,2012,7,10,6,1,0,2,2,187
3,0,1,2,30.34,33.335,51,16.9979,2012,7,2,2,0,0,3,1,15
4,0,1,2,15.58,19.695,94,7.0015,2012,12,10,5,0,0,1,2,27
4,0,0,1,17.22,21.21,67,22.0028,2011,10,1,6,5,1,1,1,19
4,0,1,2,14.76,17.425,66,15.0013,2012,11,19,1,0,0,1,1,19
1,0,1,2,18.86,22.725,88,0.0,2012,3,16,19,4,0,1,2,296
4,0,0,1,9.84,12.88,60,7.0015,2011,12,18,20,6,1,0,1,104
4,0,1,2,12.3,14.395,52,16.9979,2012,12,12,21,2,0,1,1,202
2,0,1,1,22.14,25.76,49,0.0,2012,4,19,12,3,0,2,1,264
2,0,0,1,30.34,34.09,58,11.0014,2011,6,11,10,5,1,3,1,264
1,0,1,3,13.94,15.91,87,15.0013,2012,1,11,21,2,0,1,2,29
2,0,1,2,20.5,24.24,77,19.0012,2011,5,2,9,0,0,2,2,172
4,0,0,1,17.22,21.21,58,19.9995,2012,10,13,23,5,1,1,1,125
4,0,1,2,13.12,15.91,76,11.0014,2012,12,7,10,4,0,1,2,166
1,0,0,1,9.02,10.605,51,19.0012,2011,1,16,10,6,1,0,1,79
3,0,1,1,37.72,40.91,31,11.0014,2012,7,17,15,1,0,3,0,244
2,0,0,1,16.4,20.455,50,6.0032,2011,4,3,23,6,1,1,1,31
4,0,0,1,14.76,17.425,66,15.0013,2012,11,18,18,6,1,1,1,276
2,0,1,3,22.14,25.76,88,7.0015,2012,6,18,10,0,0,2,2,91
3,1,0,2,27.06,30.305,78,12.998,2011,9,5,8,0,0,2,2,101
1,0,0,1,12.3,14.395,45,19.0012,2011,1,15,23,5,1,1,1,44
4,0,1,1,21.32,25.0,83,7.0015,2012,10,5,7,4,0,2,2,428
3,0,0,1,30.34,34.09,48,12.998,2011,7,16,19,5,1,3,1,406
2,0,1,1,18.86,22.725,31,19.9995,2012,4,12,19,3,0,1,0,433
4,0,1,1,18.86,22.725,77,7.0015,2011,10,5,7,2,0,1,2,301
2,0,1,2,26.24,30.305,69,12.998,2011,6,7,7,1,0,2,1,334
1,0,1,1,18.04,21.97,94,0.0,2012,3,19,5,0,0,1,2,31
2,0,0,2,22.96,26.515,46,8.9981,2012,4,14,20,5,1,2,1,321
4,0,0,1,26.24,31.06,50,7.0015,2011,10,9,18,6,1,2,1,414
3,0,1,2,29.52,33.335,48,6.0032,2011,9,1,13,3,0,2,1,219
3,0,0,3,29.52,34.85,79,23.9994,2012,7,15,18,6,1,2,2,312
4,1,0,1,20.5,24.24,94,0.0,2011,10,10,0,0,0,2,2,53
4,0,1,1,13.12,14.395,31,23.9994,2012,11,8,9,3,0,1,0,275
4,0,1,2,18.86,22.725,88,6.0032,2012,10,10,6,2,0,1,2,175
1,0,1,1,16.4,20.455,35,16.9979,2012,2,17,18,4,0,1,0,377
2,0,0,2,20.5,24.24,94,26.0027,2011,4,16,18,5,1,2,2,38
3,0,1,1,21.32,25.0,59,7.0015,2012,9,11,0,1,0,2,1,32
1,0,1,1,8.2,12.88,47,0.0,2011,1,3,19,0,0,0,1,110
1,0,1,1,27.88,31.82,39,11.0014,2011,3,18,18,4,0,2,0,331
1,0,1,1,12.3,13.635,42,26.0027,2012,1,18,11,2,0,1,1,114
4,0,0,1,6.56,8.335,59,11.0014,2011,12,11,4,6,1,0,1,5
2,0,1,1,25.42,28.79,83,0.0,2011,6,8,4,2,0,2,2,6
2,0,1,1,22.14,25.76,88,16.9979,2011,5,17,21,1,0,2,2,174
2,0,1,1,27.06,31.06,61,16.9979,2011,4,11,21,0,0,2,1,158
2,0,0,1,26.24,31.06,38,16.9979,2012,6,2,15,5,1,2,0,702
1,0,0,2,7.38,9.85,51,11.0014,2011,1,8,0,5,1,0,1,25
1,0,1,1,5.74,10.605,59,0.0,2011,2,4,7,4,0,0,1,87
1,0,1,2,14.76,18.18,50,6.0032,2012,2,14,23,1,0,1,1,57
2,0,1,3,21.32,25.0,72,19.9995,2012,6,5,2,1,0,2,2,8
2,0,1,2,17.22,21.21,77,0.0,2012,4,18,18,2,0,1,2,505
2,0,1,2,24.6,29.545,73,7.0015,2011,5,2,21,0,0,2,2,232
3,0,0,2,28.7,33.335,84,15.0013,2012,9,2,19,6,1,2,2,292
2,0,1,1,21.32,25.0,77,6.0032,2012,6,6,22,2,0,2,2,248
4,0,1,1,16.4,20.455,71,6.0032,2012,10,16,22,1,0,1,2,181
2,0,1,1,27.88,31.82,65,11.0014,2012,5,15,16,1,0,2,1,374
1,0,0,1,16.4,20.455,40,30.0026,2012,2,18,22,5,1,1,0,118
4,0,1,1,9.02,11.365,44,8.9981,2011,11,18,5,4,0,0,1,22
3,1,0,1,32.8,36.365,46,0.0,2011,7,4,14,0,0,3,1,408
2,0,1,2,24.6,31.06,46,16.9979,2012,4,4,13,2,0,2,1,251
4,0,1,1,22.96,26.515,52,0.0,2011,10,7,19,4,0,2,1,294
2,0,0,2,18.86,22.725,33,0.0,2011,4,3,15,6,1,1,0,292
4,1,0,1,22.96,26.515,64,16.9979,2012,11,12,15,0,0,2,1,382
3,0,1,1,31.16,35.605,62,11.0014,2012,7,16,9,0,0,3,1,348
3,0,1,1,22.96,26.515,43,15.0013,2012,9,19,19,2,0,2,1,611
4,0,0,1,21.32,25.0,45,8.9981,2012,11,11,18,6,1,2,1,405
4,0,1,1,9.84,12.12,65,11.0014,2012,12,6,23,3,0,0,1,93
4,0,1,2,22.96,26.515,83,7.0015,2012,10,19,0,4,0,2,2,56
3,0,1,1,23.78,27.275,88,7.0015,2011,9,14,6,2,0,2,2,145
3,0,0,1,29.52,35.605,84,6.0032,2012,7,14,19,5,1,2,2,431
4,0,1,1,22.96,26.515,52,8.9981,2011,10,6,17,3,0,2,1,568
4,0,1,1,21.32,25.0,32,6.0032,2012,10,11,14,3,0,2,0,348
4,0,1,2,22.14,25.76,68,0.0,2011,11,15,12,1,0,2,1,176
3,0,1,1,28.7,32.575,61,19.0012,2011,7,11,1,0,0,2,1,10
2,0,1,1,13.94,14.395,46,35.0008,2011,4,5,21,1,0,1,1,89
1,0,1,2,12.3,16.665,70,0.0,2012,2,7,4,1,0,1,1,3
3,0,1,2,33.62,39.395,56,11.0014,2011,7,19,10,1,0,3,1,141
4,0,1,3,21.32,25.0,83,6.0032,2012,10,15,19,0,0,2,2,239
3,0,0,1,29.52,34.85,74,16.9979,2011,9,4,21,6,1,2,2,207
4,0,1,1,12.3,16.665,56,0.0,2012,11,14,21,2,0,1,1,213
4,0,1,1,18.86,22.725,55,19.9995,2012,10,10,22,2,0,1,1,197
3,0,0,1,31.16,34.85,55,19.0012,2011,7,17,19,6,1,3,1,379
3,0,1,1,26.24,30.305,65,16.9979,2011,7,15,8,4,0,2,1,564
3,0,1,1,29.52,34.85,74,12.998,2012,8,9,0,3,0,2,2,67
1,0,1,1,17.22,21.21,41,23.9994,2012,2,15,14,2,0,1,1,134
3,0,1,1,28.7,32.575,61,8.9981,2012,8,15,19,2,0,2,1,649
4,0,1,3,22.14,25.76,88,22.0028,2011,10,12,12,2,0,2,2,62
1,0,1,1,9.02,11.365,47,8.9981,2011,2,11,12,4,0,0,1,71
4,0,1,1,23.78,27.275,49,19.0012,2012,12,4,16,1,0,2,1,435
2,0,0,1,22.14,25.76,88,15.0013,2011,5,15,23,6,1,2,2,69
1,0,0,1,10.66,11.365,35,19.9995,2011,1,16,13,6,1,1,0,118
3,0,0,3,31.98,35.605,52,11.0014,2012,7,1,23,6,1,3,1,110
2,0,0,2,14.76,16.665,87,19.0012,2011,4,16,1,5,1,1,2,33
2,0,1,2,27.06,31.06,65,19.0012,2012,5,1,11,1,0,2,1,229
1,0,1,1,18.04,21.97,38,19.0012,2012,2,1,0,2,0,1,0,31
2,0,1,3,18.04,21.97,94,7.0015,2012,5,3,7,3,0,1,2,384
3,0,1,1,28.7,32.575,70,6.0032,2012,7,10,0,1,0,2,1,69
1,0,1,1,12.3,15.15,56,11.0014,2012,1,6,11,4,0,1,1,138
4,0,1,1,13.12,15.91,49,11.0014,2012,11,5,19,0,0,1,1,372
1,0,1,1,9.02,10.605,51,19.9995,2011,1,4,11,1,0,0,1,57
4,0,0,2,10.66,15.15,75,0.0,2012,12,15,5,5,1,1,2,3
3,0,1,2,31.16,36.365,66,0.0,2012,8,8,9,2,0,3,1,341
4,0,0,1,13.12,14.395,53,23.9994,2012,11,4,20,6,1,1,1,141
2,0,0,2,21.32,25.0,100,0.0,2011,5,15,0,6,1,2,2,39
2,0,1,2,27.88,31.82,61,19.9995,2011,6,16,11,3,0,2,1,150
2,0,0,2,10.66,13.635,70,7.0015,2011,4,2,7,5,1,1,1,18
1,0,0,1,12.3,16.665,70,0.0,2012,2,4,11,5,1,1,1,270
2,0,1,1,18.86,22.725,55,7.0015,2012,5,11,0,4,0,1,1,64
2,0,0,2,14.76,17.425,57,11.0014,2011,4,2,10,5,1,1,1,154
3,0,1,1,37.72,43.18,37,8.9981,2012,7,18,12,2,0,3,0,202
4,0,0,1,11.48,14.395,81,7.0015,2012,11,18,2,6,1,1,2,73
2,0,0,2,29.52,34.09,66,7.0015,2011,6,18,21,5,1,2,1,183
2,0,1,3,26.24,28.79,83,16.9979,2011,6,17,19,4,0,2,2,328
3,0,1,1,29.52,33.335,58,7.0015,2011,8,5,9,4,0,2,1,226
3,0,1,1,27.88,31.82,83,15.0013,2011,7,6,23,2,0,2,2,98
4,0,1,3,13.94,15.91,61,19.0012,2011,11,17,7,3,0,1,1,168
4,1,0,1,24.6,29.545,73,0.0,2011,10,10,20,0,0,2,2,225
4,0,1,1,21.32,25.0,68,12.998,2012,12,4,12,1,0,2,1,312
2,0,1,2,21.32,25.0,94,16.9979,2011,5,17,7,1,0,2,2,151
3,0,0,2,25.42,27.275,94,6.0032,2011,7,3,6,6,1,2,2,3
2,0,1,1,13.12,15.15,49,19.9995,2011,4,5,22,1,0,1,1,46
4,0,1,2,18.86,22.725,88,6.0032,2012,10,10,0,2,0,1,2,33
4,0,1,2,20.5,24.24,63,19.9995,2012,12,4,22,1,0,2,1,181
2,0,1,1,22.14,25.76,32,11.0014,2012,4,18,0,2,0,2,0,38
2,0,1,1,13.12,14.395,70,23.9994,2011,4,1,9,4,0,1,1,173
1,0,1,1,18.04,21.97,72,11.0014,2011,2,18,11,4,0,1,2,113
2,0,1,3,15.58,19.695,94,15.0013,2011,4,13,6,2,0,1,2,34
4,0,1,2,12.3,15.91,65,7.0015,2012,11,16,4,4,0,1,1,5
4,0,0,1,9.84,12.12,87,8.9981,2011,11,6,5,6,1,0,2,5
4,0,1,2,18.04,21.97,58,19.0012,2012,12,5,8,2,0,1,1,759
4,0,1,1,13.12,14.395,42,26.0027,2011,11,17,17,3,0,1,1,399
3,0,0,3,27.06,31.06,65,16.9979,2011,9,3,10,5,1,2,1,258
1,0,0,3,9.02,11.365,93,8.9981,2012,2,11,6,5,1,0,2,9
2,0,0,1,15.58,19.695,46,0.0,2012,4,8,5,6,1,1,1,12
3,0,0,1,32.8,37.12,49,23.9994,2012,8,11,13,5,1,3,1,569
4,0,0,1,20.5,24.24,77,0.0,2011,10,8,22,5,1,2,2,149
2,0,0,3,13.12,15.15,76,22.0028,2011,4,2,14,5,1,1,2,190
3,0,0,1,23.78,27.275,49,16.9979,2012,9,9,22,6,1,2,1,189
3,0,1,1,31.16,34.09,48,22.0028,2011,8,16,12,1,0,3,1,162
3,0,1,3,26.24,28.79,89,0.0,2011,9,7,17,2,0,2,2,285
4,0,1,2,24.6,28.79,78,11.0014,2011,10,11,15,1,0,2,2,175
2,0,1,1,27.06,31.06,44,7.0015,2011,6,2,3,3,0,2,1,4
3,1,0,1,29.52,34.85,74,12.998,2012,9,3,19,0,0,2,2,374
4,0,1,3,22.14,25.76,70,32.9975,2011,10,19,8,2,0,2,1,210
1,0,1,2,12.3,16.665,70,0.0,2012,2,16,5,3,0,1,1,20
1,0,0,2,19.68,23.485,59,19.0012,2011,3,5,14,5,1,1,1,198
1,0,0,1,16.4,20.455,15,22.0028,2011,2,19,5,5,1,1,0,3
4,0,1,2,18.86,22.725,72,6.0032,2011,12,5,15,0,0,1,2,148
1,0,1,2,18.04,21.97,94,0.0,2012,3,16,22,4,0,1,2,148
3,0,0,1,33.62,38.635,52,11.0014,2012,7,15,11,6,1,3,1,451
1,0,1,2,13.94,17.425,81,7.0015,2012,1,12,12,3,0,1,2,144
4,0,0,1,13.12,15.15,53,16.9979,2011,11,5,10,5,1,1,1,227
2,0,1,2,24.6,29.545,69,8.9981,2011,6,16,8,3,0,2,1,388
4,1,0,2,16.4,20.455,62,6.0032,2012,10,8,11,0,0,1,1,308
4,0,1,1,11.48,15.91,65,0.0,2011,12,14,3,2,0,1,1,3
4,0,0,1,14.76,16.665,46,16.9979,2012,11,17,10,5,1,1,1,320
4,0,0,1,20.5,24.24,31,12.998,2012,10,13,16,5,1,2,0,637
3,0,1,1,30.34,34.85,66,12.998,2011,7,18,21,0,0,3,1,202
3,0,1,3,22.14,25.76,88,19.0012,2011,9,6,21,1,0,2,2,121
2,0,0,1,33.62,34.85,23,12.998,2012,6,9,14,5,1,3,0,593
2,0,1,1,28.7,32.575,54,31.0009,2012,5,4,17,4,0,2,1,643
2,0,1,1,18.86,22.725,31,27.9993,2012,4,2,14,0,0,1,0,268
3,0,1,1,28.7,32.575,54,8.9981,2011,8,10,4,2,0,2,1,5
3,0,1,1,34.44,36.365,34,22.0028,2011,8,10,14,2,0,3,0,178
2,0,1,1,27.88,31.82,51,7.0015,2012,5,4,20,4,0,2,1,313
3,0,1,2,34.44,39.395,49,19.0012,2012,8,3,11,4,0,3,1,263
1,0,1,1,18.04,21.97,35,12.998,2012,2,7,17,1,0,1,0,509
1,0,0,1,18.04,21.97,16,50.0021,2011,2,19,15,5,1,1,0,171
3,0,1,1,28.7,32.575,61,0.0,2011,8,16,22,1,0,2,1,152
2,0,0,1,28.7,31.82,34,16.9979,2012,6,3,17,6,1,2,0,578
1,0,1,1,9.84,10.605,35,19.0012,2011,1,3,13,0,0,0,0,61
3,0,1,1,30.34,33.335,51,15.0013,2011,8,16,11,1,0,3,1,150
1,0,0,1,18.86,22.725,33,11.0014,2012,3,3,19,5,1,1,0,225
2,0,0,2,15.58,19.695,87,6.0032,2011,4,10,0,6,1,1,2,53
4,0,0,1,10.66,11.365,52,19.9995,2011,11,19,1,5,1,1,1,35
3,0,0,1,34.44,37.12,39,8.9981,2012,7,1,20,6,1,3,0,332
3,0,1,1,32.8,34.85,29,19.9995,2011,8,11,15,3,0,3,0,178
1,0,1,2,11.48,14.395,45,7.0015,2012,2,10,11,4,0,1,1,153
4,0,1,1,9.84,14.395,87,0.0,2011,12,2,8,4,0,0,2,445
3,0,1,1,22.14,25.76,68,6.0032,2012,9,11,8,1,0,2,1,750
1,0,1,1,18.04,21.97,41,19.0012,2012,2,1,1,2,0,1,1,4
4,0,1,2,12.3,15.15,56,11.0014,2012,12,12,10,2,0,1,1,136
4,0,1,1,9.84,12.88,70,7.0015,2011,12,8,23,3,0,0,1,61
1,0,0,3,17.22,21.21,88,11.0014,2012,3,18,7,6,1,1,2,42
1,0,0,1,14.76,18.18,50,7.0015,2012,1,7,2,5,1,1,1,38
1,0,1,1,13.94,16.665,53,12.998,2011,2,16,22,2,0,1,1,73
2,0,0,1,26.24,30.305,73,12.998,2011,5,15,14,6,1,2,2,437
4,0,1,1,14.76,17.425,46,15.0013,2012,11,16,19,4,0,1,1,332
2,0,1,3,25.42,30.305,69,22.0028,2012,5,8,14,1,0,2,1,71
3,0,1,1,33.62,37.88,46,11.0014,2012,8,1,14,2,0,3,1,263
4,0,1,2,18.04,21.97,67,30.0026,2011,11,4,11,4,0,1,1,162
3,1,0,2,31.16,34.85,55,7.0015,2011,7,4,20,0,0,3,1,386
2,0,1,1,20.5,24.24,100,8.9981,2011,5,16,4,0,0,2,2,6
3,0,0,2,35.26,39.395,44,19.0012,2012,9,1,15,5,1,3,1,563
1,0,0,2,17.22,21.21,77,19.9995,2011,3,5,22,5,1,1,2,63
3,0,1,1,34.44,37.12,36,19.0012,2012,7,2,16,0,0,3,0,365
2,0,1,1,25.42,31.06,46,12.998,2011,6,13,23,0,0,2,1,89
3,0,1,1,22.14,25.76,77,0.0,2012,9,13,7,3,0,2,2,571
2,0,1,2,26.24,30.305,65,12.998,2011,5,2,18,0,0,2,1,518
4,0,1,3,20.5,24.24,100,7.0015,2011,10,19,5,2,0,2,2,3
2,0,0,1,21.32,25.0,55,15.0013,2012,4,1,19,6,1,2,1,346
4,0,1,1,8.2,12.88,80,0.0,2011,12,13,2,1,0,0,2,2
3,0,0,1,29.52,35.605,84,12.998,2012,8,4,1,5,1,2,2,122
3,0,1,3,25.42,27.275,94,12.998,2011,9,7,23,2,0,2,2,24
4,0,1,2,24.6,29.545,73,11.0014,2011,10,11,16,1,0,2,2,320
1,0,0,2,9.84,11.365,60,15.0013,2011,2,13,9,6,1,0,1,47
3,0,1,1,30.34,34.09,55,22.0028,2011,8,15,16,0,0,3,1,283
4,0,0,1,10.66,12.88,65,11.0014,2011,12,3,2,5,1,1,1,50
1,0,0,3,18.04,21.97,100,15.0013,2011,3,6,14,6,1,1,2,39
4,0,1,2,14.76,16.665,66,16.9979,2012,11,19,9,0,0,1,1,278
3,1,0,1,33.62,37.12,41,0.0,2011,7,4,16,0,0,3,1,452
4,0,1,2,18.04,21.97,67,16.9979,2011,11,14,5,0,0,1,1,19
4,0,0,1,14.76,17.425,66,11.0014,2012,11,18,19,6,1,1,1,210
1,0,0,1,12.3,13.635,49,22.0028,2012,3,4,10,6,1,1,1,192
1,0,1,3,9.84,12.88,87,7.0015,2012,2,8,17,2,0,0,2,155
3,0,1,2,27.06,31.06,69,15.0013,2011,9,2,12,4,0,2,1,260
4,0,0,1,8.2,11.365,75,0.0,2011,12,17,23,5,1,0,2,69
2,0,1,1,23.78,27.275,60,15.0013,2011,5,12,11,3,0,2,1,179
1,0,1,1,13.12,15.91,76,12.998,2011,3,17,6,3,0,1,2,51
4,0,0,1,10.66,15.15,81,0.0,2011,12,4,5,6,1,1,2,4
4,0,1,2,15.58,19.695,71,7.0015,2012,12,7,18,4,0,1,2,498
2,0,1,1,13.94,16.665,49,12.998,2012,4,5,7,3,0,1,1,354
3,0,0,1,29.52,34.09,70,12.998,2011,9,3,16,5,1,2,1,374
1,0,0,1,21.32,25.0,27,19.9995,2012,3,11,17,6,1,2,0,498
3,0,1,2,28.7,33.335,74,8.9981,2012,8,7,7,1,0,2,2,502
4,0,1,1,12.3,15.91,65,6.0032,2012,12,19,1,2,0,1,1,15
3,0,1,1,27.88,31.82,65,7.0015,2012,7,3,4,1,0,2,1,6
3,0,0,1,29.52,34.85,79,7.0015,2012,8,5,21,6,1,2,2,208
2,0,1,1,22.14,25.76,77,15.0013,2012,6,18,1,0,0,2,2,14
2,0,0,2,14.76,17.425,87,15.0013,2011,4,16,4,5,1,1,2,5
1,0,0,1,13.94,17.425,49,7.0015,2011,2,6,16,6,1,1,1,157
3,0,1,2,27.88,31.82,83,12.998,2012,8,14,4,1,0,2,2,5
2,0,0,1,24.6,30.305,60,12.998,2012,6,17,22,6,1,2,1,153
4,1,0,1,22.14,25.76,77,0.0,2011,10,10,9,0,0,2,2,219
1,0,0,1,9.02,10.605,44,19.0012,2012,3,10,6,5,1,0,1,12
3,0,1,1,27.06,30.305,83,7.0015,2011,8,18,19,3,0,2,2,141
3,0,1,1,30.34,34.85,70,0.0,2012,7,17,1,1,0,3,1,25
4,0,1,2,17.22,21.21,80,12.998,2012,10,9,8,1,0,1,2,713
2,0,1,1,16.4,20.455,82,0.0,2012,4,19,5,3,0,1,2,30
3,1,0,2,31.16,34.85,55,6.0032,2011,7,4,11,0,0,3,1,349
4,0,1,2,18.86,22.725,100,15.0013,2011,12,6,17,1,0,1,2,262
1,0,1,2,25.42,31.06,38,27.9993,2012,3,12,17,0,0,2,0,644
4,0,1,2,14.76,17.425,100,8.9981,2011,11,10,6,3,0,1,2,114
4,0,0,2,14.76,16.665,71,19.0012,2011,10,2,10,6,1,1,2,248
2,0,1,3,22.14,25.76,52,23.9994,2011,5,6,19,4,0,2,1,292
4,0,1,3,13.12,15.15,87,16.9979,2012,11,13,8,1,0,1,2,211
3,0,1,1,28.7,33.335,74,16.9979,2011,7,11,7,0,0,2,2,317
3,0,0,1,30.34,34.09,62,15.0013,2011,7,17,21,6,1,3,1,207
4,0,1,2,27.06,31.06,74,0.0,2012,10,3,21,2,0,2,2,209
2,0,0,2,18.04,21.97,77,19.0012,2011,4,17,0,6,1,1,2,33
3,0,1,2,24.6,27.275,88,8.9981,2011,8,15,1,0,0,2,2,10
3,0,1,1,32.8,36.365,43,19.0012,2011,8,17,12,2,0,3,1,189
4,0,1,2,14.76,16.665,66,16.9979,2012,11,19,2,0,0,1,1,5
2,0,1,3,15.58,19.695,94,22.0028,2011,5,4,4,2,0,1,2,3
3,0,1,1,22.96,26.515,88,6.0032,2011,9,12,0,0,0,2,2,16
3,0,0,1,27.88,31.82,51,7.0015,2011,8,13,0,5,1,2,1,84
2,0,1,1,28.7,32.575,61,12.998,2012,5,3,19,3,0,2,1,522
4,0,1,2,16.4,20.455,87,8.9981,2012,12,4,3,1,0,1,2,4
4,0,0,2,10.66,12.88,70,11.0014,2011,12,10,1,5,1,1,1,66
1,0,1,2,13.12,17.425,57,0.0,2012,2,10,19,4,0,1,1,262
3,0,1,2,30.34,34.09,58,12.998,2012,8,15,11,2,0,3,1,235
4,0,1,2,13.12,15.15,53,16.9979,2012,11,7,13,2,0,1,1,181
1,0,1,1,9.02,11.365,51,8.9981,2011,1,6,18,3,0,0,1,163
1,0,1,1,13.12,15.91,57,12.998,2012,2,7,22,1,0,1,1,118
3,0,1,1,26.24,30.305,73,8.9981,2011,9,15,8,3,0,2,2,391
4,0,1,1,18.04,21.97,62,8.9981,2011,11,1,10,1,0,1,1,135
2,0,1,1,30.34,33.335,48,6.0032,2012,5,1,17,1,0,3,1,681
3,0,1,3,25.42,29.545,73,31.0009,2011,8,19,19,4,0,2,2,165
1,0,0,1,17.22,21.21,16,39.0007,2011,2,19,10,5,1,1,0,106
2,0,0,1,25.42,29.545,78,6.0032,2012,6,10,4,6,1,2,2,10
1,0,1,1,12.3,13.635,42,27.9993,2011,3,7,12,0,0,1,1,96
2,0,0,1,30.34,32.575,40,12.998,2012,6,9,21,5,1,3,0,316
2,0,0,1,28.7,33.335,74,0.0,2011,6,12,8,6,1,2,2,92
3,0,0,1,31.16,36.365,66,19.0012,2012,8,4,22,5,1,3,1,269
1,0,0,1,9.02,10.605,37,16.9979,2011,1,16,17,6,1,0,0,105
1,0,1,1,23.78,27.275,21,32.9975,2011,2,18,21,4,0,2,0,72
1,0,1,2,13.94,17.425,81,7.0015,2012,2,16,21,3,0,1,2,145
1,0,1,1,4.92,8.335,54,6.0032,2012,1,19,7,3,0,0,1,206
2,0,1,1,25.42,30.305,65,27.9993,2011,5,17,17,1,0,2,1,604
1,0,1,1,18.86,22.725,67,19.9995,2011,2,17,23,3,0,1,1,44
2,0,1,1,14.76,17.425,71,8.9981,2012,4,10,3,1,0,1,2,2
3,0,0,1,28.7,32.575,58,15.0013,2011,7,3,0,6,1,2,1,144
1,0,1,1,8.2,9.09,40,19.9995,2011,1,5,8,2,0,0,0,195
4,1,0,1,22.96,26.515,88,6.0032,2011,10,10,22,0,0,2,2,126
3,0,0,1,24.6,27.275,88,8.9981,2011,9,10,7,5,1,2,2,52
3,0,1,1,28.7,33.335,79,7.0015,2011,7,12,2,1,0,2,2,9
2,0,1,2,31.16,36.365,70,7.0015,2011,6,9,8,3,0,3,1,432
4,0,1,1,9.84,11.365,65,12.998,2012,11,14,6,2,0,0,1,146
3,0,0,2,28.7,33.335,84,8.9981,2011,8,7,3,6,1,2,2,32
2,0,1,1,24.6,28.03,83,19.9995,2012,6,13,7,2,0,2,2,505
1,0,1,1,7.38,8.335,51,19.9995,2012,3,6,4,1,0,0,1,3
4,0,0,2,13.94,15.15,49,19.9995,2012,11,3,9,5,1,1,1,219
2,0,1,2,22.96,26.515,88,7.0015,2012,5,9,6,2,0,2,2,126
1,0,1,2,12.3,15.91,70,6.0032,2012,2,10,23,4,0,1,1,65
2,0,0,1,17.22,21.21,77,6.0032,2011,5,7,6,5,1,1,2,13
4,0,1,1,12.3,16.665,87,0.0,2011,11,8,4,1,0,1,2,4
3,0,1,1,31.98,33.335,25,12.998,2011,7,1,19,4,0,3,0,318
2,0,0,1,22.96,26.515,52,0.0,2011,6,4,0,5,1,2,1,93
1,1,0,1,14.76,15.91,34,30.0026,2012,1,2,2,0,0,1,0,7
2,0,1,1,29.52,34.09,70,8.9981,2011,6,7,21,1,0,2,1,218
1,0,0,2,18.04,21.97,72,22.0028,2011,3,5,21,5,1,1,2,72
1,0,0,1,18.04,21.97,41,27.9993,2011,3,13,11,6,1,1,1,181
2,0,1,1,29.52,31.82,26,23.9994,2011,6,2,9,3,0,2,0,225
1,0,1,2,6.56,11.365,93,0.0,2011,2,1,10,1,0,0,2,47
1,0,1,1,14.76,17.425,46,12.998,2011,3,4,16,4,0,1,1,118
4,0,0,1,22.96,26.515,78,12.998,2012,10,6,2,5,1,2,2,75
3,0,1,1,28.7,32.575,65,7.0015,2012,8,10,1,4,0,2,1,41
1,0,1,1,6.56,6.06,43,35.0008,2012,1,3,14,1,0,0,1,79
1,0,1,1,10.66,11.365,41,22.0028,2012,1,19,16,3,0,1,1,193
1,0,1,1,18.86,22.725,63,36.9974,2012,1,17,16,1,0,1,1,219
2,0,1,1,25.42,31.06,38,27.9993,2012,6,4,19,0,0,2,0,645
1,0,1,2,7.38,9.85,93,11.0014,2012,1,10,8,1,0,0,2,471
3,0,1,1,34.44,38.635,47,12.998,2012,7,5,21,3,0,3,1,323
1,0,1,1,13.94,16.665,66,11.0014,2011,3,17,3,3,0,1,1,2
1,0,1,1,11.48,11.365,30,35.0008,2012,1,18,16,2,0,1,0,176
3,0,1,1,31.16,36.365,66,8.9981,2012,7,16,21,0,0,3,1,328
2,0,1,1,26.24,31.06,41,0.0,2011,5,11,15,2,0,2,1,179
4,0,0,1,13.94,16.665,76,12.998,2011,10,2,7,6,1,1,2,29
3,0,1,3,24.6,27.275,88,8.9981,2011,9,7,9,2,0,2,2,190
2,0,1,1,25.42,30.305,69,15.0013,2011,5,12,18,3,0,2,1,527
4,0,0,3,14.76,18.18,81,6.0032,2011,10,2,22,6,1,1,2,64
1,0,0,2,22.96,26.515,43,15.0013,2011,3,19,2,5,1,2,1,25
2,0,1,1,30.34,34.85,70,19.0012,2011,6,1,21,2,0,3,1,190
3,1,0,1,33.62,37.12,43,6.0032,2011,7,4,15,0,0,3,1,408
3,0,1,1,26.24,31.06,61,6.0032,2012,9,13,10,3,0,2,1,212
2,0,1,2,30.34,35.605,79,11.0014,2011,6,1,19,2,0,3,2,264
4,0,1,3,14.76,16.665,87,19.0012,2011,11,10,14,3,0,1,2,64
4,0,0,1,9.84,14.395,44,0.0,2011,12,11,10,6,1,0,1,194
1,0,1,1,9.02,11.365,80,8.9981,2012,2,9,2,3,0,0,2,2
1,0,1,1,22.96,26.515,43,11.0014,2012,3,14,23,2,0,2,1,91
2,0,0,1,33.62,36.365,38,15.0013,2012,6,10,18,6,1,3,0,490
2,0,1,1,13.12,15.15,66,15.0013,2012,4,12,1,3,0,1,1,9
4,1,0,2,17.22,21.21,66,19.0012,2012,10,8,18,0,0,1,1,456
2,0,1,2,22.96,26.515,83,22.0028,2011,5,18,13,2,0,2,2,122
1,0,1,3,13.94,17.425,100,7.0015,2011,3,11,1,4,0,1,2,8
1,0,1,2,5.74,7.575,43,11.0014,2011,2,9,11,2,0,0,1,41
4,0,1,2,22.14,25.76,88,0.0,2011,10,11,0,1,0,2,2,30
2,0,0,1,24.6,31.06,56,11.0014,2012,5,19,23,5,1,2,1,239
1,0,1,1,10.66,12.88,52,15.0013,2011,1,4,14,1,0,1,1,63
2,0,1,1,27.06,31.06,36,12.998,2012,5,18,15,4,0,2,0,391
3,0,1,1,31.98,36.365,55,32.9975,2011,7,12,9,1,0,3,1,176
4,0,1,3,18.04,21.97,88,26.0027,2011,11,16,20,2,0,1,2,99
4,1,0,2,17.22,21.21,58,7.0015,2012,10,8,14,0,0,1,1,420
4,0,1,3,11.48,13.635,65,15.0013,2012,11,7,23,2,0,1,1,40
1,0,1,1,20.5,24.24,68,31.0009,2012,3,8,10,3,0,2,1,138
4,0,0,1,22.96,26.515,83,11.0014,2012,10,6,0,5,1,2,2,191
3,0,0,2,27.06,29.545,94,15.0013,2012,9,8,4,5,1,2,2,11
2,0,1,1,27.06,31.06,69,8.9981,2012,6,19,11,1,0,2,1,230
1,0,1,1,9.02,11.365,69,8.9981,2012,1,6,4,4,0,0,1,3
1,0,1,1,18.04,21.97,38,16.9979,2012,2,7,14,1,0,1,0,138
3,0,0,2,27.06,30.305,83,22.0028,2011,8,13,23,5,1,2,2,120
1,0,1,1,4.1,5.305,36,15.0013,2012,1,3,21,1,0,0,0,68
2,0,1,1,22.96,26.515,94,0.0,2011,6,17,6,4,0,2,2,97
3,0,0,1,31.98,37.88,66,8.9981,2012,7,7,0,5,1,3,1,150
3,0,1,1,30.34,32.575,35,11.0014,2011,7,1,9,4,0,3,0,260
4,0,1,2,20.5,24.24,59,12.998,2011,12,16,4,4,0,2,1,5
3,0,1,1,31.16,35.605,58,35.0008,2011,8,19,18,4,0,3,1,425
3,0,0,1,33.62,39.395,56,27.9993,2012,8,5,11,6,1,3,1,437
2,0,1,1,18.04,21.97,88,0.0,2011,5,9,1,0,0,1,2,33
1,0,1,3,6.56,9.09,93,7.0015,2011,1,11,18,1,0,0,2,95
2,1,0,1,16.4,20.455,71,11.0014,2011,4,15,7,4,0,1,2,149
2,0,1,3,22.96,26.515,78,8.9981,2012,6,18,12,0,0,2,2,168
3,0,1,3,23.78,27.275,83,31.0009,2012,9,18,22,1,0,2,2,151
3,0,1,1,27.06,31.06,65,15.0013,2011,8,18,2,3,0,2,1,6
2,0,1,2,26.24,31.06,53,16.9979,2011,5,12,15,3,0,2,1,217
3,0,0,1,27.06,30.305,78,12.998,2011,7,9,7,5,1,2,2,71
4,0,1,2,11.48,12.88,52,19.9995,2012,11,7,4,2,0,1,1,9
2,0,1,1,16.4,20.455,50,15.0013,2011,4,4,0,0,0,1,1,6
3,0,1,1,27.06,30.305,83,16.9979,2012,8,3,4,4,0,2,2,12
2,1,0,2,15.58,19.695,82,26.0027,2011,4,15,22,4,0,1,2,80
4,0,0,2,11.48,12.88,45,22.0028,2011,12,17,11,5,1,1,1,209
2,0,0,1,23.78,27.275,83,16.9979,2011,5,15,9,6,1,2,2,134
4,0,1,2,17.22,21.21,94,8.9981,2012,12,17,21,0,0,1,2,120
2,0,1,1,25.42,31.06,38,19.0012,2011,6,3,0,4,0,2,0,68
1,0,0,3,9.02,12.12,93,7.0015,2012,2,11,9,5,1,0,2,90
1,0,1,1,6.56,6.06,55,30.0026,2011,1,12,22,2,0,0,1,33
4,0,0,1,18.04,21.97,54,8.9981,2012,11,10,18,5,1,1,1,359
3,0,0,1,25.42,30.305,61,16.9979,2012,9,9,9,6,1,2,1,299
3,0,1,1,27.06,29.545,89,11.0014,2011,9,9,19,4,0,2,2,349
2,0,1,3,20.5,24.24,88,11.0014,2011,5,13,23,4,0,2,2,119
2,0,1,1,17.22,21.21,62,6.0032,2012,4,13,23,4,0,1,1,198
4,0,1,2,21.32,25.0,88,6.0032,2011,10,11,7,1,0,2,2,352
2,0,1,1,22.96,26.515,52,12.998,2011,5,9,10,0,0,2,1,119
2,0,1,1,23.78,27.275,24,27.9993,2011,5,5,16,3,0,2,0,269
4,0,1,1,13.12,16.665,66,8.9981,2012,11,1,2,3,0,1,1,20
1,0,0,2,12.3,14.395,52,16.9979,2012,2,19,19,6,1,1,1,119
4,0,1,1,13.12,15.91,57,11.0014,2012,11,9,8,4,0,1,1,693
1,0,1,3,14.76,18.18,87,6.0032,2012,3,2,21,4,0,1,2,101
4,1,0,1,18.86,22.725,94,0.0,2011,10,10,5,0,0,1,2,21
1,0,1,2,6.56,11.365,55,0.0,2011,1,11,7,1,0,0,1,99
3,0,0,2,34.44,39.395,49,11.0014,2012,9,1,16,5,1,3,1,462
4,0,1,1,18.86,22.725,72,7.0015,2012,10,1,0,0,0,1,2,45
1,0,0,1,13.94,18.18,25,0.0,2012,3,10,19,5,1,1,0,184
4,1,0,2,21.32,25.0,77,19.0012,2012,11,12,20,0,0,2,2,304
1,0,1,1,8.2,9.09,59,19.9995,2011,3,1,6,1,0,0,1,46
4,0,1,1,27.06,30.305,78,12.998,2011,10,13,14,3,0,2,2,133
1,0,1,2,9.02,12.12,87,7.0015,2012,1,10,0,1,0,0,2,14
2,0,1,3,25.42,28.79,83,16.9979,2011,6,16,21,3,0,2,2,188
1,0,1,2,7.38,12.12,51,0.0,2011,1,6,9,3,0,0,1,122
3,0,1,1,28.7,12.12,58,7.0015,2012,8,17,9,4,0,2,1,378
1,0,1,2,9.84,11.365,70,15.0013,2012,2,8,8,2,0,0,1,508
3,0,0,1,35.26,40.91,50,7.0015,2012,7,8,9,6,1,3,1,242
3,0,1,1,35.26,39.395,41,7.0015,2012,8,9,13,3,0,3,1,281
2,0,1,1,22.96,26.515,94,12.998,2012,5,16,2,2,0,2,2,19
1,0,0,1,8.2,12.88,86,0.0,2011,1,1,7,5,1,0,2,3
4,0,1,2,14.76,17.425,53,11.0014,2011,12,19,19,0,0,1,1,251
3,0,1,1,21.32,25.0,68,19.0012,2012,9,10,3,0,0,2,1,12
4,0,0,1,18.86,22.725,55,16.9979,2011,10,15,1,5,1,1,1,73
1,0,1,3,13.94,17.425,0,6.0032,2011,3,10,23,3,0,1,0,27
2,0,0,1,30.34,34.85,66,6.0032,2011,6,18,12,5,1,3,1,420
3,0,1,2,31.16,35.605,62,8.9981,2012,7,18,18,2,0,3,1,643
4,0,1,2,22.14,25.76,73,8.9981,2012,10,1,21,0,0,2,2,218
3,0,1,2,25.42,25.76,100,0.0,2011,9,9,10,4,0,2,2,29
3,0,1,1,26.24,28.79,83,0.0,2011,8,19,5,4,0,2,2,17
2,0,1,1,20.5,24.24,36,0.0,2012,4,13,21,4,0,2,0,189
2,0,1,2,25.42,31.06,46,12.998,2012,4,4,14,2,0,2,1,258
1,0,1,1,18.04,21.97,72,8.9981,2012,1,12,15,3,0,1,2,188
2,1,0,1,18.04,21.97,62,19.9995,2011,4,15,8,4,0,1,1,300
2,0,0,2,20.5,24.24,72,12.998,2011,5,1,16,6,1,2,2,214
4,0,1,1,17.22,21.21,44,8.9981,2012,11,9,17,4,0,1,1,654
4,1,0,2,17.22,21.21,63,11.0014,2012,10,8,12,0,0,1,1,341
3,0,1,1,29.52,33.335,48,0.0,2011,9,12,16,0,0,2,1,298
4,0,1,1,16.4,20.455,87,6.0032,2012,12,3,9,0,0,1,2,308
2,0,1,2,25.42,30.305,69,8.9981,2011,5,2,20,0,0,2,1,218
1,0,1,1,5.74,6.06,59,16.9979,2012,1,3,7,1,0,0,1,170
3,0,1,1,32.8,37.88,55,11.0014,2011,7,5,18,1,0,3,1,496
2,0,1,1,28.7,31.82,37,0.0,2011,6,13,13,0,0,2,0,227
2,0,1,1,13.12,16.665,66,6.0032,2012,4,3,7,1,0,1,1,341
2,0,1,1,20.5,24.24,36,30.0026,2012,4,9,20,0,0,2,0,276
2,0,0,2,28.7,31.82,42,12.998,2012,6,16,19,5,1,2,1,461
4,0,1,1,20.5,24.24,48,19.0012,2012,10,16,10,1,0,2,1,222
4,1,0,1,18.86,22.725,88,0.0,2011,10,10,3,0,0,1,2,11
1,0,1,1,14.76,16.665,32,19.0012,2012,3,6,16,1,0,1,0,250
4,0,1,3,23.78,27.275,83,7.0015,2012,10,2,6,1,0,2,2,179
1,0,1,2,6.56,9.85,80,6.0032,2011,1,11,15,1,0,0,2,47
3,0,1,1,26.24,28.79,89,8.9981,2012,7,11,4,2,0,2,2,7
2,0,0,1,18.86,22.725,67,7.0015,2012,5,19,7,5,1,1,1,95
4,0,1,1,13.12,16.665,57,7.0015,2012,11,2,8,4,0,1,1,687
1,0,1,1,13.12,16.665,81,6.0032,2012,2,16,23,3,0,1,2,73
3,0,0,1,28.7,32.575,61,15.0013,2011,9,3,12,5,1,2,1,257
1,0,0,3,14.76,18.18,93,6.0032,2012,3,3,2,5,1,1,2,38
4,0,1,1,14.76,18.94,87,0.0,2011,11,9,0,2,0,1,2,13
1,0,1,1,9.02,11.365,51,11.0014,2011,1,6,17,3,0,0,1,172
2,0,0,1,28.7,31.82,34,0.0,2012,6,3,15,6,1,2,0,644
1,0,0,2,12.3,14.395,49,12.998,2012,2,19,15,6,1,1,1,253
2,0,0,1,9.84,12.12,75,8.9981,2011,4,2,2,5,1,0,2,21
2,0,1,1,22.14,25.76,60,0.0,2011,5,11,21,2,0,2,1,234
4,0,1,2,13.12,15.91,66,11.0014,2012,11,15,22,3,0,1,1,153
4,0,1,1,12.3,13.635,49,23.9994,2012,11,13,20,1,0,1,1,223
1,0,1,2,18.86,22.725,77,22.0028,2012,1,18,0,2,0,1,2,17
3,0,1,1,36.9,40.15,31,11.0014,2012,7,6,14,4,0,3,0,275
3,0,1,1,27.06,30.305,83,7.0015,2011,8,1,5,0,0,2,2,26
4,0,1,1,12.3,14.395,56,15.0013,2012,11,6,19,1,0,1,1,371
2,0,1,1,21.32,25.0,27,27.9993,2012,4,9,11,0,0,2,0,223
4,0,1,2,12.3,14.395,45,19.0012,2012,11,8,4,3,0,1,1,10
2,0,1,2,21.32,25.0,77,22.0028,2012,6,5,1,1,0,2,2,20
3,0,1,1,26.24,31.06,53,8.9981,2011,8,12,1,4,0,2,1,23
3,0,0,1,37.72,43.18,37,15.0013,2012,7,7,10,5,1,3,0,325
4,0,1,2,14.76,16.665,81,26.0027,2012,11,13,4,1,0,1,2,9
1,0,0,1,9.84,12.88,81,6.0032,2012,2,4,4,5,1,0,2,6
1,0,1,1,15.58,19.695,54,11.0014,2012,3,12,9,0,0,1,1,281
3,0,1,1,28.7,33.335,79,16.9979,2011,7,8,4,4,0,2,2,11
1,0,1,1,13.12,15.15,43,11.0014,2011,3,4,12,4,0,1,1,97
2,0,0,1,17.22,21.21,67,15.0013,2011,4,17,1,6,1,1,1,31
4,0,0,1,13.94,15.15,31,22.0028,2011,12,10,14,5,1,1,0,293
4,0,0,1,10.66,12.88,38,15.0013,2011,12,10,18,5,1,1,0,172
4,0,1,1,22.14,25.76,49,11.0014,2011,11,8,13,1,0,2,1,196
2,0,1,1,14.76,16.665,40,22.0028,2012,4,6,10,4,0,1,0,238
1,1,0,2,7.38,9.85,47,8.9981,2011,1,17,13,0,0,0,1,93
2,0,1,3,21.32,25.0,94,15.0013,2011,5,18,2,2,0,2,2,6
3,0,1,1,36.08,37.88,28,7.0015,2012,7,6,12,4,0,3,0,331
3,0,0,1,25.42,29.545,78,8.9981,2012,8,12,1,6,1,2,2,113
1,0,1,1,10.66,12.12,30,19.0012,2011,1,3,14,0,0,1,0,77
1,0,1,1,3.28,6.06,63,6.0032,2011,2,11,5,4,0,0,1,4
1,0,1,1,6.56,9.85,59,6.0032,2011,1,14,19,4,0,0,1,92
1,0,1,1,24.6,31.06,40,15.0013,2012,2,1,16,2,0,2,0,283
2,0,1,3,9.84,11.365,93,15.0013,2011,4,1,6,4,0,0,2,28
4,0,1,3,22.14,25.76,100,8.9981,2011,10,19,15,2,0,2,2,120
3,1,0,2,29.52,34.09,70,12.998,2011,9,5,12,0,0,2,1,353
4,0,1,1,24.6,31.06,53,0.0,2011,10,7,12,4,0,2,1,235
3,0,1,1,35.26,40.91,50,16.9979,2011,7,11,13,0,0,3,1,141
1,0,0,1,18.04,21.97,47,15.0013,2012,3,11,20,6,1,1,1,171
4,0,1,2,18.86,22.725,59,32.9975,2011,12,15,12,3,0,1,1,157
4,1,0,1,23.78,27.275,60,19.0012,2012,11,12,14,0,0,2,1,444
2,0,1,1,16.4,20.455,40,23.9994,2012,4,11,19,2,0,1,0,384
2,0,0,3,27.06,31.06,74,12.998,2012,5,5,15,5,1,2,2,541
2,0,0,2,33.62,37.88,46,8.9981,2011,6,18,15,5,1,3,1,367
2,0,1,1,27.06,30.305,78,6.0032,2011,6,10,6,4,0,2,2,104
1,0,0,1,10.66,11.365,65,27.9993,2011,2,6,1,6,1,1,1,44
1,0,1,1,13.12,15.91,49,12.998,2012,3,6,21,1,0,1,1,148
2,0,1,1,22.96,26.515,26,16.9979,2012,4,13,16,4,0,2,0,463
1,0,1,1,26.24,31.06,57,15.0013,2012,3,19,15,0,0,2,1,286
3,0,1,1,17.22,21.21,67,15.0013,2011,9,16,8,4,0,1,1,409
4,0,1,1,20.5,24.24,68,6.0032,2012,12,3,19,0,0,2,1,471
1,0,1,1,8.2,10.605,85,11.0014,2012,1,11,2,2,0,0,2,5
4,0,0,1,21.32,25.0,39,0.0,2012,11,10,13,5,1,2,0,651
2,0,0,1,22.96,26.515,68,16.9979,2012,6,17,8,6,1,2,1,119
2,0,0,1,30.34,32.575,30,7.0015,2012,5,19,16,5,1,3,0,642
2,0,1,1,21.32,25.0,23,27.9993,2012,4,5,0,3,0,2,0,45
1,0,0,1,13.94,15.15,29,27.9993,2011,2,12,15,5,1,1,0,174
4,0,0,1,20.5,24.24,77,0.0,2011,10,9,9,6,1,2,2,185
1,0,0,1,9.02,10.605,41,16.9979,2011,2,12,10,5,1,0,1,84
3,0,1,1,34.44,37.88,41,8.9981,2011,8,8,18,0,0,3,1,529
2,0,0,1,17.22,21.21,82,0.0,2011,5,8,4,6,1,1,2,10
3,0,1,2,27.88,31.82,74,6.0032,2012,8,1,9,2,0,2,2,350
3,0,0,1,22.14,25.76,73,11.0014,2012,9,9,7,6,1,2,2,70
2,0,1,2,23.78,27.275,46,8.9981,2012,6,5,15,1,0,2,1,272
1,0,0,3,10.66,12.88,81,12.998,2012,2,11,2,5,1,1,2,26
1,0,1,1,14.76,17.425,27,8.9981,2012,2,13,15,0,0,1,0,155
1,0,1,2,17.22,21.21,94,0.0,2012,3,1,0,3,0,1,2,11
2,0,1,1,18.04,21.97,72,15.0013,2012,5,10,6,3,0,1,2,139
2,0,1,2,29.52,33.335,58,12.998,2012,6,11,22,0,0,2,1,164
1,0,1,1,18.86,22.725,28,27.9993,2011,2,16,14,2,0,1,0,82
1,0,1,1,23.78,27.275,32,19.9995,2012,3,1,16,3,0,2,0,361
2,0,0,1,18.86,22.725,88,6.0032,2011,5,8,23,6,1,1,2,50
3,0,1,1,25.42,28.79,83,11.0014,2011,9,12,22,0,0,2,2,150
1,0,1,1,12.3,16.665,70,0.0,2012,3,2,7,4,0,1,1,262
4,0,1,1,23.78,27.275,94,8.9981,2011,10,14,1,4,0,2,2,24
1,0,1,2,7.38,9.85,93,11.0014,2012,1,10,10,1,0,0,2,83
2,0,0,2,29.52,32.575,37,16.9979,2012,6,16,17,5,1,2,0,593
4,0,0,1,20.5,24.24,77,0.0,2011,10,8,9,5,1,2,2,217
1,0,1,2,11.48,14.395,61,7.0015,2012,2,8,13,2,0,1,1,126
3,0,1,1,27.06,31.06,69,8.9981,2011,9,2,19,4,0,2,1,287
3,0,0,1,34.44,36.365,34,6.0032,2011,7,9,15,5,1,3,0,402
1,0,1,2,9.02,13.635,69,0.0,2012,1,5,9,3,0,0,1,227
3,0,1,1,28.7,32.575,54,11.0014,2011,8,17,8,2,0,2,1,487
1,0,0,1,13.94,14.395,31,36.9974,2012,3,4,17,6,1,1,0,263
1,0,1,1,8.2,9.85,51,16.9979,2011,1,7,8,4,0,0,1,210
2,1,0,1,21.32,25.0,83,11.0014,2012,4,16,6,0,0,2,2,133
4,0,0,2,14.76,18.18,57,7.0015,2011,11,19,20,5,1,1,1,163
2,0,1,2,30.34,35.605,74,15.0013,2011,6,1,9,2,0,3,2,207
2,0,1,1,28.7,31.82,37,19.0012,2012,6,7,13,3,0,2,0,315
3,0,1,1,27.06,31.06,74,7.0015,2011,8,5,0,4,0,2,2,54
4,0,1,1,9.02,12.88,44,6.0032,2011,11,18,6,4,0,0,1,71
4,0,1,1,12.3,16.665,87,0.0,2011,11,9,5,2,0,1,2,28
4,0,0,1,9.84,11.365,65,12.998,2011,12,10,7,5,1,0,1,11
4,0,1,3,12.3,14.395,56,16.9979,2012,11,7,22,2,0,1,1,60
2,0,0,1,25.42,31.06,50,26.0027,2012,6,3,22,6,1,2,1,226
4,0,1,2,22.14,25.76,88,26.0027,2011,10,12,10,2,0,2,2,113
2,0,0,1,18.04,21.97,33,19.9995,2011,4,3,13,6,1,1,0,367
2,0,0,1,25.42,31.06,33,19.9995,2012,4,14,13,5,1,2,0,678
4,0,1,1,22.96,26.515,49,0.0,2012,10,10,13,2,0,2,1,297
2,0,1,1,13.94,15.15,57,19.9995,2012,4,11,23,2,0,1,1,61
2,0,1,1,29.52,34.85,79,8.9981,2012,6,19,23,1,0,2,2,125
1,0,1,1,18.86,22.725,94,15.0013,2012,3,1,3,3,0,1,2,3
4,0,1,2,15.58,19.695,82,12.998,2012,10,9,5,1,0,1,2,19
4,0,1,1,13.12,16.665,70,7.0015,2012,12,19,10,2,0,1,1,164
2,0,1,1,20.5,24.24,27,32.9975,2012,4,9,10,0,0,2,0,178
4,0,1,1,17.22,21.21,38,23.9994,2011,11,4,17,4,0,1,0,480
4,0,1,3,14.76,17.425,81,15.0013,2011,11,10,17,3,0,1,2,177
2,0,0,1,14.76,18.18,71,7.0015,2012,4,14,7,5,1,1,2,64
1,0,0,1,18.04,21.97,44,27.9993,2011,3,19,6,5,1,1,1,10
3,0,0,1,26.24,30.305,73,6.0032,2011,8,13,6,5,1,2,2,22
3,0,1,2,27.06,30.305,83,16.9979,2011,7,8,21,4,0,2,2,204
4,0,0,1,21.32,25.0,29,19.0012,2011,11,12,15,5,1,2,0,386
1,0,1,1,21.32,25.0,63,6.0032,2012,3,14,1,2,0,2,1,27
4,0,1,1,10.66,12.12,41,19.0012,2011,11,18,10,4,0,1,1,115
2,0,1,1,24.6,29.545,73,11.0014,2012,6,15,0,4,0,2,2,94
3,0,1,2,29.52,34.85,79,0.0,2012,8,6,0,0,0,2,2,33
3,0,1,1,36.9,42.425,42,0.0,2012,7,18,11,2,0,3,1,183
1,0,1,2,14.76,16.665,50,23.9994,2011,3,11,14,4,0,1,1,89
4,0,0,1,24.6,31.06,46,26.0027,2011,10,16,16,6,1,2,1,466
1,0,1,1,13.94,16.665,53,12.998,2011,2,17,0,3,0,1,1,17
3,0,0,1,31.16,33.335,37,19.0012,2012,8,18,14,5,1,3,0,598
1,0,1,1,8.2,9.09,51,26.0027,2011,1,12,11,2,0,0,1,35
4,0,1,1,13.94,16.665,61,8.9981,2012,11,1,3,3,0,1,1,15
2,0,0,3,28.7,32.575,61,19.9995,2012,5,5,14,5,1,2,1,428
3,0,1,1,24.6,28.03,83,12.998,2011,8,15,3,0,0,2,2,7
4,0,0,1,13.12,16.665,81,8.9981,2011,12,4,10,6,1,1,2,216
4,0,0,1,10.66,12.12,60,19.0012,2011,11,5,7,5,1,1,1,34
1,0,1,2,7.38,9.09,93,12.998,2012,1,10,6,1,0,0,2,79
2,0,0,1,30.34,32.575,35,16.9979,2012,6,16,15,5,1,3,0,583
1,0,1,1,23.78,27.275,19,26.0027,2011,2,14,13,0,0,2,0,120
4,0,1,2,24.6,31.06,49,16.9979,2012,12,4,15,1,0,2,1,300
2,0,0,3,22.14,25.76,94,15.0013,2011,5,14,21,5,1,2,2,59
1,0,1,1,13.94,16.665,36,0.0,2012,2,9,16,3,0,1,0,238
1,0,1,2,16.4,20.455,87,6.0032,2012,3,16,10,4,0,1,2,180
2,0,0,1,24.6,28.79,78,16.9979,2012,5,5,20,5,1,2,2,309
4,0,0,1,19.68,23.485,88,0.0,2011,10,8,23,5,1,1,2,142
4,0,1,3,18.86,22.725,94,0.0,2011,11,16,9,2,0,1,2,82
4,0,1,2,13.12,16.665,66,7.0015,2012,11,16,0,4,0,1,1,65
2,0,1,1,25.42,29.545,78,16.9979,2012,5,1,10,1,0,2,2,174
2,0,1,1,24.6,29.545,69,12.998,2012,5,3,13,3,0,2,1,265
2,0,0,3,12.3,14.395,100,16.9979,2011,4,9,3,5,1,1,2,14
1,0,1,1,8.2,9.85,64,16.9979,2012,2,9,8,3,0,0,1,484
4,0,1,2,12.3,15.15,56,11.0014,2012,11,5,1,0,0,1,1,8
2,0,1,1,22.96,26.515,83,8.9981,2011,5,12,21,3,0,2,2,223
3,0,0,2,39.36,43.18,31,16.9979,2012,7,7,13,5,1,3,0,360
1,0,1,1,13.94,15.91,61,19.0012,2011,1,19,18,2,0,1,1,161
1,0,1,2,9.02,12.12,93,7.0015,2011,1,18,21,1,0,0,2,41
4,0,1,1,13.12,15.15,49,16.9979,2012,11,14,11,2,0,1,1,151
4,0,1,2,12.3,15.91,65,6.0032,2012,11,16,5,4,0,1,1,36
2,0,0,2,18.86,22.725,88,39.0007,2011,4,16,12,5,1,1,2,32
4,0,1,2,14.76,17.425,66,15.0013,2012,11,19,5,0,0,1,1,39
4,0,1,2,22.14,25.76,68,7.0015,2011,11,15,8,1,0,2,1,480
4,0,1,1,11.48,15.91,61,0.0,2012,11,14,22,2,0,1,1,173
2,0,1,2,13.94,16.665,53,11.0014,2012,4,13,5,4,0,1,1,21
3,0,0,2,19.68,23.485,67,15.0013,2011,9,17,9,5,1,1,1,177
4,0,0,1,18.04,21.97,88,0.0,2011,10,8,3,5,1,1,2,20
2,0,1,3,22.14,25.76,88,16.9979,2012,5,14,10,0,0,2,2,59
3,0,1,1,31.98,37.12,59,12.998,2012,7,17,23,1,0,3,1,161
2,0,1,1,30.34,34.85,66,8.9981,2011,6,1,22,2,0,3,1,129
1,0,1,1,13.12,16.665,39,6.0032,2011,3,8,20,1,0,1,0,76
4,0,0,1,13.12,14.395,31,26.0027,2011,12,10,16,5,1,1,0,241
2,0,0,2,22.14,25.76,64,8.9981,2012,5,13,3,6,1,2,1,28
2,0,0,2,27.06,31.06,31,12.998,2012,5,12,18,5,1,2,0,546
3,0,1,1,30.34,34.85,70,16.9979,2012,9,4,20,1,0,3,1,385
3,0,1,1,27.88,31.82,74,12.998,2011,7,11,6,0,0,2,2,121
1,0,0,1,14.76,16.665,81,19.0012,2011,1,1,11,5,1,1,2,56
2,0,1,1,15.58,19.695,62,7.0015,2011,5,6,2,4,0,1,1,16
4,0,1,2,18.04,21.97,100,15.0013,2011,11,16,4,2,0,1,2,4
1,0,1,1,8.2,9.09,47,23.9994,2011,1,12,17,2,0,0,1,139
2,0,0,1,27.06,31.06,44,19.0012,2012,4,15,13,6,1,2,1,681
1,1,0,2,5.74,6.82,59,12.998,2012,1,16,10,0,0,0,1,126
3,0,1,1,26.24,31.06,57,11.0014,2011,8,11,4,3,0,2,1,5
2,0,1,1,22.14,25.76,73,11.0014,2012,6,6,21,2,0,2,2,298
2,0,1,1,17.22,21.21,58,11.0014,2011,4,14,8,3,0,1,1,337
1,0,1,2,13.94,15.15,53,19.9995,2011,3,4,18,4,0,1,1,187
3,0,1,1,31.98,37.12,62,0.0,2011,7,7,10,3,0,3,1,101
2,0,1,2,27.06,31.06,61,15.0013,2012,6,14,12,3,0,2,1,265
1,0,1,1,13.94,15.15,57,19.9995,2012,2,15,10,2,0,1,1,120
4,0,0,1,9.02,13.635,64,0.0,2011,12,18,21,6,1,0,1,89
2,0,1,3,25.42,29.545,73,16.9979,2012,5,8,15,1,0,2,2,134
2,0,1,2,17.22,21.21,77,8.9981,2012,4,18,19,2,0,1,2,368
1,0,0,2,10.66,12.12,81,19.0012,2012,2,11,13,5,1,1,2,235
3,0,0,2,25.42,29.545,78,12.998,2011,9,11,2,6,1,2,2,76
4,0,1,3,13.12,15.15,66,22.0028,2011,11,17,11,3,0,1,1,97
4,0,0,2,13.12,16.665,61,6.0032,2011,12,3,22,5,1,1,1,114
1,0,0,1,11.48,14.395,61,8.9981,2011,2,6,19,6,1,1,1,21
2,0,1,3,26.24,30.305,73,8.9981,2012,5,15,20,1,0,2,2,263
3,0,1,1,29.52,34.85,74,12.998,2011,7,6,0,2,0,2,2,37
3,0,1,3,26.24,28.03,94,23.9994,2011,9,8,18,3,0,2,2,68
2,0,1,1,18.86,22.725,24,19.0012,2012,4,6,20,4,0,1,0,252
4,0,1,1,17.22,21.21,82,7.0015,2012,10,1,4,0,0,1,2,10
4,0,1,1,12.3,16.665,75,0.0,2011,11,2,3,2,0,1,2,2
1,0,0,1,12.3,13.635,28,22.0028,2011,2,12,11,5,1,1,0,114
2,0,0,1,26.24,31.06,50,0.0,2012,5,19,21,5,1,2,1,259
3,0,0,1,36.08,39.395,37,19.9995,2012,8,4,17,5,1,3,0,492
4,0,1,1,11.48,13.635,65,15.0013,2011,12,8,2,3,0,1,1,4
2,0,1,1,26.24,31.06,36,31.0009,2011,4,4,12,0,0,2,0,157
2,0,1,2,16.4,20.455,82,8.9981,2012,4,19,7,3,0,1,2,406
4,0,1,2,10.66,12.88,56,12.998,2012,12,13,4,3,0,1,1,8
3,0,1,1,35.26,38.635,39,16.9979,2012,8,9,16,3,0,3,0,417
3,1,0,1,26.24,28.79,89,11.0014,2011,7,4,6,0,0,2,2,16
3,0,1,1,30.34,32.575,37,16.9979,2011,8,11,10,3,0,3,0,132
3,0,1,1,34.44,36.365,28,19.9995,2012,7,2,11,0,0,3,0,201
4,0,1,1,14.76,18.18,81,6.0032,2012,10,12,7,4,0,1,2,392
3,0,0,2,26.24,30.305,73,7.0015,2011,9,3,0,5,1,2,2,87
4,0,1,1,9.84,11.365,65,15.0013,2012,11,14,3,2,0,0,1,5
1,0,1,1,10.66,10.605,33,36.9974,2012,1,13,14,4,0,1,0,129
3,0,0,2,28.7,32.575,65,11.0014,2011,8,13,8,5,1,2,1,118
1,0,0,1,18.04,21.97,38,27.9993,2011,3,19,10,5,1,1,0,140
1,0,1,1,14.76,17.425,40,12.998,2012,2,17,23,4,0,1,0,82
4,0,1,1,24.6,29.545,73,19.0012,2012,10,5,22,4,0,2,2,264
1,0,0,1,14.76,17.425,66,8.9981,2012,1,1,1,6,1,1,1,93
4,0,0,1,21.32,25.0,77,7.0015,2011,10,8,20,5,1,2,2,202
4,0,1,1,16.4,20.455,40,15.0013,2011,12,1,15,3,0,1,0,154
2,0,1,1,23.78,27.275,40,23.9994,2011,5,6,17,4,0,2,0,553
1,0,0,2,12.3,13.635,52,19.9995,2012,3,4,6,6,1,1,1,5
4,0,1,1,14.76,16.665,40,16.9979,2012,12,13,12,3,0,1,0,282
2,0,1,3,21.32,25.0,94,16.9979,2011,5,17,6,1,0,2,2,49
1,0,1,2,8.2,9.85,69,15.0013,2011,1,7,1,4,0,0,1,7
4,0,1,3,20.5,24.24,100,12.998,2011,12,6,15,1,0,2,2,45
1,0,1,1,12.3,14.395,70,12.998,2011,3,4,22,4,0,1,1,44
1,0,0,1,16.4,20.455,17,27.9993,2011,2,19,6,5,1,1,0,6
2,0,0,1,26.24,31.06,47,0.0,2012,5,19,22,5,1,2,1,338
2,0,1,2,22.14,25.76,68,8.9981,2011,4,12,5,1,0,2,1,16
1,0,1,1,21.32,25.0,42,16.9979,2011,3,17,15,3,0,2,1,125
1,0,0,3,8.2,12.88,100,0.0,2011,2,5,6,5,1,0,2,4
1,0,1,1,22.14,25.76,73,19.0012,2012,3,13,11,1,0,2,2,219
3,0,1,1,36.08,40.91,44,12.998,2011,7,19,15,1,0,3,1,158
4,0,1,1,18.04,21.97,51,8.9981,2012,10,11,19,3,0,1,1,743
3,0,0,1,22.14,25.76,77,19.0012,2012,9,9,2,6,1,2,2,96
3,0,1,1,28.7,33.335,79,8.9981,2012,8,9,1,3,0,2,2,28
1,0,0,2,17.22,21.21,94,6.0032,2012,3,17,5,5,1,1,2,8
3,0,1,1,22.14,25.76,77,6.0032,2012,9,17,8,0,0,2,2,683
3,0,1,3,25.42,27.275,94,8.9981,2011,9,8,8,3,0,2,2,195
4,0,0,2,13.12,16.665,81,6.0032,2012,12,1,12,5,1,1,2,446
4,0,1,1,10.66,11.365,44,22.0028,2011,11,18,1,4,0,1,1,10
4,0,0,1,20.5,24.24,31,23.9994,2011,11,13,20,6,1,2,0,139
4,0,1,3,22.14,25.76,94,15.0013,2011,10,12,17,2,0,2,2,251
4,0,1,1,14.76,17.425,50,15.0013,2012,12,14,13,4,0,1,1,313
3,0,0,1,27.88,31.82,79,0.0,2012,9,1,6,5,1,2,2,36
4,0,0,1,18.04,21.97,86,0.0,2011,10,9,7,6,1,1,2,44
4,0,0,1,8.2,11.365,69,7.0015,2011,12,18,1,6,1,0,1,46
3,0,1,1,33.62,37.88,46,12.998,2011,7,13,10,2,0,3,1,113
1,0,1,1,21.32,25.0,68,8.9981,2012,3,15,22,3,0,2,1,169
2,0,1,1,15.58,19.695,62,15.0013,2011,5,4,22,2,0,1,1,89
3,0,1,1,28.7,32.575,65,12.998,2011,8,17,22,2,0,2,1,171
2,0,0,2,22.14,25.76,68,12.998,2012,5,13,4,6,1,2,1,9
3,0,1,3,31.16,34.85,55,8.9981,2011,8,3,12,2,0,3,1,161
4,0,0,1,22.14,25.76,45,11.0014,2012,11,11,17,6,1,2,1,493
4,0,1,2,25.42,31.06,43,8.9981,2012,10,1,15,0,0,2,1,329
2,0,0,1,11.48,13.635,65,12.998,2011,4,3,6,6,1,1,1,33
4,0,1,1,22.96,26.515,73,23.9994,2011,10,14,13,4,0,2,2,132
2,0,1,1,22.96,26.515,83,0.0,2012,5,16,7,2,0,2,2,440
3,0,0,1,29.52,34.09,62,6.0032,2012,8,11,10,5,1,2,1,407
4,0,1,1,14.76,16.665,40,16.9979,2012,11,5,13,0,0,1,0,222
3,0,1,1,29.52,34.09,70,19.0012,2012,8,10,23,4,0,2,1,192
4,0,1,1,13.12,15.15,53,16.9979,2012,11,16,22,4,0,1,1,162
4,1,0,1,21.32,25.0,77,16.9979,2012,11,12,22,0,0,2,2,112
4,0,1,1,17.22,21.21,58,6.0032,2012,10,11,23,3,0,1,1,186
1,0,1,2,8.2,11.365,64,6.0032,2012,1,9,5,0,0,0,1,21
1,0,1,2,11.48,13.635,93,11.0014,2012,2,17,5,4,0,1,2,16
2,0,1,2,20.5,24.24,82,19.0012,2011,4,12,14,1,0,2,2,44
4,0,1,2,26.24,28.79,89,12.998,2012,10,4,9,3,0,2,2,359
3,0,0,1,27.88,31.82,79,15.0013,2011,7,3,8,6,1,2,2,92
4,0,1,1,13.94,16.665,57,11.0014,2012,12,14,17,4,0,1,1,622
1,0,0,2,14.76,17.425,43,8.9981,2012,3,4,3,6,1,1,1,26
1,0,1,2,16.4,20.455,76,11.0014,2011,3,16,16,2,0,1,2,151
4,0,0,1,10.66,12.88,48,15.0013,2011,12,17,17,5,1,1,1,165
2,0,1,2,19.68,23.485,77,26.0027,2011,4,12,16,1,0,1,2,99
2,1,0,1,31.16,33.335,35,26.0027,2012,4,16,19,0,0,3,0,522
2,0,1,2,25.42,30.305,65,12.998,2011,6,16,9,3,0,2,1,261
1,0,0,2,17.22,21.21,77,23.9994,2011,3,6,0,6,1,1,2,52
2,0,0,2,27.88,31.82,65,26.0027,2012,5,5,16,5,1,2,1,540
2,0,1,1,18.04,21.97,35,11.0014,2012,4,2,23,0,0,1,0,66
4,0,1,1,10.66,12.12,52,16.9979,2011,11,17,22,3,0,1,1,84
2,0,1,1,14.76,16.665,50,26.0027,2012,4,6,2,4,0,1,1,11
2,0,1,1,31.16,35.605,58,7.0015,2012,6,19,14,1,0,3,1,227
4,0,0,1,16.4,20.455,76,7.0015,2011,10,15,7,5,1,1,2,57
3,0,0,1,27.06,29.545,89,0.0,2012,9,2,1,6,1,2,2,73
4,0,1,1,10.66,12.12,65,16.9979,2011,12,19,11,0,0,1,1,127
2,0,1,2,25.42,30.305,65,16.9979,2012,5,9,10,2,0,2,1,153
4,0,1,2,25.42,31.06,46,16.9979,2012,10,1,16,0,0,2,1,459
4,0,0,2,14.76,17.425,66,12.998,2011,11,13,1,6,1,1,1,71
1,0,1,1,22.96,26.515,60,6.0032,2012,3,13,22,1,0,2,1,170
4,0,0,1,8.2,10.605,59,8.9981,2011,12,18,6,6,1,0,1,3
4,0,1,1,6.56,11.365,80,0.0,2011,12,12,5,0,0,0,2,21
2,0,1,1,24.6,28.03,83,8.9981,2012,6,13,4,2,0,2,2,10
2,0,1,2,22.14,25.76,88,6.0032,2011,5,19,9,3,0,2,2,216
1,0,1,2,13.94,16.665,0,8.9981,2011,3,10,22,3,0,1,0,34
1,0,1,2,15.58,19.695,46,19.9995,2011,3,15,14,1,0,1,1,88
3,1,0,2,27.88,31.82,69,19.0012,2011,9,5,4,0,0,2,1,8
2,0,1,3,22.96,26.515,60,11.0014,2012,6,4,1,0,0,2,1,14
1,0,1,1,8.2,10.605,80,8.9981,2012,1,11,5,2,0,0,2,22
2,0,1,1,27.06,31.06,61,12.998,2012,5,3,15,3,0,2,1,283
4,0,1,1,13.94,16.665,76,8.9981,2011,11,3,2,3,0,1,2,7
2,0,0,2,25.42,30.305,65,8.9981,2012,5,6,17,6,1,2,1,511
4,0,0,1,17.22,21.21,62,8.9981,2011,12,4,14,6,1,1,1,323
3,0,0,1,32.8,37.88,55,7.0015,2012,7,14,14,5,1,3,1,632
4,0,1,2,16.4,20.455,94,6.0032,2012,12,17,18,0,0,1,2,507
4,0,0,1,9.02,11.365,75,8.9981,2011,12,3,4,5,1,0,2,8
3,0,1,1,35.26,39.395,41,0.0,2011,7,7,13,3,0,3,1,155
1,0,1,1,24.6,29.545,15,32.9975,2011,2,14,14,0,0,2,0,90
4,0,0,1,14.76,18.94,77,0.0,2012,11,11,9,6,1,1,2,273
2,0,1,1,26.24,31.06,50,23.9994,2011,6,14,19,1,0,2,1,386
4,0,0,1,24.6,31.06,35,19.9995,2011,10,16,13,6,1,2,0,438
4,0,0,1,26.24,31.06,44,6.0032,2011,10,8,16,5,1,2,1,451
3,0,1,2,36.9,38.635,24,12.998,2012,7,3,16,1,0,3,0,527
4,0,0,3,16.4,20.455,94,7.0015,2012,12,9,6,6,1,1,2,6
1,0,1,2,9.84,12.88,93,7.0015,2011,1,19,9,2,0,0,2,109
2,0,1,2,19.68,23.485,88,7.0015,2012,5,3,9,3,0,1,2,304
4,0,1,1,11.48,13.635,61,15.0013,2012,12,12,1,2,0,1,1,21
4,0,1,1,13.94,16.665,81,8.9981,2011,11,3,3,3,0,1,2,5
2,0,1,1,25.42,31.06,50,7.0015,2011,4,5,0,1,0,2,1,22
4,0,0,2,13.12,16.665,57,7.0015,2012,11,17,22,5,1,1,1,145
3,0,1,1,27.06,31.06,74,7.0015,2012,8,15,3,2,0,2,2,11
1,0,1,1,7.38,10.605,80,7.0015,2012,2,6,4,0,0,0,2,2
4,0,0,1,10.66,15.15,81,0.0,2011,12,4,2,6,1,1,2,62
3,0,1,1,31.16,34.85,55,0.0,2011,7,13,1,2,0,3,1,12
1,0,1,1,10.66,10.605,33,35.0008,2012,1,13,13,4,0,1,0,154
3,0,0,1,30.34,34.09,55,15.0013,2011,9,10,17,5,1,3,1,460
3,0,1,1,26.24,30.305,69,7.0015,2011,8,16,0,1,0,2,1,31
2,0,1,1,22.14,25.76,39,30.0026,2012,5,10,13,3,0,2,0,318
2,0,1,1,12.3,14.395,49,19.0012,2012,4,6,7,4,0,1,1,246
4,0,1,1,13.12,15.15,49,16.9979,2012,11,5,20,0,0,1,1,241
2,0,1,3,22.96,26.515,88,8.9981,2011,5,18,20,2,0,2,2,213
4,0,1,1,12.3,16.665,81,0.0,2011,12,9,20,4,0,1,2,150
4,0,1,1,12.3,13.635,49,23.9994,2011,12,8,13,3,0,1,1,124
2,0,1,1,17.22,21.21,67,12.998,2011,4,13,22,2,0,1,1,99
4,0,1,1,21.32,25.0,68,15.0013,2011,10,4,20,1,0,2,1,261
1,0,0,1,18.86,22.725,38,26.0027,2011,3,13,13,6,1,1,0,221
3,0,1,1,35.26,37.88,36,16.9979,2011,7,7,17,3,0,3,0,569
3,0,1,2,24.6,29.545,73,7.0015,2011,7,15,6,4,0,2,2,120
2,0,1,1,24.6,31.06,56,19.9995,2011,6,14,21,1,0,2,1,243
1,0,1,1,8.2,9.85,69,16.9979,2012,2,9,7,3,0,0,1,267
3,0,0,1,31.16,33.335,37,16.9979,2012,8,18,16,5,1,3,0,641
2,0,1,2,23.78,27.275,83,7.0015,2012,5,2,10,2,0,2,2,175
1,0,1,1,12.3,12.12,42,51.9987,2011,2,15,1,1,0,1,1,5
2,0,1,2,26.24,28.79,83,15.0013,2012,6,1,9,4,0,2,2,298
2,0,1,1,25.42,31.06,41,12.998,2012,5,18,12,4,0,2,1,360
1,0,1,2,6.56,11.365,69,0.0,2011,2,1,2,1,0,0,1,2
4,0,1,2,21.32,25.0,48,11.0014,2012,10,17,12,2,0,2,1,332
1,0,1,1,18.86,22.725,63,27.9993,2012,1,17,19,1,0,1,1,308
2,0,1,1,24.6,31.06,40,23.9994,2012,6,4,20,0,0,2,0,461
1,0,0,1,15.58,19.695,17,39.0007,2011,2,19,8,5,1,1,0,45
3,0,1,1,33.62,37.12,43,7.0015,2011,8,8,19,0,0,3,1,416
3,0,1,2,23.78,27.275,64,11.0014,2011,9,19,11,0,0,2,1,139
3,0,1,1,26.24,30.305,69,12.998,2012,8,16,2,3,0,2,1,15
3,0,1,2,28.7,32.575,54,0.0,2012,7,13,8,4,0,2,1,713
1,0,1,3,6.56,11.365,93,0.0,2011,2,1,8,1,0,0,2,135
4,0,0,2,13.12,15.91,49,12.998,2012,11,3,6,5,1,1,1,21
2,0,1,1,25.42,30.305,17,12.998,2012,4,3,17,1,0,2,0,757
3,1,0,1,29.52,34.09,76,7.0015,2012,9,3,20,0,0,2,2,261
2,0,1,1,21.32,25.0,83,19.0012,2011,5,16,7,0,0,2,2,272
3,0,0,3,27.88,31.82,83,8.9981,2012,9,2,22,6,1,2,2,166
3,0,0,1,26.24,30.305,73,7.0015,2011,8,13,5,5,1,2,2,18
1,1,0,3,10.66,11.365,70,19.9995,2012,1,16,23,0,0,1,1,28
4,0,1,1,20.5,24.24,72,12.998,2011,10,6,0,3,0,2,2,40
4,0,1,2,20.5,24.24,45,19.0012,2011,10,17,9,0,0,2,1,206
2,0,1,1,18.86,22.725,88,7.0015,2012,6,7,6,3,0,1,2,170
1,0,1,3,13.94,17.425,100,7.0015,2011,3,11,2,4,0,1,2,5
3,0,1,2,20.5,24.24,63,0.0,2011,9,16,21,4,0,2,1,163
1,0,1,1,9.84,11.365,60,15.0013,2012,1,9,0,0,0,0,1,15
2,0,1,2,24.6,28.79,78,7.0015,2012,6,19,6,1,0,2,2,161
1,1,0,1,10.66,11.365,35,26.0027,2012,1,2,17,0,0,1,0,153
1,0,1,3,12.3,14.395,75,16.9979,2012,1,17,6,1,0,1,2,57
3,0,1,1,33.62,37.88,46,7.0015,2011,7,5,17,1,0,3,1,545
4,0,1,3,17.22,21.21,94,15.0013,2011,12,7,15,2,0,1,2,30
4,0,0,2,16.4,20.455,82,22.0028,2011,10,1,13,5,1,1,2,125
4,0,1,1,20.5,24.24,77,0.0,2012,10,19,21,4,0,2,2,206
2,0,0,2,32.8,36.365,46,12.998,2011,6,11,16,5,1,3,1,394
2,0,0,1,17.22,21.21,28,16.9979,2012,4,7,10,5,1,1,0,363
4,0,1,2,12.3,15.15,70,11.0014,2012,11,16,2,4,0,1,1,9
2,0,1,1,26.24,31.06,31,23.9994,2011,4,18,18,0,0,2,0,362
1,0,1,1,11.48,13.635,45,16.9979,2011,3,1,11,1,0,1,1,56
1,0,0,1,20.5,24.24,23,22.0028,2012,3,3,17,5,1,2,0,385
3,0,0,1,22.14,25.76,73,15.0013,2012,9,9,3,6,1,2,2,46
1,0,0,2,12.3,15.91,70,6.0032,2012,2,4,12,5,1,1,1,300
3,0,1,2,32.8,39.395,63,15.0013,2012,8,3,19,4,0,3,1,469
3,0,0,1,29.52,34.09,62,11.0014,2011,7,9,22,5,1,2,1,214
4,0,1,1,13.12,17.425,87,0.0,2011,11,8,3,1,0,1,2,3
4,0,1,2,18.86,22.725,88,0.0,2012,10,10,2,2,0,1,2,8
3,0,1,2,27.88,31.82,61,7.0015,2012,9,14,11,4,0,2,1,280
4,0,0,2,14.76,15.91,46,31.0009,2012,11,3,12,5,1,1,1,394
2,0,1,1,22.14,25.76,56,19.9995,2011,6,14,6,1,0,2,1,113
2,0,1,1,18.86,22.725,47,11.0014,2012,4,10,10,1,0,1,1,181
2,0,1,1,22.14,25.76,37,12.998,2012,5,11,23,4,0,2,0,180
3,0,0,1,29.52,34.09,66,0.0,2011,7,10,8,6,1,2,1,92
1,0,1,1,18.86,22.725,88,6.0032,2012,3,19,3,0,0,1,2,2
1,0,0,2,13.12,15.15,66,15.0013,2012,2,4,15,5,1,1,1,305
4,0,1,1,18.86,22.725,63,7.0015,2011,11,1,11,1,0,1,1,117
4,0,1,1,15.58,19.695,27,23.9994,2012,11,8,19,3,0,1,0,373
2,0,0,1,21.32,25.0,68,11.0014,2012,5,13,6,6,1,2,1,21
4,0,0,2,14.76,16.665,46,22.0028,2012,11,3,16,5,1,1,1,400
1,0,0,1,14.76,16.665,43,19.0012,2012,3,11,11,6,1,1,1,299
2,0,1,1,26.24,31.06,44,16.9979,2011,6,13,20,0,0,2,1,331
1,0,0,2,18.04,21.97,88,0.0,2012,3,17,3,5,1,1,2,26
2,0,1,1,24.6,29.545,73,15.0013,2011,5,18,18,2,0,2,2,489
4,0,1,1,8.2,11.365,69,7.0015,2011,12,13,8,1,0,0,1,400
4,0,1,2,9.84,12.88,60,7.0015,2012,12,6,20,3,0,0,1,227
3,0,1,1,30.34,34.85,66,11.0014,2011,7,5,23,1,0,3,1,73
2,0,0,3,21.32,25.0,83,11.0014,2012,5,6,4,6,1,2,2,16
3,0,1,3,31.16,34.85,55,16.9979,2011,8,18,18,3,0,3,1,274
2,0,1,2,21.32,25.0,55,7.0015,2011,4,18,10,0,0,2,1,109
4,0,1,2,22.96,26.515,83,12.998,2011,10,11,22,1,0,2,2,147
3,0,1,3,28.7,33.335,84,0.0,2011,8,3,18,2,0,2,2,492
3,0,1,1,37.72,41.665,33,16.9979,2012,7,5,16,3,0,3,0,433
2,0,0,2,26.24,31.06,27,23.9994,2012,4,14,15,5,1,2,0,658
1,0,1,1,9.02,9.85,37,27.9993,2011,2,8,14,1,0,0,0,64
4,0,1,2,24.6,29.545,73,26.0027,2012,10,15,10,0,0,2,2,168
4,0,1,1,22.14,25.76,64,19.0012,2011,10,4,11,1,0,2,1,124
3,0,1,1,27.06,31.06,50,11.0014,2011,8,11,23,3,0,2,1,127
2,0,0,1,26.24,31.06,36,12.998,2012,5,12,13,5,1,2,0,659
3,0,1,2,22.14,25.76,88,26.0027,2011,9,6,18,1,0,2,2,373
1,0,1,2,14.76,17.425,57,8.9981,2011,2,7,16,0,0,1,1,114
4,0,1,2,14.76,16.665,62,19.0012,2011,12,15,9,3,0,1,1,280
2,0,0,1,33.62,35.605,28,19.0012,2012,6,10,19,6,1,3,0,375
1,0,0,3,9.02,13.635,100,0.0,2011,2,5,14,5,1,0,2,55
1,0,1,1,13.12,15.15,49,22.0028,2011,3,11,18,4,0,1,1,153
2,0,0,1,22.96,26.515,30,19.9995,2011,4,17,19,6,1,2,0,210
3,0,1,2,24.6,28.79,78,11.0014,2012,9,14,8,4,0,2,2,766
2,0,1,1,19.68,23.485,63,0.0,2011,5,10,0,1,0,1,1,18
4,0,1,1,20.5,24.24,59,19.0012,2012,12,5,5,2,0,2,1,49
1,0,1,1,13.94,15.91,46,15.0013,2011,3,14,20,0,0,1,1,129
3,0,0,1,30.34,34.09,58,11.0014,2011,7,9,21,5,1,3,1,238
1,0,1,1,16.4,20.455,40,22.0028,2012,2,7,12,1,0,1,0,172
3,0,1,2,30.34,33.335,48,0.0,2012,7,13,10,4,0,3,1,268
3,0,0,2,28.7,33.335,84,0.0,2012,9,2,9,6,1,2,2,232
4,0,1,3,18.86,22.725,94,15.0013,2012,12,10,11,0,0,1,2,134
4,0,1,1,10.66,15.15,81,0.0,2011,12,12,21,0,0,1,2,121
1,0,0,1,18.04,21.97,16,40.9973,2011,2,19,13,5,1,1,0,155
3,0,1,2,32.8,35.605,38,8.9981,2012,7,13,13,4,0,3,0,374
4,0,1,1,18.86,22.725,59,19.0012,2011,11,14,0,0,0,1,1,30
4,0,0,2,16.4,20.455,94,7.0015,2012,12,9,4,6,1,1,2,12
4,0,1,2,14.76,17.425,66,8.9981,2012,12,7,13,4,0,1,1,220
1,0,1,1,4.1,6.82,49,7.0015,2011,2,11,0,4,0,0,1,14
4,0,1,1,13.12,17.425,87,0.0,2011,11,2,0,2,0,1,2,19
2,0,1,1,16.4,20.455,43,0.0,2012,4,6,0,4,0,1,1,61
2,0,1,2,24.6,29.545,69,12.998,2012,6,18,15,0,0,2,1,237
2,0,1,1,24.6,30.305,23,19.0012,2012,4,17,20,1,0,2,0,402
2,0,1,1,14.76,17.425,46,12.998,2012,4,13,1,4,0,1,1,30
4,0,1,1,22.96,26.515,63,0.0,2011,10,7,11,4,0,2,1,230
2,0,0,1,28.7,31.82,39,19.0012,2012,4,15,14,6,1,2,0,628
3,0,1,1,24.6,30.305,64,6.0032,2012,9,13,9,3,0,2,1,338
1,0,1,1,20.5,24.24,25,0.0,2011,3,2,13,2,0,2,0,125
4,0,1,1,11.48,13.635,48,11.0014,2011,11,18,21,4,0,1,1,111
4,0,0,1,11.48,13.635,48,16.9979,2011,12,18,16,6,1,1,1,234
4,0,1,2,14.76,17.425,62,11.0014,2011,12,14,18,2,0,1,1,390
1,0,0,1,9.02,13.635,80,0.0,2011,1,1,6,5,1,0,2,2
3,0,1,1,33.62,38.635,49,23.9994,2011,7,18,18,0,0,3,1,558
1,0,0,1,7.38,8.335,40,19.9995,2012,1,15,12,6,1,0,0,234
3,0,1,2,35.26,37.88,36,15.0013,2011,8,2,19,1,0,3,0,454
2,0,1,1,23.78,27.275,49,26.0027,2011,6,14,8,1,0,2,1,486
3,0,1,1,28.7,32.575,70,8.9981,2011,9,14,10,2,0,2,1,142
4,0,1,1,22.96,26.515,60,19.9995,2011,11,15,1,1,0,2,1,10
4,0,1,2,12.3,14.395,56,19.0012,2012,11,7,0,2,0,1,1,283
2,0,1,1,24.6,28.79,78,8.9981,2012,5,17,0,3,0,2,2,79
1,0,0,1,9.02,10.605,44,16.9979,2012,3,10,7,5,1,0,1,40
1,0,0,2,14.76,17.425,93,8.9981,2012,3,3,7,5,1,1,2,16
1,0,1,1,14.76,18.18,40,7.0015,2011,3,14,18,0,0,1,0,235
1,0,1,1,9.84,9.85,56,32.9975,2011,2,8,8,1,0,0,1,243
3,0,0,1,27.06,31.06,69,7.0015,2011,9,10,20,5,1,2,1,245
4,0,1,1,27.06,31.06,41,0.0,2011,10,7,15,4,0,2,1,270
1,0,1,1,13.12,17.425,39,0.0,2011,3,1,13,1,0,1,0,78
4,0,0,1,11.48,14.395,81,8.9981,2012,11,18,5,6,1,1,2,12
1,0,1,1,6.56,9.09,86,7.0015,2012,2,6,6,0,0,0,2,72
4,0,1,2,22.14,25.76,88,12.998,2012,10,2,3,1,0,2,2,5
1,0,0,2,18.04,21.97,94,6.0032,2012,3,17,0,5,1,1,2,100
1,0,1,1,12.3,15.91,52,6.0032,2012,2,9,21,3,0,1,1,177
3,0,1,1,27.06,31.06,50,12.998,2012,9,12,11,2,0,2,1,232
4,0,1,1,13.94,16.665,76,12.998,2011,11,3,6,3,0,1,2,99
3,0,0,1,38.54,43.94,38,12.998,2012,7,7,11,5,1,3,0,367
1,0,0,1,22.96,26.515,64,6.0032,2012,3,18,17,6,1,2,1,541
2,0,1,2,28.7,33.335,84,0.0,2011,6,9,5,3,0,2,2,20
4,0,1,1,22.96,26.515,64,19.9995,2011,11,15,4,1,0,2,1,7
2,0,1,2,25.42,29.545,73,8.9981,2012,6,18,20,0,0,2,2,362
3,0,1,1,31.16,33.335,33,22.0028,2011,7,14,13,3,0,3,0,177
1,0,1,1,18.04,21.97,67,12.998,2012,1,12,18,3,0,1,1,421
2,0,1,1,13.12,15.91,57,11.0014,2012,4,13,6,4,0,1,1,84
3,0,0,2,26.24,30.305,73,8.9981,2012,8,12,0,6,1,2,2,120
2,0,1,1,14.76,18.18,81,6.0032,2011,5,6,6,4,0,1,2,82
1,0,1,1,8.2,9.09,75,19.0012,2012,2,9,5,3,0,0,2,18
1,0,0,1,13.94,18.18,46,0.0,2011,2,6,17,6,1,1,1,121
3,0,1,2,31.98,37.88,66,19.0012,2011,7,8,13,4,0,3,1,229
1,0,1,3,16.4,20.455,54,11.0014,2012,2,1,6,2,0,1,1,67
1,0,1,3,13.12,17.425,76,0.0,2012,1,11,13,2,0,1,2,65
2,0,1,1,22.96,26.515,88,12.998,2012,5,4,5,4,0,2,2,24
2,0,1,3,19.68,23.485,82,12.998,2012,5,9,23,2,0,1,2,55
2,0,0,1,18.04,21.97,72,6.0032,2012,5,19,6,5,1,1,2,50
3,1,0,1,27.06,31.06,69,0.0,2012,7,4,6,2,0,2,1,32
1,0,1,1,24.6,31.06,31,15.0013,2011,2,17,14,3,0,2,0,81
2,0,1,1,18.86,22.725,41,19.0012,2011,4,6,21,2,0,1,1,102
1,0,0,2,7.38,10.605,55,6.0032,2011,1,8,1,5,1,0,1,16
2,0,0,1,31.16,34.09,48,11.0014,2012,6,10,20,6,1,3,1,363
3,0,0,1,27.06,31.06,65,15.0013,2011,7,17,0,6,1,2,1,125
2,0,1,1,23.78,27.275,49,19.0012,2011,4,18,17,0,0,2,1,428
4,0,0,3,13.94,15.91,87,19.0012,2011,10,2,3,6,1,1,2,9
2,0,1,3,25.42,30.305,69,19.0012,2012,5,14,16,0,0,2,1,111
3,0,1,2,28.7,32.575,70,7.0015,2011,9,14,19,2,0,2,1,381
3,0,1,1,32.8,36.365,43,7.0015,2011,7,5,12,1,0,3,1,201
2,0,0,1,24.6,31.06,46,6.0032,2011,5,8,12,6,1,2,1,382
1,0,1,1,8.2,11.365,51,6.0032,2012,1,5,2,3,0,0,1,4
1,0,1,2,10.66,13.635,93,7.0015,2011,2,8,2,1,0,1,2,2
2,0,1,3,18.04,21.97,82,7.0015,2012,4,2,0,0,0,1,2,17
1,0,1,1,13.94,16.665,46,8.9981,2012,2,3,12,4,0,1,1,216
2,0,1,1,13.94,15.91,66,16.9979,2011,5,5,4,3,0,1,1,7
4,0,0,2,18.04,21.97,67,7.0015,2012,12,2,16,6,1,1,1,443
3,0,1,1,30.34,33.335,45,0.0,2012,7,13,22,4,0,3,1,263
3,0,0,3,26.24,28.79,89,15.0013,2011,8,14,2,6,1,2,2,62
3,0,1,1,27.06,31.06,54,8.9981,2011,8,11,7,3,0,2,1,307
4,0,1,1,10.66,14.395,75,6.0032,2012,12,19,5,2,0,1,2,31
1,0,1,2,10.66,15.15,52,0.0,2012,2,14,3,1,0,1,1,3
3,0,1,1,28.7,32.575,51,12.998,2011,7,15,14,4,0,2,1,265
1,0,1,1,8.2,9.09,75,26.0027,2011,3,7,8,0,0,0,2,211
1,0,0,1,7.38,7.575,37,26.0027,2011,1,9,17,6,1,0,0,62
3,0,1,1,20.5,24.24,63,6.0032,2012,9,19,22,2,0,2,1,229
4,0,1,1,9.02,13.635,80,0.0,2011,12,9,4,4,0,0,2,2
1,0,0,1,16.4,20.455,35,22.0028,2011,2,13,20,6,1,1,0,47
4,0,0,2,16.4,20.455,87,7.0015,2012,12,9,5,6,1,1,2,8
1,0,1,2,8.2,9.85,34,16.9979,2011,2,9,17,2,0,0,0,166
1,0,1,1,8.2,12.88,47,0.0,2011,1,14,18,4,0,0,1,139
3,0,1,1,24.6,28.03,83,8.9981,2011,8,15,4,0,0,2,2,5
4,0,1,3,13.94,15.15,71,22.0028,2012,12,11,5,1,0,1,2,41
1,0,1,3,14.76,16.665,0,22.0028,2011,3,10,20,3,0,1,0,38
3,0,1,1,26.24,30.305,69,19.9995,2011,8,16,4,1,0,2,1,5
1,0,1,1,10.66,12.12,81,19.0012,2011,3,11,6,4,0,1,2,32
2,0,1,1,29.52,32.575,28,32.9975,2011,6,2,10,3,0,2,0,139
4,0,1,1,30.34,32.575,37,15.0013,2012,10,5,14,4,0,3,0,400
2,0,1,3,20.5,24.24,77,23.9994,2012,5,9,19,2,0,2,2,98
3,0,0,3,30.34,34.85,70,6.0032,2012,7,8,22,6,1,3,1,122
2,0,1,1,19.68,23.485,77,19.9995,2012,6,5,7,1,0,1,2,569
4,0,1,1,16.4,20.455,76,7.0015,2011,11,9,10,2,0,1,2,105
2,0,1,2,22.96,26.515,56,12.998,2012,6,5,11,1,0,2,1,227
3,0,1,1,33.62,39.395,56,7.0015,2012,9,5,14,2,0,3,1,211
2,0,1,2,24.6,28.79,78,11.0014,2012,6,19,0,1,0,2,2,35
1,0,1,3,13.94,15.91,87,15.0013,2012,1,11,17,2,0,1,2,134
3,0,1,1,22.14,25.76,68,7.0015,2012,9,11,23,1,0,2,1,109
2,0,0,1,22.14,25.76,56,15.0013,2012,4,15,9,6,1,2,1,251
4,0,0,2,14.76,17.425,62,12.998,2011,11,19,21,5,1,1,1,108
1,0,1,2,7.38,10.605,51,6.0032,2011,1,11,8,1,0,0,1,217
3,0,1,1,30.34,32.575,33,7.0015,2011,8,12,10,4,0,3,0,130
1,0,0,3,10.66,12.88,81,12.998,2012,2,5,5,6,1,1,2,4
3,0,1,1,32.8,34.85,33,7.0015,2012,8,13,14,0,0,3,0,248
3,0,1,1,27.06,31.06,74,8.9981,2011,8,15,20,0,0,2,2,285
2,0,1,1,20.5,24.24,55,15.0013,2011,4,19,0,1,0,2,1,25
2,0,1,2,18.86,22.725,41,32.9975,2012,4,9,22,0,0,1,1,108
1,0,1,3,14.76,17.425,0,12.998,2011,3,10,5,3,0,1,0,3
3,0,1,1,25.42,29.545,73,22.0028,2011,8,16,6,1,0,2,2,119
3,0,1,1,31.16,34.85,52,12.998,2012,7,2,8,0,0,3,1,568
3,0,1,1,28.7,31.82,28,8.9981,2012,9,11,16,1,0,2,0,536
4,0,1,1,9.84,12.12,75,8.9981,2012,12,19,4,2,0,0,2,7
4,0,0,1,13.94,15.91,66,15.0013,2011,11,13,7,6,1,1,1,43
4,0,1,2,13.12,16.665,81,6.0032,2011,11,3,7,3,0,1,2,292
1,0,1,1,18.04,21.97,58,12.998,2011,3,17,19,3,0,1,1,207
1,0,1,2,10.66,13.635,48,8.9981,2012,2,10,10,4,0,1,1,124
4,0,1,1,18.86,22.725,82,15.0013,2012,10,18,1,3,0,1,2,14
4,0,0,1,20.5,24.24,63,26.0027,2011,10,1,0,5,1,2,1,130
4,0,1,1,16.4,20.455,40,12.998,2011,12,1,16,3,0,1,0,201
4,1,0,1,15.58,19.695,76,19.0012,2012,10,8,0,0,0,1,2,51
4,0,1,1,13.12,16.665,81,6.0032,2011,11,3,4,3,0,1,2,4
2,0,1,1,13.12,15.15,61,19.0012,2012,4,12,2,3,0,1,1,4
1,0,0,1,6.56,9.09,37,7.0015,2012,1,15,20,6,1,0,0,95
3,0,0,1,28.7,33.335,79,6.0032,2012,7,15,7,6,1,2,2,47
1,0,0,2,17.22,21.21,82,19.9995,2011,3,6,3,6,1,1,2,11
3,0,1,1,27.06,31.06,74,15.0013,2011,7,11,4,0,0,2,2,4
4,0,1,3,22.96,26.515,94,11.0014,2011,10,19,16,2,0,2,2,201
4,0,0,1,10.66,15.15,87,0.0,2011,12,4,7,6,1,1,2,26
3,0,1,1,25.42,29.545,73,15.0013,2011,7,15,0,4,0,2,2,80
2,0,1,1,27.06,31.06,39,15.0013,2011,6,2,5,3,0,2,0,31
1,0,1,1,10.66,11.365,33,22.0028,2011,1,5,12,2,0,1,0,79
4,0,1,2,10.66,12.88,56,11.0014,2012,12,13,5,3,0,1,1,33
2,0,1,1,22.96,26.515,94,7.0015,2011,6,17,3,4,0,2,2,6
3,0,1,2,29.52,34.09,70,7.0015,2012,7,19,5,3,0,2,1,40
4,0,0,1,22.96,26.515,73,7.0015,2011,10,9,20,6,1,2,2,193
4,0,0,2,19.68,23.485,67,19.0012,2012,10,14,9,6,1,1,1,223
1,0,1,1,9.84,12.12,52,11.0014,2012,1,9,3,0,0,0,1,3
2,0,0,1,16.4,20.455,66,8.9981,2011,4,17,3,6,1,1,1,25
4,0,1,2,9.02,11.365,64,12.998,2012,11,6,5,1,0,0,1,41
1,0,0,1,9.84,14.395,70,0.0,2012,2,18,7,5,1,0,1,41
1,0,0,3,15.58,19.695,87,6.0032,2012,3,3,9,5,1,1,2,94
4,0,1,2,16.4,20.455,76,12.998,2011,11,3,10,3,0,1,2,110
1,0,1,1,13.12,17.425,53,0.0,2011,3,15,0,1,0,1,1,14
2,0,0,1,28.7,31.82,32,11.0014,2011,6,4,12,5,1,2,0,420
4,0,1,1,15.58,19.695,40,19.0012,2012,11,5,15,0,0,1,0,231
3,0,1,1,31.16,35.605,62,22.0028,2011,8,4,17,3,0,3,1,555
2,0,0,1,22.14,25.76,49,0.0,2012,5,12,9,5,1,2,1,335
4,0,0,2,9.84,12.12,93,8.9981,2012,12,2,7,6,1,0,2,31
2,0,1,1,22.14,25.76,88,0.0,2012,5,2,4,2,0,2,2,4
3,0,1,1,27.06,31.06,74,12.998,2011,8,2,3,1,0,2,2,5
4,0,0,1,14.76,18.18,46,7.0015,2011,11,5,11,5,1,1,1,238
1,0,1,1,0.82,2.275,44,12.998,2012,1,4,7,2,0,0,1,152
2,0,0,3,22.14,25.76,94,11.0014,2011,5,14,22,5,1,2,2,26
3,0,1,2,28.7,32.575,54,12.998,2012,9,14,12,4,0,2,1,409
3,0,1,1,29.52,33.335,54,7.0015,2012,8,16,9,3,0,2,1,337
4,0,1,2,18.86,22.725,94,12.998,2012,12,10,21,0,0,1,2,245
1,0,1,1,5.74,6.06,59,19.0012,2011,1,13,0,3,0,0,1,7
4,0,1,2,16.4,20.455,87,0.0,2011,10,4,2,1,0,1,2,3
1,0,0,1,10.66,13.635,60,7.0015,2012,1,8,22,6,1,1,1,58
1,0,0,2,18.04,21.97,88,0.0,2012,3,17,2,5,1,1,2,42
3,0,1,1,29.52,33.335,58,0.0,2012,7,5,6,3,0,2,1,133
3,0,1,1,37.72,40.91,29,0.0,2012,7,6,17,4,0,3,0,576
2,0,1,1,20.5,24.24,51,26.0027,2011,5,4,14,2,0,2,1,107
4,0,0,1,13.94,17.425,66,6.0032,2011,11,13,8,6,1,1,1,79
2,0,1,2,30.34,34.09,58,11.0014,2011,6,9,22,3,0,3,1,153
2,0,0,2,14.76,17.425,81,8.9981,2012,4,1,9,6,1,1,2,275
1,0,1,1,12.3,13.635,42,31.0009,2012,1,18,10,2,0,1,1,93
2,0,1,2,19.68,23.485,88,8.9981,2011,5,11,4,2,0,1,2,2
3,0,1,1,29.52,32.575,45,11.0014,2011,7,15,15,4,0,2,1,237
3,0,1,2,30.34,34.85,66,23.9994,2012,8,10,12,4,0,3,1,315
2,0,1,1,17.22,21.21,77,16.9979,2011,5,6,8,4,0,1,2,450
2,0,0,2,19.68,23.485,82,16.9979,2011,5,1,17,6,1,1,2,196
3,0,1,1,32.8,36.365,46,8.9981,2011,7,12,22,1,0,3,1,194
3,0,0,3,28.7,33.335,79,11.0014,2012,7,14,17,5,1,2,2,458
2,0,1,1,18.86,22.725,88,8.9981,2011,5,12,7,3,0,1,2,297
4,0,1,1,17.22,21.21,50,8.9981,2012,10,11,2,3,0,1,1,11
1,0,1,1,19.68,23.485,72,12.998,2012,3,14,3,2,0,1,2,4
2,0,1,3,17.22,21.21,77,12.998,2012,4,18,15,2,0,1,2,98
3,0,1,1,27.06,30.305,83,6.0032,2011,7,8,18,4,0,2,2,316
1,0,0,1,5.74,10.605,80,0.0,2011,2,12,2,5,1,0,2,15
4,0,0,1,13.12,17.425,76,0.0,2012,11,10,8,5,1,1,2,146
2,0,1,1,19.68,23.485,67,19.0012,2011,6,15,5,2,0,1,1,21
4,0,1,3,22.14,25.76,100,8.9981,2011,10,13,7,3,0,2,2,81
4,0,1,1,18.04,21.97,77,7.0015,2012,10,1,6,0,0,1,2,155
3,0,1,1,31.16,34.09,48,12.998,2012,8,15,16,2,0,3,1,431
1,0,0,3,14.76,18.94,93,0.0,2012,3,3,1,5,1,1,2,44
2,0,1,1,20.5,24.24,68,6.0032,2011,5,9,23,0,0,2,1,61
2,0,1,1,23.78,27.275,46,8.9981,2012,4,19,19,3,0,2,1,586
1,0,1,1,4.92,6.06,50,19.0012,2011,1,10,0,0,0,0,1,5
2,0,0,1,34.44,35.605,20,19.9995,2012,6,9,15,5,1,3,0,555
3,0,1,1,29.52,34.85,79,8.9981,2011,7,13,18,2,0,2,2,463
2,0,1,2,24.6,28.79,78,11.0014,2012,6,19,8,1,0,2,2,673
2,0,1,2,32.8,36.365,46,19.0012,2011,6,7,12,1,0,3,1,183
4,0,1,1,22.96,26.515,60,0.0,2011,10,17,18,0,0,2,1,518
3,1,0,2,30.34,34.85,70,19.0012,2012,9,3,11,0,0,3,1,459
4,1,0,2,29.52,32.575,42,7.0015,2011,10,10,15,0,0,2,1,384
1,0,1,1,4.92,6.06,50,15.0013,2011,1,10,7,0,0,0,1,77
3,0,1,2,28.7,33.335,74,7.0015,2011,8,18,22,3,0,2,2,135
4,0,1,1,16.4,20.455,47,8.9981,2011,12,2,13,4,0,1,1,207
1,0,0,1,10.66,12.12,56,16.9979,2012,1,8,23,6,1,1,1,30
4,0,1,2,13.12,14.395,53,23.9994,2012,11,7,18,2,0,1,1,465
1,0,1,2,10.66,11.365,48,19.9995,2012,1,19,19,3,0,1,1,234
2,0,1,2,22.14,25.76,64,12.998,2011,4,19,14,1,0,2,1,107
4,0,1,2,13.12,16.665,57,6.0032,2011,12,12,16,0,0,1,1,214
4,0,1,1,20.5,24.24,63,19.9995,2011,12,15,21,3,0,2,1,155
1,0,1,1,19.68,23.485,82,19.0012,2012,3,13,9,1,0,1,2,342
4,0,1,2,10.66,12.12,56,19.0012,2012,12,13,3,3,0,1,1,2
1,0,1,1,14.76,18.18,46,0.0,2012,2,3,13,4,0,1,1,198
3,0,0,1,31.16,37.12,72,11.0014,2012,7,7,2,5,1,3,2,58
1,0,1,1,13.12,16.665,36,8.9981,2011,3,1,14,1,0,1,0,79
4,0,0,1,16.4,20.455,54,19.0012,2011,11,13,9,6,1,1,1,135
4,0,1,1,13.12,17.425,39,0.0,2012,12,6,15,3,0,1,0,270
1,0,0,1,16.4,20.455,35,19.0012,2011,2,13,19,6,1,1,0,61
3,0,1,3,26.24,28.79,89,0.0,2011,9,7,18,2,0,2,2,237
2,0,0,3,21.32,25.0,83,39.0007,2011,4,16,15,5,1,2,2,78
2,0,1,2,19.68,23.485,82,7.0015,2012,5,7,7,0,0,1,2,385
2,0,0,1,21.32,25.0,48,7.0015,2012,5,19,0,5,1,2,1,148
3,0,1,2,26.24,30.305,73,6.0032,2011,9,2,21,4,0,2,2,149
2,0,1,1,13.12,16.665,53,8.9981,2011,4,1,21,4,0,1,1,93
1,0,1,2,26.24,31.06,50,12.998,2012,3,15,19,3,0,2,1,425
2,0,1,3,22.14,25.76,52,23.9994,2011,5,6,18,4,0,2,1,470
4,0,1,2,13.12,15.15,70,15.0013,2011,12,15,4,3,0,1,1,6
3,0,0,1,30.34,34.09,55,19.0012,2011,9,10,14,5,1,3,1,359
3,0,1,1,30.34,33.335,51,12.998,2011,8,10,8,2,0,3,1,399
2,0,0,1,20.5,24.24,72,12.998,2011,4,10,14,6,1,2,2,281
2,0,1,2,25.42,29.545,73,11.0014,2012,6,18,22,0,0,2,2,164
2,0,1,2,24.6,30.305,64,12.998,2011,5,12,19,3,0,2,1,364
1,0,0,1,4.92,7.575,80,7.0015,2011,2,12,7,5,1,0,2,11
3,0,1,1,25.42,27.275,94,6.0032,2011,9,9,23,4,0,2,2,148
4,0,1,1,22.96,26.515,60,7.0015,2011,10,18,19,1,0,2,1,317
1,0,0,1,13.94,15.91,46,15.0013,2012,1,8,18,6,1,1,1,181
1,0,1,1,17.22,21.21,38,23.9994,2012,1,10,16,1,0,1,0,240
3,0,0,1,28.7,32.575,70,11.0014,2012,9,1,2,5,1,2,1,69
2,0,1,1,26.24,31.06,31,12.998,2012,5,17,19,3,0,2,0,537
4,0,0,2,18.04,21.97,54,12.998,2012,10,7,6,6,1,1,1,23
1,0,1,1,13.94,17.425,49,7.0015,2012,2,3,22,4,0,1,1,119
2,0,1,1,21.32,25.0,23,27.9993,2012,4,4,23,2,0,2,0,131
2,0,0,3,13.12,16.665,81,8.9981,2011,4,2,12,5,1,1,2,184
2,0,0,1,20.5,24.24,48,0.0,2012,5,12,1,5,1,2,1,93
4,0,0,3,14.76,18.18,100,6.0032,2012,12,9,20,6,1,1,2,108
1,0,1,2,8.2,10.605,86,8.9981,2012,1,11,9,2,0,0,2,225
4,0,0,2,13.94,18.18,76,0.0,2012,12,1,13,5,1,1,2,509
4,0,1,1,18.04,21.97,88,15.0013,2012,10,18,3,3,0,1,2,5
2,0,0,1,22.96,26.515,30,26.0027,2011,4,17,18,6,1,2,0,277
1,0,1,2,9.84,12.88,52,6.0032,2012,1,5,10,3,0,0,1,86
4,0,0,2,14.76,17.425,93,8.9981,2012,12,16,23,6,1,1,2,33
4,0,1,2,17.22,21.21,94,16.9979,2012,12,17,20,0,0,1,2,200
3,0,0,1,30.34,34.85,70,12.998,2011,9,4,19,6,1,3,1,328
3,0,0,3,27.06,30.305,83,0.0,2011,7,3,20,6,1,2,2,176
4,0,1,1,13.12,15.91,66,11.0014,2012,11,2,2,4,0,1,1,10
1,0,1,1,9.02,12.88,75,6.0032,2012,2,6,1,0,0,0,2,6
3,0,1,2,27.88,31.82,89,0.0,2011,8,4,4,3,0,2,2,7
4,0,1,2,10.66,11.365,56,19.9995,2012,11,7,7,2,0,1,1,319
1,0,1,1,18.86,22.725,88,8.9981,2012,3,19,6,0,0,1,2,120
1,0,1,3,18.04,21.97,0,39.0007,2011,3,10,19,3,0,1,0,56
4,0,1,1,13.12,17.425,87,0.0,2011,11,9,4,2,0,1,2,4
3,0,0,3,30.34,35.605,74,43.0006,2011,8,7,17,6,1,3,2,194
2,0,1,2,20.5,24.24,55,7.0015,2011,4,18,9,0,0,2,1,169
2,0,1,3,19.68,23.485,41,27.9993,2012,4,9,21,0,0,1,1,165
1,0,1,1,13.94,15.15,46,19.9995,2012,3,6,19,1,0,1,1,287
2,0,0,1,27.88,31.82,41,6.0032,2012,5,19,20,5,1,2,1,315
2,0,1,1,27.06,31.06,61,15.0013,2011,5,2,16,0,0,2,1,269
1,0,1,2,13.12,16.665,39,6.0032,2012,2,10,14,4,0,1,0,146
4,0,0,1,10.66,13.635,65,8.9981,2011,12,10,8,5,1,1,1,73
3,0,1,1,33.62,36.365,34,15.0013,2012,8,13,15,0,0,3,0,274
2,0,0,2,27.06,31.06,36,12.998,2012,5,12,17,5,1,2,0,576
3,0,1,1,30.34,34.09,62,11.0014,2011,7,7,21,3,0,3,1,209
1,0,1,1,9.84,11.365,65,15.0013,2011,3,1,23,1,0,0,1,25
2,0,1,1,25.42,28.79,83,8.9981,2012,6,13,2,2,0,2,2,4
2,0,0,2,15.58,19.695,87,8.9981,2011,4,10,3,6,1,1,2,16
2,0,0,1,27.88,31.82,44,23.9994,2012,4,15,22,6,1,2,1,134
2,0,1,1,18.86,22.725,88,7.0015,2012,6,7,4,3,0,1,2,6
1,0,1,3,9.84,12.88,87,7.0015,2012,2,8,19,2,0,0,2,161
4,0,0,1,7.38,8.335,55,16.9979,2011,12,11,2,6,1,0,1,52
1,0,1,2,6.56,6.82,47,19.0012,2011,1,10,11,0,0,0,1,30
4,0,1,1,14.76,18.18,76,6.0032,2011,11,2,23,2,0,1,2,57
2,0,1,1,14.76,16.665,46,22.0028,2012,4,11,20,2,0,1,1,235
3,0,0,1,27.06,29.545,89,22.0028,2012,9,8,2,5,1,2,2,77
2,0,1,1,22.96,26.515,21,19.9995,2012,4,10,15,1,0,2,0,203
1,0,0,3,9.02,11.365,93,8.9981,2011,2,5,4,5,1,0,2,8
2,0,1,1,26.24,30.305,23,19.0012,2012,5,11,18,4,0,2,0,596
1,0,1,2,10.66,12.12,87,16.9979,2011,3,9,9,2,0,1,2,141
3,0,1,1,27.06,31.06,74,12.998,2011,9,13,20,1,0,2,2,272
3,1,0,1,35.26,40.15,47,15.0013,2012,7,4,20,2,0,3,1,551
4,0,1,3,13.94,14.395,87,43.0006,2011,12,7,19,2,0,1,2,33
4,0,1,1,18.86,22.725,88,7.0015,2012,10,19,23,4,0,1,2,131
3,0,1,1,37.72,40.91,29,7.0015,2012,7,6,16,4,0,3,0,369
3,0,1,1,31.16,34.85,52,7.0015,2011,7,5,10,1,0,3,1,139
3,0,1,1,28.7,33.335,79,19.0012,2012,9,5,3,2,0,2,2,4
2,0,0,1,28.7,33.335,74,7.0015,2011,6,12,19,6,1,2,2,223
2,0,1,2,27.06,31.06,74,19.0012,2012,5,4,14,4,0,2,2,242
3,0,1,1,27.88,31.82,74,12.998,2011,8,1,23,0,0,2,2,96
3,0,1,1,29.52,35.605,84,7.0015,2012,7,17,0,1,0,2,2,53
1,0,1,3,16.4,20.455,58,19.9995,2012,3,2,16,4,0,1,1,50
3,0,1,1,31.98,34.85,43,12.998,2011,8,1,18,0,0,3,1,543
1,0,1,1,17.22,21.21,32,22.0028,2012,2,17,17,4,0,1,0,465
4,0,1,2,15.58,19.695,50,15.0013,2012,12,11,14,1,0,1,1,204
3,0,1,3,25.42,29.545,73,7.0015,2011,9,2,1,4,0,2,2,32
1,0,0,2,9.84,12.88,93,7.0015,2012,2,5,2,6,1,0,2,63
1,0,1,2,9.02,12.88,93,6.0032,2011,1,19,5,2,0,0,2,7
2,0,1,1,13.12,16.665,66,6.0032,2012,4,3,5,1,0,1,1,27
1,0,1,2,13.94,17.425,81,7.0015,2012,1,12,11,3,0,1,2,119
4,0,1,2,18.04,21.97,33,19.9995,2011,12,16,6,4,0,1,0,82
4,0,1,2,21.32,25.0,45,22.0028,2012,10,16,12,1,0,2,1,325
3,0,0,2,27.06,30.305,78,7.0015,2011,7,3,22,6,1,2,2,162
2,0,0,2,20.5,24.24,88,8.9981,2011,5,14,0,5,1,2,2,102
1,0,1,1,9.84,12.88,70,7.0015,2012,1,5,23,3,0,0,1,60
2,0,1,1,31.16,34.85,52,12.998,2011,6,17,14,4,0,3,1,215
2,0,1,1,26.24,30.305,73,6.0032,2012,6,19,10,1,0,2,2,180
1,0,1,1,7.38,10.605,55,7.0015,2011,1,3,23,0,0,0,1,12
2,0,0,1,24.6,28.79,78,15.0013,2011,5,15,11,6,1,2,2,322
4,0,0,1,12.3,14.395,49,19.0012,2011,12,17,0,5,1,1,1,62
2,0,1,1,22.96,26.515,88,0.0,2012,5,4,7,4,0,2,2,356
3,0,1,1,31.98,36.365,55,19.9995,2012,8,10,16,4,0,3,1,467
3,0,0,1,36.9,40.91,37,35.0008,2012,8,5,15,6,1,3,0,450
1,0,0,1,11.48,13.635,36,15.0013,2012,3,4,21,6,1,1,0,79
4,0,1,1,12.3,15.15,36,8.9981,2011,11,18,11,4,0,1,0,140
4,0,0,1,17.22,21.21,41,12.998,2011,11,19,15,5,1,1,1,382
3,0,1,1,20.5,24.24,77,6.0032,2012,9,17,3,0,0,2,2,7
1,0,1,1,22.14,25.76,19,27.9993,2011,3,2,15,2,0,2,0,110
3,0,1,2,31.16,36.365,66,12.998,2012,8,3,21,4,0,3,1,278
2,0,1,1,29.52,32.575,39,12.998,2012,6,15,15,4,0,2,0,377
2,0,0,1,26.24,30.305,19,22.0028,2012,4,8,16,6,1,2,0,476
2,0,1,1,27.88,31.82,57,11.0014,2012,6,14,13,3,0,2,1,284
1,0,1,2,15.58,19.695,29,26.0027,2012,3,9,13,4,0,1,0,224
2,0,1,2,28.7,31.82,45,26.0027,2012,6,13,13,2,0,2,1,255
1,0,1,1,12.3,14.395,49,12.998,2011,3,8,21,1,0,1,1,75
4,0,0,1,18.04,21.97,62,8.9981,2012,10,6,23,5,1,1,1,179
2,0,0,1,21.32,25.0,63,7.0015,2012,6,3,3,6,1,2,1,50
1,0,1,1,11.48,15.91,48,0.0,2011,3,7,23,0,0,1,1,22
4,0,0,2,12.3,14.395,81,12.998,2012,11,18,4,6,1,1,2,12
4,0,1,1,25.42,28.79,83,12.998,2011,10,13,22,3,0,2,2,114
1,0,0,3,6.56,9.09,93,7.0015,2011,1,8,9,5,1,0,2,20
1,0,0,1,8.2,9.85,44,16.9979,2012,1,14,20,5,1,0,1,103
2,0,1,1,18.86,22.725,31,12.998,2012,4,9,2,0,0,1,0,6
4,0,1,1,19.68,23.485,48,0.0,2012,10,16,19,1,0,1,1,531
2,0,1,2,24.6,29.545,73,12.998,2012,6,18,17,0,0,2,2,723
3,0,1,1,26.24,29.545,78,7.0015,2011,9,13,23,1,0,2,2,74
1,0,1,1,10.66,13.635,52,8.9981,2011,3,9,2,2,0,1,1,2
3,0,1,1,36.9,42.425,42,19.9995,2011,7,19,16,1,0,3,1,277
2,0,0,1,20.5,24.24,48,0.0,2012,5,19,1,5,1,2,1,104
3,0,0,1,18.04,21.97,82,12.998,2011,9,18,3,6,1,1,2,36
2,0,1,1,22.14,25.76,42,8.9981,2011,4,14,12,3,0,2,1,145
4,0,0,1,10.66,12.88,65,12.998,2012,11,17,2,5,1,1,1,49
3,0,1,2,27.88,31.82,89,6.0032,2011,8,3,23,2,0,2,2,56
3,0,1,1,31.98,34.85,40,19.0012,2012,7,9,16,0,0,3,0,413
1,0,1,1,13.12,16.665,66,6.0032,2011,2,17,5,3,0,1,1,12
4,0,1,3,22.14,25.76,77,8.9981,2012,10,15,18,0,0,2,2,592
2,0,1,2,17.22,21.21,77,15.0013,2012,4,18,16,2,0,1,2,235
1,0,1,1,14.76,17.425,50,12.998,2012,1,6,22,4,0,1,1,135
1,0,0,3,10.66,12.88,65,11.0014,2012,2,19,21,6,1,1,1,36
4,0,1,1,21.32,25.0,48,32.9975,2012,10,10,20,2,0,2,1,392
2,1,0,1,22.14,25.76,77,15.0013,2012,4,16,4,0,0,2,2,6
2,0,0,2,28.7,32.575,61,7.0015,2011,6,19,10,6,1,2,1,244
2,0,1,1,24.6,30.305,64,22.0028,2012,5,17,4,3,0,2,1,16
4,0,0,2,15.58,19.695,66,0.0,2012,12,1,16,5,1,1,1,443
3,0,1,1,30.34,34.85,70,16.9979,2012,7,18,17,2,0,3,1,370
4,0,0,2,13.94,16.665,81,11.0014,2012,12,2,12,6,1,1,2,520
4,0,0,2,9.84,14.395,81,0.0,2012,12,15,3,5,1,0,2,23
3,0,1,2,28.7,32.575,65,19.0012,2012,8,15,8,2,0,2,1,682
4,0,1,1,17.22,21.21,88,12.998,2012,12,18,3,1,0,1,2,5
1,1,0,1,9.02,10.605,44,16.9979,2012,1,2,23,0,0,0,1,34
3,0,1,1,30.34,12.12,55,11.0014,2012,8,17,10,4,0,3,1,231
3,0,1,1,18.04,21.97,67,19.0012,2011,9,15,22,3,0,1,1,115
3,0,1,1,27.06,31.06,61,15.0013,2011,9,1,20,3,0,2,1,280
2,0,1,2,25.42,31.06,50,6.0032,2011,4,12,1,1,0,2,1,13
1,0,0,1,16.4,20.455,37,19.9995,2011,3,19,21,5,1,1,0,93
2,0,1,1,28.7,31.82,34,19.0012,2012,6,7,19,3,0,2,0,602
2,0,0,1,24.6,31.06,46,7.0015,2011,5,8,16,6,1,2,1,385
4,0,1,2,15.58,19.695,94,0.0,2011,11,10,2,3,0,1,2,5
3,0,0,1,29.52,33.335,51,15.0013,2011,7,16,20,5,1,2,1,296
3,0,1,1,33.62,37.12,43,7.0015,2011,7,5,13,1,0,3,1,203
1,0,0,1,8.2,8.335,34,30.0026,2011,1,9,16,6,1,0,0,92
4,0,0,1,18.04,21.97,54,0.0,2012,11,10,20,5,1,1,1,192
3,0,1,1,29.52,32.575,37,8.9981,2012,9,12,15,2,0,2,0,318
3,0,1,1,28.7,33.335,79,6.0032,2011,7,6,2,2,0,2,2,5
2,0,0,3,22.14,25.76,94,8.9981,2011,5,14,20,5,1,2,2,157
2,0,1,2,27.06,29.545,89,19.0012,2012,6,12,17,1,0,2,2,681
2,0,1,1,22.14,25.76,94,8.9981,2011,6,17,4,4,0,2,2,6
3,0,1,1,23.78,27.275,68,8.9981,2012,9,17,9,0,0,2,1,299
3,0,1,2,27.06,31.06,69,15.0013,2012,8,9,22,3,0,2,1,259
1,0,1,1,22.96,26.515,43,32.9975,2012,3,7,17,2,0,2,1,612
3,0,0,2,29.52,34.85,74,16.9979,2011,8,13,17,5,1,2,2,269
4,0,0,1,14.76,18.18,50,6.0032,2011,11,5,18,5,1,1,1,237
1,0,1,2,13.12,16.665,93,8.9981,2011,3,16,9,2,0,1,2,154
1,0,1,1,25.42,31.06,38,43.9989,2012,3,8,17,3,0,2,0,597
4,0,1,3,18.04,21.97,100,12.998,2011,12,7,14,2,0,1,2,25
4,0,0,1,10.66,12.88,60,15.0013,2011,12,18,12,6,1,1,1,228
2,0,0,1,27.06,30.305,78,15.0013,2011,6,11,22,5,1,2,2,190
2,0,1,1,13.12,15.15,66,22.0028,2012,4,12,8,3,0,1,1,624
4,0,0,2,13.94,17.425,87,6.0032,2012,12,16,7,6,1,1,2,27
1,0,1,1,15.58,19.695,40,15.0013,2011,2,16,23,2,0,1,0,33
2,0,1,1,24.6,31.06,46,19.0012,2011,4,18,16,0,0,2,1,205
3,0,0,2,28.7,32.575,51,7.0015,2012,7,14,1,5,1,2,1,118
1,0,1,1,15.58,19.695,46,7.0015,2012,1,10,19,1,0,1,1,281
4,0,1,3,21.32,25.0,88,32.9975,2011,10,19,9,2,0,2,2,202
1,0,1,1,8.2,8.335,40,27.9993,2011,2,3,13,3,0,0,0,51
1,0,1,1,13.12,15.91,57,12.998,2012,3,2,3,4,0,1,1,3
1,0,1,3,12.3,14.395,81,19.0012,2012,1,17,8,1,0,1,2,93
4,0,1,1,13.94,15.91,46,16.9979,2011,12,13,11,1,0,1,1,124
1,1,0,1,9.84,11.365,41,15.0013,2012,1,2,20,0,0,0,1,88
1,0,1,1,12.3,15.91,61,6.0032,2011,3,1,20,1,0,1,1,88
2,0,0,1,22.96,26.515,73,12.998,2012,5,6,21,6,1,2,2,203
